{
  "blobs": {
    "best_method": "kmeans",
    "ari": 0.9949958125176231,
    "purity": 0.9983333333333332,
    "accuracy": 0.9983333333333332
  },
  "bridge_failure": {
    "best_method": "kmeans",
    "ari": 0.532174165600094,
    "purity": 0.865,
    "accuracy": 0.865
  },
  "circles": {
    "best_method": "spectral",
    "ari": 1.0,
    "purity": 1.0,
    "accuracy": 1.0
  },
  "digits_01": {
    "best_method": "kmeans",
    "ari": 0.9778395211173349,
    "purity": 0.9944444444444444,
    "accuracy": 0.9944444444444444
  },
  "digits_0136": {
    "best_method": "kmeans",
    "ari": 0.8376612196515375,
    "purity": 0.9350828729281768,
    "accuracy": 0.9350828729281768
  },
  "digits_17": {
    "best_method": "kmeans",
    "ari": 1.0,
    "purity": 1.0,
    "accuracy": 1.0
  },
  "digits_all": {
    "best_method": "kmeans",
    "ari": 0.4679268850431874,
    "purity": 0.6232609905397886,
    "accuracy": 0.5893155258764607
  },
  "high_dim_blobs": {
    "best_method": "spectral",
    "ari": 1.0,
    "purity": 1.0,
    "accuracy": 1.0
  },
  "high_dim_moons": {
    "best_method": "spectral",
    "ari": 0.3958914827965165,
    "purity": 0.815,
    "accuracy": 0.815
  },
  "iris": {
    "best_method": "kmeans",
    "ari": 0.6201351808870379,
    "purity": 0.8333333333333334,
    "accuracy": 0.8333333333333334
  },
  "karate_graph": {
    "best_method": "spectral",
    "ari": 0.8822575413558222,
    "purity": 0.9705882352941176,
    "accuracy": 0.9705882352941176
  },
  "overlapping_blobs_failure": {
    "best_method": "kmeans",
    "ari": 0.2537533996147862,
    "purity": 0.6066666666666667,
    "accuracy": 0.57
  },
  "sbm_graph": {
    "best_method": "spectral",
    "ari": 1.0,
    "purity": 1.0,
    "accuracy": 1.0
  },
  "two_moons": {
    "best_method": "spectral",
    "ari": 1.0,
    "purity": 1.0,
    "accuracy": 1.0
  }
}