{
  "blobs": {
    "best_method": "kmeans",
    "ari": 0.9949958125176231,
    "purity": 0.9983333333333332,
    "accuracy": 0.9983333333333332
  },
  "bridge_failure": {
    "best_method": "spectral",
    "ari": 0.5518463605662874,
    "purity": 0.8716666666666667,
    "accuracy": 0.8716666666666667
  },
  "circles": {
    "best_method": "spectral",
    "ari": 1.0,
    "purity": 1.0,
    "accuracy": 1.0
  },
  "digits_01": {
    "best_method": "spectral",
    "ari": 0.9778395211173349,
    "purity": 0.9944444444444444,
    "accuracy": 0.9944444444444444
  },
  "digits_0136": {
    "best_method": "kmeans",
    "ari": 0.8376612196515375,
    "purity": 0.9350828729281768,
    "accuracy": 0.9350828729281768
  },
  "digits_17": {
    "best_method": "kmeans",
    "ari": 1.0,
    "purity": 1.0,
    "accuracy": 1.0
  },
  "digits_all": {
    "best_method": "spectral",
    "ari": 0.6800511633486981,
    "purity": 0.7846410684474123,
    "accuracy": 0.7696160267111853
  },
  "high_dim_blobs": {
    "best_method": "spectral",
    "ari": 1.0,
    "purity": 1.0,
    "accuracy": 1.0
  },
  "high_dim_moons": {
    "best_method": "spectral",
    "ari": 0.4043501367679072,
    "purity": 0.8183333333333334,
    "accuracy": 0.8183333333333334
  },
  "iris": {
    "best_method": "spectral",
    "ari": 0.7073626391173137,
    "purity": 0.88,
    "accuracy": 0.88
  },
  "karate_graph": {
    "best_method": "spectral",
    "ari": 0.8822575413558222,
    "purity": 0.9705882352941176,
    "accuracy": 0.9705882352941176
  },
  "overlapping_blobs_failure": {
    "best_method": "spectral",
    "ari": 0.3046314700744287,
    "purity": 0.65,
    "accuracy": 0.65
  },
  "sbm_graph": {
    "best_method": "spectral",
    "ari": 1.0,
    "purity": 1.0,
    "accuracy": 1.0
  },
  "two_moons": {
    "best_method": "spectral",
    "ari": 1.0,
    "purity": 1.0,
    "accuracy": 1.0
  }
}