dataset,family,expectation,method,accuracy,ari,nmi,purity,graph_seconds,eigensolver_seconds,kmeans_seconds,total_seconds
digits_01,digits,Digits form semantically meaningful but imperfect clusters; spectral should help more on harder subset geometry.,spectral,0.9944444444444445,0.9778395211173349,0.9503820053288754,0.9944444444444445,0.0029356569999663407,0.02068751799998836,0.008063779999986309,0.03168695499994101
digits_01,digits,Digits form semantically meaningful but imperfect clusters; spectral should help more on harder subset geometry.,kmeans,0.9944444444444445,0.9778395211173349,0.9503820053288754,0.9944444444444445,,,0.01526505599997563,
digits_17,digits,Digits form semantically meaningful but imperfect clusters; spectral should help more on harder subset geometry.,spectral,0.5706371191135734,0.019155331619377675,0.11303348885649928,0.5706371191135734,0.0019699480000099356,0.019001238999976522,0.0077761679999639455,0.028747354999950403
digits_17,digits,Digits form semantically meaningful but imperfect clusters; spectral should help more on harder subset geometry.,kmeans,1.0,1.0,1.0,1.0,,,0.020716219999997065,
digits_0136,digits,Digits form semantically meaningful but imperfect clusters; spectral should help more on harder subset geometry.,spectral,0.7803867403314917,0.6957904612644636,0.8134507904357998,0.7803867403314917,0.0040779880000059165,0.020730687000025227,0.011757429999988744,0.03656610500001989
digits_0136,digits,Digits form semantically meaningful but imperfect clusters; spectral should help more on harder subset geometry.,kmeans,0.9350828729281768,0.8376612196515375,0.8223932492511193,0.9350828729281768,,,0.03479971199999454,
digits_all,digits,Digits form semantically meaningful but imperfect clusters; spectral should help more on harder subset geometry.,spectral,0.7696160267111853,0.6800511633486981,0.832023720173138,0.7846410684474123,0.016730644000006123,0.2367532750000123,0.03795406900002263,0.29143798800004106
digits_all,digits,Digits form semantically meaningful but imperfect clusters; spectral should help more on harder subset geometry.,kmeans,0.5893155258764607,0.4679268850431874,0.6263600587940679,0.6232609905397886,,,0.12714751900000465,
