dataset,method,accuracy,ari,nmi,purity
digits_0136_pca2,spectral,0.9375,0.8396542952448951,0.824992292056342,0.9375
digits_0136_pca2,kmeans,0.9333333333333333,0.8308820191210337,0.8207581526380495,0.9333333333333333
