dataset,method,accuracy,ari,nmi,purity
iris,spectral,0.88,0.7073626391173137,0.7771535104605841,0.88
iris,kmeans,0.8333333333333334,0.6201351808870379,0.659486892724918,0.8333333333333334
