dataset,method,accuracy,ari,nmi,purity
karate,spectral,0.9705882352941176,0.8822575413558222,0.8371694628777809,0.9705882352941176
