sigma,spectral_ari,kmeans_ari
0.0,1.0,0.2525184244081995
0.1,0.9919999681285151,0.26893493975903615
0.2,0.6521757010200931,0.244502364271877
0.3,0.39317821714773105,0.24054616378147217
0.4,0.31222248224869525,0.22502854196234726
