n,method,graph_seconds,eigensolver_seconds,post_kmeans_seconds,total_seconds,affinity_bytes,embedding_bytes,ari
150,spectral,0.0019251479999979892,0.0038222580000137896,0.006620037000004686,0.012367443000016465,24220,2400,1.0
150,kmeans,0.0,0.0,0.009164570999985244,0.009164570999985244,0,0,0.23826912543363155
300,spectral,0.0026589080000007925,0.020549153999979808,0.007069005999994715,0.030277067999975316,50860,4800,1.0
300,kmeans,0.0,0.0,0.01169685100001061,0.01169685100001061,0,0,0.23428454756734854
600,spectral,0.0028256900000087626,0.11182591699997602,0.00718319300000303,0.12183479999998781,105436,9600,1.0
600,kmeans,0.0,0.0,0.012190201000009893,0.012190201000009893,0,0,0.25209598162646163
900,spectral,0.004686989999981961,0.20844751200002065,0.007183316000009654,0.22031781800001227,160900,14400,1.0
900,kmeans,0.0,0.0,0.012184408999985408,0.012184408999985408,0,0,0.27423481606613664
