dataset,family,graph,alpha,base_distance,sigma,gamma,eigen_index,eigenvalue_lsym,k_true,true_k_gap,predicted_k_largest_gap,graph_seconds,accuracy,ari,nmi,purity,error
variable_density,synthetic,dense_rbf,0.1,2.5571704210202393,0.25571704210202395,7.646288139949908,1,9.495488179075021e-17,3,0.05052793306816965,8.0,0.0033365409999959184,0.97,0.9143783788618063,0.8852739985837133,0.97,
variable_density,synthetic,dense_rbf,0.1,2.5571704210202393,0.25571704210202395,7.646288139949908,2,1.41506130229326e-05,3,0.05052793306816965,8.0,0.0033365409999959184,0.97,0.9143783788618063,0.8852739985837133,0.97,
variable_density,synthetic,dense_rbf,0.1,2.5571704210202393,0.25571704210202395,7.646288139949908,3,0.003156680020525075,3,0.05052793306816965,8.0,0.0033365409999959184,0.97,0.9143783788618063,0.8852739985837133,0.97,
variable_density,synthetic,dense_rbf,0.1,2.5571704210202393,0.25571704210202395,7.646288139949908,4,0.053684613088694724,3,0.05052793306816965,8.0,0.0033365409999959184,0.97,0.9143783788618063,0.8852739985837133,0.97,
variable_density,synthetic,dense_rbf,0.1,2.5571704210202393,0.25571704210202395,7.646288139949908,5,0.07644032168710714,3,0.05052793306816965,8.0,0.0033365409999959184,0.97,0.9143783788618063,0.8852739985837133,0.97,
variable_density,synthetic,dense_rbf,0.1,2.5571704210202393,0.25571704210202395,7.646288139949908,6,0.10934098147577627,3,0.05052793306816965,8.0,0.0033365409999959184,0.97,0.9143783788618063,0.8852739985837133,0.97,
variable_density,synthetic,dense_rbf,0.1,2.5571704210202393,0.25571704210202395,7.646288139949908,7,0.1422531411780359,3,0.05052793306816965,8.0,0.0033365409999959184,0.97,0.9143783788618063,0.8852739985837133,0.97,
variable_density,synthetic,dense_rbf,0.1,2.5571704210202393,0.25571704210202395,7.646288139949908,8,0.1565875520068811,3,0.05052793306816965,8.0,0.0033365409999959184,0.97,0.9143783788618063,0.8852739985837133,0.97,
variable_density,synthetic,dense_rbf,0.1,2.5571704210202393,0.25571704210202395,7.646288139949908,9,0.2096475826701052,3,0.05052793306816965,8.0,0.0033365409999959184,0.97,0.9143783788618063,0.8852739985837133,0.97,
variable_density,synthetic,dense_rbf,0.1,2.5571704210202393,0.25571704210202395,7.646288139949908,10,0.22385468705996955,3,0.05052793306816965,8.0,0.0033365409999959184,0.97,0.9143783788618063,0.8852739985837133,0.97,
variable_density,synthetic,dense_rbf,0.1,2.5571704210202393,0.25571704210202395,7.646288139949908,11,0.22881897633226292,3,0.05052793306816965,8.0,0.0033365409999959184,0.97,0.9143783788618063,0.8852739985837133,0.97,
variable_density,synthetic,dense_rbf,0.1,2.5571704210202393,0.25571704210202395,7.646288139949908,12,0.232211856292417,3,0.05052793306816965,8.0,0.0033365409999959184,0.97,0.9143783788618063,0.8852739985837133,0.97,
variable_density,synthetic,dense_rbf,0.2,2.5571704210202393,0.5114340842040479,1.911572034987477,1,-8.959652714890995e-16,3,0.1950408603508696,3.0,0.00417120800000248,0.96,0.8875872174048157,0.8595605187691776,0.96,
variable_density,synthetic,dense_rbf,0.2,2.5571704210202393,0.5114340842040479,1.911572034987477,2,0.001719483774362201,3,0.1950408603508696,3.0,0.00417120800000248,0.96,0.8875872174048157,0.8595605187691776,0.96,
variable_density,synthetic,dense_rbf,0.2,2.5571704210202393,0.5114340842040479,1.911572034987477,3,0.028064413017161408,3,0.1950408603508696,3.0,0.00417120800000248,0.96,0.8875872174048157,0.8595605187691776,0.96,
variable_density,synthetic,dense_rbf,0.2,2.5571704210202393,0.5114340842040479,1.911572034987477,4,0.223105273368031,3,0.1950408603508696,3.0,0.00417120800000248,0.96,0.8875872174048157,0.8595605187691776,0.96,
variable_density,synthetic,dense_rbf,0.2,2.5571704210202393,0.5114340842040479,1.911572034987477,5,0.290530263489003,3,0.1950408603508696,3.0,0.00417120800000248,0.96,0.8875872174048157,0.8595605187691776,0.96,
variable_density,synthetic,dense_rbf,0.2,2.5571704210202393,0.5114340842040479,1.911572034987477,6,0.41171974697612423,3,0.1950408603508696,3.0,0.00417120800000248,0.96,0.8875872174048157,0.8595605187691776,0.96,
variable_density,synthetic,dense_rbf,0.2,2.5571704210202393,0.5114340842040479,1.911572034987477,7,0.4968772711330314,3,0.1950408603508696,3.0,0.00417120800000248,0.96,0.8875872174048157,0.8595605187691776,0.96,
variable_density,synthetic,dense_rbf,0.2,2.5571704210202393,0.5114340842040479,1.911572034987477,8,0.5193014531565235,3,0.1950408603508696,3.0,0.00417120800000248,0.96,0.8875872174048157,0.8595605187691776,0.96,
variable_density,synthetic,dense_rbf,0.2,2.5571704210202393,0.5114340842040479,1.911572034987477,9,0.6064361272508418,3,0.1950408603508696,3.0,0.00417120800000248,0.96,0.8875872174048157,0.8595605187691776,0.96,
variable_density,synthetic,dense_rbf,0.2,2.5571704210202393,0.5114340842040479,1.911572034987477,10,0.6580104439623566,3,0.1950408603508696,3.0,0.00417120800000248,0.96,0.8875872174048157,0.8595605187691776,0.96,
variable_density,synthetic,dense_rbf,0.2,2.5571704210202393,0.5114340842040479,1.911572034987477,11,0.6902020192518931,3,0.1950408603508696,3.0,0.00417120800000248,0.96,0.8875872174048157,0.8595605187691776,0.96,
variable_density,synthetic,dense_rbf,0.2,2.5571704210202393,0.5114340842040479,1.911572034987477,12,0.7057529766154695,3,0.1950408603508696,3.0,0.00417120800000248,0.96,0.8875872174048157,0.8595605187691776,0.96,
variable_density,synthetic,dense_rbf,0.35,2.5571704210202393,0.8950096473570837,0.6241867869346867,1,8.704454979645784e-17,3,0.35688992086325727,3.0,0.005720083999989356,0.944,0.8491419604219774,0.828753033987195,0.944,
variable_density,synthetic,dense_rbf,0.35,2.5571704210202393,0.8950096473570837,0.6241867869346867,2,0.04362583042195952,3,0.35688992086325727,3.0,0.005720083999989356,0.944,0.8491419604219774,0.828753033987195,0.944,
variable_density,synthetic,dense_rbf,0.35,2.5571704210202393,0.8950096473570837,0.6241867869346867,3,0.16687002926738942,3,0.35688992086325727,3.0,0.005720083999989356,0.944,0.8491419604219774,0.828753033987195,0.944,
variable_density,synthetic,dense_rbf,0.35,2.5571704210202393,0.8950096473570837,0.6241867869346867,4,0.5237599501306467,3,0.35688992086325727,3.0,0.005720083999989356,0.944,0.8491419604219774,0.828753033987195,0.944,
variable_density,synthetic,dense_rbf,0.35,2.5571704210202393,0.8950096473570837,0.6241867869346867,5,0.5985456142351111,3,0.35688992086325727,3.0,0.005720083999989356,0.944,0.8491419604219774,0.828753033987195,0.944,
variable_density,synthetic,dense_rbf,0.35,2.5571704210202393,0.8950096473570837,0.6241867869346867,6,0.7687877207718103,3,0.35688992086325727,3.0,0.005720083999989356,0.944,0.8491419604219774,0.828753033987195,0.944,
variable_density,synthetic,dense_rbf,0.35,2.5571704210202393,0.8950096473570837,0.6241867869346867,7,0.8228173885048009,3,0.35688992086325727,3.0,0.005720083999989356,0.944,0.8491419604219774,0.828753033987195,0.944,
variable_density,synthetic,dense_rbf,0.35,2.5571704210202393,0.8950096473570837,0.6241867869346867,8,0.8374142252718781,3,0.35688992086325727,3.0,0.005720083999989356,0.944,0.8491419604219774,0.828753033987195,0.944,
variable_density,synthetic,dense_rbf,0.35,2.5571704210202393,0.8950096473570837,0.6241867869346867,9,0.8958314490884921,3,0.35688992086325727,3.0,0.005720083999989356,0.944,0.8491419604219774,0.828753033987195,0.944,
variable_density,synthetic,dense_rbf,0.35,2.5571704210202393,0.8950096473570837,0.6241867869346867,10,0.9235565222037126,3,0.35688992086325727,3.0,0.005720083999989356,0.944,0.8491419604219774,0.828753033987195,0.944,
variable_density,synthetic,dense_rbf,0.35,2.5571704210202393,0.8950096473570837,0.6241867869346867,11,0.9324951099120995,3,0.35688992086325727,3.0,0.005720083999989356,0.944,0.8491419604219774,0.828753033987195,0.944,
variable_density,synthetic,dense_rbf,0.35,2.5571704210202393,0.8950096473570837,0.6241867869346867,12,0.9345441444656204,3,0.35688992086325727,3.0,0.005720083999989356,0.944,0.8491419604219774,0.828753033987195,0.944,
variable_density,synthetic,dense_rbf,0.5,2.5571704210202393,1.2785852105101196,0.3058515255979964,1,2.6012343566728186e-16,3,0.330314400374091,3.0,0.005765917000005061,0.922,0.7974351703898968,0.7907418044138977,0.922,
variable_density,synthetic,dense_rbf,0.5,2.5571704210202393,1.2785852105101196,0.3058515255979964,2,0.18690480102524093,3,0.330314400374091,3.0,0.005765917000005061,0.922,0.7974351703898968,0.7907418044138977,0.922,
variable_density,synthetic,dense_rbf,0.5,2.5571704210202393,1.2785852105101196,0.3058515255979964,3,0.4060742748513396,3,0.330314400374091,3.0,0.005765917000005061,0.922,0.7974351703898968,0.7907418044138977,0.922,
variable_density,synthetic,dense_rbf,0.5,2.5571704210202393,1.2785852105101196,0.3058515255979964,4,0.7363886752254306,3,0.330314400374091,3.0,0.005765917000005061,0.922,0.7974351703898968,0.7907418044138977,0.922,
variable_density,synthetic,dense_rbf,0.5,2.5571704210202393,1.2785852105101196,0.3058515255979964,5,0.7975613305443339,3,0.330314400374091,3.0,0.005765917000005061,0.922,0.7974351703898968,0.7907418044138977,0.922,
variable_density,synthetic,dense_rbf,0.5,2.5571704210202393,1.2785852105101196,0.3058515255979964,6,0.9130664398361612,3,0.330314400374091,3.0,0.005765917000005061,0.922,0.7974351703898968,0.7907418044138977,0.922,
variable_density,synthetic,dense_rbf,0.5,2.5571704210202393,1.2785852105101196,0.3058515255979964,7,0.9429569043328163,3,0.330314400374091,3.0,0.005765917000005061,0.922,0.7974351703898968,0.7907418044138977,0.922,
variable_density,synthetic,dense_rbf,0.5,2.5571704210202393,1.2785852105101196,0.3058515255979964,8,0.9484556924687083,3,0.330314400374091,3.0,0.005765917000005061,0.922,0.7974351703898968,0.7907418044138977,0.922,
variable_density,synthetic,dense_rbf,0.5,2.5571704210202393,1.2785852105101196,0.3058515255979964,9,0.9674972139756042,3,0.330314400374091,3.0,0.005765917000005061,0.922,0.7974351703898968,0.7907418044138977,0.922,
variable_density,synthetic,dense_rbf,0.5,2.5571704210202393,1.2785852105101196,0.3058515255979964,10,0.9802254837329234,3,0.330314400374091,3.0,0.005765917000005061,0.922,0.7974351703898968,0.7907418044138977,0.922,
variable_density,synthetic,dense_rbf,0.5,2.5571704210202393,1.2785852105101196,0.3058515255979964,11,0.983697850558539,3,0.330314400374091,3.0,0.005765917000005061,0.922,0.7974351703898968,0.7907418044138977,0.922,
variable_density,synthetic,dense_rbf,0.5,2.5571704210202393,1.2785852105101196,0.3058515255979964,12,0.990808254610648,3,0.330314400374091,3.0,0.005765917000005061,0.922,0.7974351703898968,0.7907418044138977,0.922,
variable_density,synthetic,dense_rbf,0.7,2.5571704210202393,1.7900192947141673,0.15604669673367166,1,1.1061961997941893e-15,3,0.2241816935816996,1.0,0.005666709000010428,0.912,0.7761313951475374,0.7773901376349587,0.912,
variable_density,synthetic,dense_rbf,0.7,2.5571704210202393,1.7900192947141673,0.15604669673367166,2,0.42038704347491473,3,0.2241816935816996,1.0,0.005666709000010428,0.912,0.7761313951475374,0.7773901376349587,0.912,
variable_density,synthetic,dense_rbf,0.7,2.5571704210202393,1.7900192947141673,0.15604669673367166,3,0.6576522551732527,3,0.2241816935816996,1.0,0.005666709000010428,0.912,0.7761313951475374,0.7773901376349587,0.912,
variable_density,synthetic,dense_rbf,0.7,2.5571704210202393,1.7900192947141673,0.15604669673367166,4,0.8818339487549522,3,0.2241816935816996,1.0,0.005666709000010428,0.912,0.7761313951475374,0.7773901376349587,0.912,
variable_density,synthetic,dense_rbf,0.7,2.5571704210202393,1.7900192947141673,0.15604669673367166,5,0.9238104580180689,3,0.2241816935816996,1.0,0.005666709000010428,0.912,0.7761313951475374,0.7773901376349587,0.912,
variable_density,synthetic,dense_rbf,0.7,2.5571704210202393,1.7900192947141673,0.15604669673367166,6,0.9726572553351893,3,0.2241816935816996,1.0,0.005666709000010428,0.912,0.7761313951475374,0.7773901376349587,0.912,
variable_density,synthetic,dense_rbf,0.7,2.5571704210202393,1.7900192947141673,0.15604669673367166,7,0.987512207783186,3,0.2241816935816996,1.0,0.005666709000010428,0.912,0.7761313951475374,0.7773901376349587,0.912,
variable_density,synthetic,dense_rbf,0.7,2.5571704210202393,1.7900192947141673,0.15604669673367166,8,0.9921380745401178,3,0.2241816935816996,1.0,0.005666709000010428,0.912,0.7761313951475374,0.7773901376349587,0.912,
variable_density,synthetic,dense_rbf,0.7,2.5571704210202393,1.7900192947141673,0.15604669673367166,9,0.9929226073551392,3,0.2241816935816996,1.0,0.005666709000010428,0.912,0.7761313951475374,0.7773901376349587,0.912,
variable_density,synthetic,dense_rbf,0.7,2.5571704210202393,1.7900192947141673,0.15604669673367166,10,0.9993577163172381,3,0.2241816935816996,1.0,0.005666709000010428,0.912,0.7761313951475374,0.7773901376349587,0.912,
variable_density,synthetic,dense_rbf,0.7,2.5571704210202393,1.7900192947141673,0.15604669673367166,11,1.0009057670214252,3,0.2241816935816996,1.0,0.005666709000010428,0.912,0.7761313951475374,0.7773901376349587,0.912,
variable_density,synthetic,dense_rbf,0.7,2.5571704210202393,1.7900192947141673,0.15604669673367166,12,1.0026453287029595,3,0.2241816935816996,1.0,0.005666709000010428,0.912,0.7761313951475374,0.7773901376349587,0.912,
variable_density,synthetic,dense_rbf,0.7071067811865475,2.5571704210202393,1.8081925453530698,0.15292576279899822,1,-4.9337124085126664e-18,3,0.2210342930959064,1.0,0.00621870800000579,0.912,0.7761313951475374,0.7773901376349587,0.912,
variable_density,synthetic,dense_rbf,0.7071067811865475,2.5571704210202393,1.8081925453530698,0.15292576279899822,2,0.4278577538196078,3,0.2210342930959064,1.0,0.00621870800000579,0.912,0.7761313951475374,0.7773901376349587,0.912,
variable_density,synthetic,dense_rbf,0.7071067811865475,2.5571704210202393,1.8081925453530698,0.15292576279899822,3,0.664087594103652,3,0.2210342930959064,1.0,0.00621870800000579,0.912,0.7761313951475374,0.7773901376349587,0.912,
variable_density,synthetic,dense_rbf,0.7071067811865475,2.5571704210202393,1.8081925453530698,0.15292576279899822,4,0.8851218871995584,3,0.2210342930959064,1.0,0.00621870800000579,0.912,0.7761313951475374,0.7773901376349587,0.912,
variable_density,synthetic,dense_rbf,0.7071067811865475,2.5571704210202393,1.8081925453530698,0.15292576279899822,5,0.9263770221004488,3,0.2210342930959064,1.0,0.00621870800000579,0.912,0.7761313951475374,0.7773901376349587,0.912,
variable_density,synthetic,dense_rbf,0.7071067811865475,2.5571704210202393,1.8081925453530698,0.15292576279899822,6,0.973686989581651,3,0.2210342930959064,1.0,0.00621870800000579,0.912,0.7761313951475374,0.7773901376349587,0.912,
variable_density,synthetic,dense_rbf,0.7071067811865475,2.5571704210202393,1.8081925453530698,0.15292576279899822,7,0.9882195945974138,3,0.2210342930959064,1.0,0.00621870800000579,0.912,0.7761313951475374,0.7773901376349587,0.912,
variable_density,synthetic,dense_rbf,0.7071067811865475,2.5571704210202393,1.8081925453530698,0.15292576279899822,8,0.992734165898312,3,0.2210342930959064,1.0,0.00621870800000579,0.912,0.7761313951475374,0.7773901376349587,0.912,
variable_density,synthetic,dense_rbf,0.7071067811865475,2.5571704210202393,1.8081925453530698,0.15292576279899822,9,0.9933719624339099,3,0.2210342930959064,1.0,0.00621870800000579,0.912,0.7761313951475374,0.7773901376349587,0.912,
variable_density,synthetic,dense_rbf,0.7071067811865475,2.5571704210202393,1.8081925453530698,0.15292576279899822,10,0.9995865701513603,3,0.2210342930959064,1.0,0.00621870800000579,0.912,0.7761313951475374,0.7773901376349587,0.912,
variable_density,synthetic,dense_rbf,0.7071067811865475,2.5571704210202393,1.8081925453530698,0.15292576279899822,11,1.001087147331313,3,0.2210342930959064,1.0,0.00621870800000579,0.912,0.7761313951475374,0.7773901376349587,0.912,
variable_density,synthetic,dense_rbf,0.7071067811865475,2.5571704210202393,1.8081925453530698,0.15292576279899822,12,1.0027260399833546,3,0.2210342930959064,1.0,0.00621870800000579,0.912,0.7761313951475374,0.7773901376349587,0.912,
variable_density,synthetic,dense_rbf,1.0,2.5571704210202393,2.5571704210202393,0.0764628813994991,1,-2.0732714307052164e-23,3,0.13076258838510235,1.0,0.003551666999996428,0.908,0.7656108916262326,0.7684092022948247,0.908,
variable_density,synthetic,dense_rbf,1.0,2.5571704210202393,2.5571704210202393,0.0764628813994991,2,0.6610835934057347,3,0.13076258838510235,1.0,0.003551666999996428,0.908,0.7656108916262326,0.7684092022948247,0.908,
variable_density,synthetic,dense_rbf,1.0,2.5571704210202393,2.5571704210202393,0.0764628813994991,3,0.8316393272655336,3,0.13076258838510235,1.0,0.003551666999996428,0.908,0.7656108916262326,0.7684092022948247,0.908,
variable_density,synthetic,dense_rbf,1.0,2.5571704210202393,2.5571704210202393,0.0764628813994991,4,0.9624019156506359,3,0.13076258838510235,1.0,0.003551666999996428,0.908,0.7656108916262326,0.7684092022948247,0.908,
variable_density,synthetic,dense_rbf,1.0,2.5571704210202393,2.5571704210202393,0.0764628813994991,5,0.9805946095791913,3,0.13076258838510235,1.0,0.003551666999996428,0.908,0.7656108916262326,0.7684092022948247,0.908,
variable_density,synthetic,dense_rbf,1.0,2.5571704210202393,2.5571704210202393,0.0764628813994991,6,0.9943309247169428,3,0.13076258838510235,1.0,0.003551666999996428,0.908,0.7656108916262326,0.7684092022948247,0.908,
variable_density,synthetic,dense_rbf,1.0,2.5571704210202393,2.5571704210202393,0.0764628813994991,7,1.0004112512525067,3,0.13076258838510235,1.0,0.003551666999996428,0.908,0.7656108916262326,0.7684092022948247,0.908,
variable_density,synthetic,dense_rbf,1.0,2.5571704210202393,2.5571704210202393,0.0764628813994991,8,1.001286587290808,3,0.13076258838510235,1.0,0.003551666999996428,0.908,0.7656108916262326,0.7684092022948247,0.908,
variable_density,synthetic,dense_rbf,1.0,2.5571704210202393,2.5571704210202393,0.0764628813994991,9,1.001688755500713,3,0.13076258838510235,1.0,0.003551666999996428,0.908,0.7656108916262326,0.7684092022948247,0.908,
variable_density,synthetic,dense_rbf,1.0,2.5571704210202393,2.5571704210202393,0.0764628813994991,10,1.0025302658076962,3,0.13076258838510235,1.0,0.003551666999996428,0.908,0.7656108916262326,0.7684092022948247,0.908,
variable_density,synthetic,dense_rbf,1.0,2.5571704210202393,2.5571704210202393,0.0764628813994991,11,1.0026115871968153,3,0.13076258838510235,1.0,0.003551666999996428,0.908,0.7656108916262326,0.7684092022948247,0.908,
variable_density,synthetic,dense_rbf,1.0,2.5571704210202393,2.5571704210202393,0.0764628813994991,12,1.0026167574849634,3,0.13076258838510235,1.0,0.003551666999996428,0.908,0.7656108916262326,0.7684092022948247,0.908,
variable_density,synthetic,dense_rbf,1.4,2.5571704210202393,3.5800385894283346,0.039011674183417916,1,-1.1102230246291324e-15,3,0.07420946030729447,1.0,0.007609666999996989,0.908,0.7678448622373809,0.772387288440726,0.908,
variable_density,synthetic,dense_rbf,1.4,2.5571704210202393,3.5800385894283346,0.039011674183417916,2,0.8151615193645825,3,0.07420946030729447,1.0,0.007609666999996989,0.908,0.7678448622373809,0.772387288440726,0.908,
variable_density,synthetic,dense_rbf,1.4,2.5571704210202393,3.5800385894283346,0.039011674183417916,3,0.9162713231957461,3,0.07420946030729447,1.0,0.007609666999996989,0.908,0.7678448622373809,0.772387288440726,0.908,
variable_density,synthetic,dense_rbf,1.4,2.5571704210202393,3.5800385894283346,0.039011674183417916,4,0.9904807835030406,3,0.07420946030729447,1.0,0.007609666999996989,0.908,0.7678448622373809,0.772387288440726,0.908,
variable_density,synthetic,dense_rbf,1.4,2.5571704210202393,3.5800385894283346,0.039011674183417916,5,0.9965662755240177,3,0.07420946030729447,1.0,0.007609666999996989,0.908,0.7678448622373809,0.772387288440726,0.908,
variable_density,synthetic,dense_rbf,1.4,2.5571704210202393,3.5800385894283346,0.039011674183417916,6,1.0001637591355972,3,0.07420946030729447,1.0,0.007609666999996989,0.908,0.7678448622373809,0.772387288440726,0.908,
variable_density,synthetic,dense_rbf,1.4,2.5571704210202393,3.5800385894283346,0.039011674183417916,7,1.002192216939356,3,0.07420946030729447,1.0,0.007609666999996989,0.908,0.7678448622373809,0.772387288440726,0.908,
variable_density,synthetic,dense_rbf,1.4,2.5571704210202393,3.5800385894283346,0.039011674183417916,8,1.002301162965632,3,0.07420946030729447,1.0,0.007609666999996989,0.908,0.7678448622373809,0.772387288440726,0.908,
variable_density,synthetic,dense_rbf,1.4,2.5571704210202393,3.5800385894283346,0.039011674183417916,9,1.0023028684354793,3,0.07420946030729447,1.0,0.007609666999996989,0.908,0.7678448622373809,0.772387288440726,0.908,
variable_density,synthetic,dense_rbf,1.4,2.5571704210202393,3.5800385894283346,0.039011674183417916,10,1.002307829643615,3,0.07420946030729447,1.0,0.007609666999996989,0.908,0.7678448622373809,0.772387288440726,0.908,
variable_density,synthetic,dense_rbf,1.4,2.5571704210202393,3.5800385894283346,0.039011674183417916,11,1.0023090444530007,3,0.07420946030729447,1.0,0.007609666999996989,0.908,0.7678448622373809,0.772387288440726,0.908,
variable_density,synthetic,dense_rbf,1.4,2.5571704210202393,3.5800385894283346,0.039011674183417916,12,1.002309634900177,3,0.07420946030729447,1.0,0.007609666999996989,0.908,0.7678448622373809,0.772387288440726,0.908,
variable_density,synthetic,dense_rbf,2.0,2.5571704210202393,5.114340842040479,0.019115720349874774,1,-2.220446049250313e-16,3,0.03876923103309382,1.0,0.005700458000006847,0.906,0.7637524739911382,0.7699526701602988,0.906,
variable_density,synthetic,dense_rbf,2.0,2.5571704210202393,5.114340842040479,0.019115720349874774,2,0.907548707082513,3,0.03876923103309382,1.0,0.005700458000006847,0.906,0.7637524739911382,0.7699526701602988,0.906,
variable_density,synthetic,dense_rbf,2.0,2.5571704210202393,5.114340842040479,0.019115720349874774,3,0.9604658651655108,3,0.03876923103309382,1.0,0.005700458000006847,0.906,0.7637524739911382,0.7699526701602988,0.906,
variable_density,synthetic,dense_rbf,2.0,2.5571704210202393,5.114340842040479,0.019115720349874774,4,0.9992350961986046,3,0.03876923103309382,1.0,0.005700458000006847,0.906,0.7637524739911382,0.7699526701602988,0.906,
variable_density,synthetic,dense_rbf,2.0,2.5571704210202393,5.114340842040479,0.019115720349874774,5,1.0008744406005363,3,0.03876923103309382,1.0,0.005700458000006847,0.906,0.7637524739911382,0.7699526701602988,0.906,
variable_density,synthetic,dense_rbf,2.0,2.5571704210202393,5.114340842040479,0.019115720349874774,6,1.0017034776710951,3,0.03876923103309382,1.0,0.005700458000006847,0.906,0.7637524739911382,0.7699526701602988,0.906,
variable_density,synthetic,dense_rbf,2.0,2.5571704210202393,5.114340842040479,0.019115720349874774,7,1.0021462852791023,3,0.03876923103309382,1.0,0.005700458000006847,0.906,0.7637524739911382,0.7699526701602988,0.906,
variable_density,synthetic,dense_rbf,2.0,2.5571704210202393,5.114340842040479,0.019115720349874774,8,1.0021468605075932,3,0.03876923103309382,1.0,0.005700458000006847,0.906,0.7637524739911382,0.7699526701602988,0.906,
variable_density,synthetic,dense_rbf,2.0,2.5571704210202393,5.114340842040479,0.019115720349874774,9,1.0021491851191184,3,0.03876923103309382,1.0,0.005700458000006847,0.906,0.7637524739911382,0.7699526701602988,0.906,
variable_density,synthetic,dense_rbf,2.0,2.5571704210202393,5.114340842040479,0.019115720349874774,10,1.0021498356382588,3,0.03876923103309382,1.0,0.005700458000006847,0.906,0.7637524739911382,0.7699526701602988,0.906,
variable_density,synthetic,dense_rbf,2.0,2.5571704210202393,5.114340842040479,0.019115720349874774,11,1.002150114236433,3,0.03876923103309382,1.0,0.005700458000006847,0.906,0.7637524739911382,0.7699526701602988,0.906,
variable_density,synthetic,dense_rbf,2.0,2.5571704210202393,5.114340842040479,0.019115720349874774,12,1.0021507362874051,3,0.03876923103309382,1.0,0.005700458000006847,0.906,0.7637524739911382,0.7699526701602988,0.906,
variable_density,synthetic,dense_rbf,3.0,2.5571704210202393,7.671511263060718,0.008495875711055456,1,-6.661338147750939e-16,3,0.01785721923929684,1.0,0.005654415999998719,0.906,0.7637524739911382,0.7699526701602989,0.906,
variable_density,synthetic,dense_rbf,3.0,2.5571704210202393,7.671511263060718,0.008495875711055456,2,0.9594257376539563,3,0.01785721923929684,1.0,0.005654415999998719,0.906,0.7637524739911382,0.7699526701602989,0.906,
variable_density,synthetic,dense_rbf,3.0,2.5571704210202393,7.671511263060718,0.008495875711055456,3,0.9836689763217951,3,0.01785721923929684,1.0,0.005654415999998719,0.906,0.7637524739911382,0.7699526701602989,0.906,
variable_density,synthetic,dense_rbf,3.0,2.5571704210202393,7.671511263060718,0.008495875711055456,4,1.001526195561092,3,0.01785721923929684,1.0,0.005654415999998719,0.906,0.7637524739911382,0.7699526701602989,0.906,
variable_density,synthetic,dense_rbf,3.0,2.5571704210202393,7.671511263060718,0.008495875711055456,5,1.0018662207845912,3,0.01785721923929684,1.0,0.005654415999998719,0.906,0.7637524739911382,0.7699526701602989,0.906,
variable_density,synthetic,dense_rbf,3.0,2.5571704210202393,7.671511263060718,0.008495875711055456,6,1.0020157247378354,3,0.01785721923929684,1.0,0.005654415999998719,0.906,0.7637524739911382,0.7699526701602989,0.906,
variable_density,synthetic,dense_rbf,3.0,2.5571704210202393,7.671511263060718,0.008495875711055456,7,1.0020664861413275,3,0.01785721923929684,1.0,0.005654415999998719,0.906,0.7637524739911382,0.7699526701602989,0.906,
variable_density,synthetic,dense_rbf,3.0,2.5571704210202393,7.671511263060718,0.008495875711055456,8,1.0020667591679528,3,0.01785721923929684,1.0,0.005654415999998719,0.906,0.7637524739911382,0.7699526701602989,0.906,
variable_density,synthetic,dense_rbf,3.0,2.5571704210202393,7.671511263060718,0.008495875711055456,9,1.0020676659927106,3,0.01785721923929684,1.0,0.005654415999998719,0.906,0.7637524739911382,0.7699526701602989,0.906,
variable_density,synthetic,dense_rbf,3.0,2.5571704210202393,7.671511263060718,0.008495875711055456,10,1.0020679609780485,3,0.01785721923929684,1.0,0.005654415999998719,0.906,0.7637524739911382,0.7699526701602989,0.906,
variable_density,synthetic,dense_rbf,3.0,2.5571704210202393,7.671511263060718,0.008495875711055456,11,1.0020681207924913,3,0.01785721923929684,1.0,0.005654415999998719,0.906,0.7637524739911382,0.7699526701602989,0.906,
variable_density,synthetic,dense_rbf,3.0,2.5571704210202393,7.671511263060718,0.008495875711055456,12,1.002068486895708,3,0.01785721923929684,1.0,0.005654415999998719,0.906,0.7637524739911382,0.7699526701602989,0.906,
variable_density,synthetic,dense_rbf,5.0,2.5571704210202393,12.785852105101196,0.0030585152559799646,1,-6.661338147750939e-16,3,0.006547173768456704,1.0,0.0030456249999986085,0.908,0.7678448622373809,0.772387288440726,0.908,
variable_density,synthetic,dense_rbf,5.0,2.5571704210202393,12.785852105101196,0.0030585152559799646,2,0.9865760651916934,3,0.006547173768456704,1.0,0.0030456249999986085,0.908,0.7678448622373809,0.772387288440726,0.908,
variable_density,synthetic,dense_rbf,5.0,2.5571704210202393,12.785852105101196,0.0030585152559799646,3,0.9954277788407414,3,0.006547173768456704,1.0,0.0030456249999986085,0.908,0.7678448622373809,0.772387288440726,0.908,
variable_density,synthetic,dense_rbf,5.0,2.5571704210202393,12.785852105101196,0.0030585152559799646,4,1.001974952609198,3,0.006547173768456704,1.0,0.0030456249999986085,0.908,0.7678448622373809,0.772387288440726,0.908,
variable_density,synthetic,dense_rbf,5.0,2.5571704210202393,12.785852105101196,0.0030585152559799646,5,1.0020162019576662,3,0.006547173768456704,1.0,0.0030456249999986085,0.908,0.7678448622373809,0.772387288440726,0.908,
variable_density,synthetic,dense_rbf,5.0,2.5571704210202393,12.785852105101196,0.0030585152559799646,6,1.00202635742582,3,0.006547173768456704,1.0,0.0030456249999986085,0.908,0.7678448622373809,0.772387288440726,0.908,
variable_density,synthetic,dense_rbf,5.0,2.5571704210202393,12.785852105101196,0.0030585152559799646,7,1.0020264216151922,3,0.006547173768456704,1.0,0.0030456249999986085,0.908,0.7678448622373809,0.772387288440726,0.908,
variable_density,synthetic,dense_rbf,5.0,2.5571704210202393,12.785852105101196,0.0030585152559799646,8,1.0020267630642419,3,0.006547173768456704,1.0,0.0030456249999986085,0.908,0.7678448622373809,0.772387288440726,0.908,
variable_density,synthetic,dense_rbf,5.0,2.5571704210202393,12.785852105101196,0.0030585152559799646,9,1.0020268713985927,3,0.006547173768456704,1.0,0.0030456249999986085,0.908,0.7678448622373809,0.772387288440726,0.908,
variable_density,synthetic,dense_rbf,5.0,2.5571704210202393,12.785852105101196,0.0030585152559799646,10,1.0020269366550443,3,0.006547173768456704,1.0,0.0030456249999986085,0.908,0.7678448622373809,0.772387288440726,0.908,
variable_density,synthetic,dense_rbf,5.0,2.5571704210202393,12.785852105101196,0.0030585152559799646,11,1.0020270808015022,3,0.006547173768456704,1.0,0.0030456249999986085,0.908,0.7678448622373809,0.772387288440726,0.908,
variable_density,synthetic,dense_rbf,5.0,2.5571704210202393,12.785852105101196,0.0030585152559799646,12,1.0020273066027505,3,0.006547173768456704,1.0,0.0030456249999986085,0.908,0.7678448622373809,0.772387288440726,0.908,
variable_density,synthetic,knn_rbf,0.1,0.16765280081146844,0.016765280081146843,1778.88706835579,1,,3,,,0.001242500000003588,,,,,"ARPACK error -1: No convergence (5001 iterations, 0/12 eigenvectors converged)"
variable_density,synthetic,knn_rbf,0.1,0.16765280081146844,0.016765280081146843,1778.88706835579,2,,3,,,0.001242500000003588,,,,,"ARPACK error -1: No convergence (5001 iterations, 0/12 eigenvectors converged)"
variable_density,synthetic,knn_rbf,0.1,0.16765280081146844,0.016765280081146843,1778.88706835579,3,,3,,,0.001242500000003588,,,,,"ARPACK error -1: No convergence (5001 iterations, 0/12 eigenvectors converged)"
variable_density,synthetic,knn_rbf,0.1,0.16765280081146844,0.016765280081146843,1778.88706835579,4,,3,,,0.001242500000003588,,,,,"ARPACK error -1: No convergence (5001 iterations, 0/12 eigenvectors converged)"
variable_density,synthetic,knn_rbf,0.1,0.16765280081146844,0.016765280081146843,1778.88706835579,5,,3,,,0.001242500000003588,,,,,"ARPACK error -1: No convergence (5001 iterations, 0/12 eigenvectors converged)"
variable_density,synthetic,knn_rbf,0.1,0.16765280081146844,0.016765280081146843,1778.88706835579,6,,3,,,0.001242500000003588,,,,,"ARPACK error -1: No convergence (5001 iterations, 0/12 eigenvectors converged)"
variable_density,synthetic,knn_rbf,0.1,0.16765280081146844,0.016765280081146843,1778.88706835579,7,,3,,,0.001242500000003588,,,,,"ARPACK error -1: No convergence (5001 iterations, 0/12 eigenvectors converged)"
variable_density,synthetic,knn_rbf,0.1,0.16765280081146844,0.016765280081146843,1778.88706835579,8,,3,,,0.001242500000003588,,,,,"ARPACK error -1: No convergence (5001 iterations, 0/12 eigenvectors converged)"
variable_density,synthetic,knn_rbf,0.1,0.16765280081146844,0.016765280081146843,1778.88706835579,9,,3,,,0.001242500000003588,,,,,"ARPACK error -1: No convergence (5001 iterations, 0/12 eigenvectors converged)"
variable_density,synthetic,knn_rbf,0.1,0.16765280081146844,0.016765280081146843,1778.88706835579,10,,3,,,0.001242500000003588,,,,,"ARPACK error -1: No convergence (5001 iterations, 0/12 eigenvectors converged)"
variable_density,synthetic,knn_rbf,0.1,0.16765280081146844,0.016765280081146843,1778.88706835579,11,,3,,,0.001242500000003588,,,,,"ARPACK error -1: No convergence (5001 iterations, 0/12 eigenvectors converged)"
variable_density,synthetic,knn_rbf,0.1,0.16765280081146844,0.016765280081146843,1778.88706835579,12,,3,,,0.001242500000003588,,,,,"ARPACK error -1: No convergence (5001 iterations, 0/12 eigenvectors converged)"
variable_density,synthetic,knn_rbf,0.2,0.16765280081146844,0.033530560162293686,444.7217670889475,1,,3,,,0.0009395840000081535,,,,,"ARPACK error -1: No convergence (5001 iterations, 0/12 eigenvectors converged)"
variable_density,synthetic,knn_rbf,0.2,0.16765280081146844,0.033530560162293686,444.7217670889475,2,,3,,,0.0009395840000081535,,,,,"ARPACK error -1: No convergence (5001 iterations, 0/12 eigenvectors converged)"
variable_density,synthetic,knn_rbf,0.2,0.16765280081146844,0.033530560162293686,444.7217670889475,3,,3,,,0.0009395840000081535,,,,,"ARPACK error -1: No convergence (5001 iterations, 0/12 eigenvectors converged)"
variable_density,synthetic,knn_rbf,0.2,0.16765280081146844,0.033530560162293686,444.7217670889475,4,,3,,,0.0009395840000081535,,,,,"ARPACK error -1: No convergence (5001 iterations, 0/12 eigenvectors converged)"
variable_density,synthetic,knn_rbf,0.2,0.16765280081146844,0.033530560162293686,444.7217670889475,5,,3,,,0.0009395840000081535,,,,,"ARPACK error -1: No convergence (5001 iterations, 0/12 eigenvectors converged)"
variable_density,synthetic,knn_rbf,0.2,0.16765280081146844,0.033530560162293686,444.7217670889475,6,,3,,,0.0009395840000081535,,,,,"ARPACK error -1: No convergence (5001 iterations, 0/12 eigenvectors converged)"
variable_density,synthetic,knn_rbf,0.2,0.16765280081146844,0.033530560162293686,444.7217670889475,7,,3,,,0.0009395840000081535,,,,,"ARPACK error -1: No convergence (5001 iterations, 0/12 eigenvectors converged)"
variable_density,synthetic,knn_rbf,0.2,0.16765280081146844,0.033530560162293686,444.7217670889475,8,,3,,,0.0009395840000081535,,,,,"ARPACK error -1: No convergence (5001 iterations, 0/12 eigenvectors converged)"
variable_density,synthetic,knn_rbf,0.2,0.16765280081146844,0.033530560162293686,444.7217670889475,9,,3,,,0.0009395840000081535,,,,,"ARPACK error -1: No convergence (5001 iterations, 0/12 eigenvectors converged)"
variable_density,synthetic,knn_rbf,0.2,0.16765280081146844,0.033530560162293686,444.7217670889475,10,,3,,,0.0009395840000081535,,,,,"ARPACK error -1: No convergence (5001 iterations, 0/12 eigenvectors converged)"
variable_density,synthetic,knn_rbf,0.2,0.16765280081146844,0.033530560162293686,444.7217670889475,11,,3,,,0.0009395840000081535,,,,,"ARPACK error -1: No convergence (5001 iterations, 0/12 eigenvectors converged)"
variable_density,synthetic,knn_rbf,0.2,0.16765280081146844,0.033530560162293686,444.7217670889475,12,,3,,,0.0009395840000081535,,,,,"ARPACK error -1: No convergence (5001 iterations, 0/12 eigenvectors converged)"
variable_density,synthetic,knn_rbf,0.35,0.16765280081146844,0.05867848028401395,145.21527088618694,1,,3,,,0.0009795839999924283,,,,,"ARPACK error -1: No convergence (5001 iterations, 0/12 eigenvectors converged)"
variable_density,synthetic,knn_rbf,0.35,0.16765280081146844,0.05867848028401395,145.21527088618694,2,,3,,,0.0009795839999924283,,,,,"ARPACK error -1: No convergence (5001 iterations, 0/12 eigenvectors converged)"
variable_density,synthetic,knn_rbf,0.35,0.16765280081146844,0.05867848028401395,145.21527088618694,3,,3,,,0.0009795839999924283,,,,,"ARPACK error -1: No convergence (5001 iterations, 0/12 eigenvectors converged)"
variable_density,synthetic,knn_rbf,0.35,0.16765280081146844,0.05867848028401395,145.21527088618694,4,,3,,,0.0009795839999924283,,,,,"ARPACK error -1: No convergence (5001 iterations, 0/12 eigenvectors converged)"
variable_density,synthetic,knn_rbf,0.35,0.16765280081146844,0.05867848028401395,145.21527088618694,5,,3,,,0.0009795839999924283,,,,,"ARPACK error -1: No convergence (5001 iterations, 0/12 eigenvectors converged)"
variable_density,synthetic,knn_rbf,0.35,0.16765280081146844,0.05867848028401395,145.21527088618694,6,,3,,,0.0009795839999924283,,,,,"ARPACK error -1: No convergence (5001 iterations, 0/12 eigenvectors converged)"
variable_density,synthetic,knn_rbf,0.35,0.16765280081146844,0.05867848028401395,145.21527088618694,7,,3,,,0.0009795839999924283,,,,,"ARPACK error -1: No convergence (5001 iterations, 0/12 eigenvectors converged)"
variable_density,synthetic,knn_rbf,0.35,0.16765280081146844,0.05867848028401395,145.21527088618694,8,,3,,,0.0009795839999924283,,,,,"ARPACK error -1: No convergence (5001 iterations, 0/12 eigenvectors converged)"
variable_density,synthetic,knn_rbf,0.35,0.16765280081146844,0.05867848028401395,145.21527088618694,9,,3,,,0.0009795839999924283,,,,,"ARPACK error -1: No convergence (5001 iterations, 0/12 eigenvectors converged)"
variable_density,synthetic,knn_rbf,0.35,0.16765280081146844,0.05867848028401395,145.21527088618694,10,,3,,,0.0009795839999924283,,,,,"ARPACK error -1: No convergence (5001 iterations, 0/12 eigenvectors converged)"
variable_density,synthetic,knn_rbf,0.35,0.16765280081146844,0.05867848028401395,145.21527088618694,11,,3,,,0.0009795839999924283,,,,,"ARPACK error -1: No convergence (5001 iterations, 0/12 eigenvectors converged)"
variable_density,synthetic,knn_rbf,0.35,0.16765280081146844,0.05867848028401395,145.21527088618694,12,,3,,,0.0009795839999924283,,,,,"ARPACK error -1: No convergence (5001 iterations, 0/12 eigenvectors converged)"
variable_density,synthetic,knn_rbf,0.5,0.16765280081146844,0.08382640040573422,71.15548273423158,1,7.649076097068895e-17,3,1.853712119011562e-07,10.0,0.0009079590000027338,0.824,0.6645992506133712,0.7228837671164017,0.832,
variable_density,synthetic,knn_rbf,0.5,0.16765280081146844,0.08382640040573422,71.15548273423158,2,4.636237398708446e-16,3,1.853712119011562e-07,10.0,0.0009079590000027338,0.824,0.6645992506133712,0.7228837671164017,0.832,
variable_density,synthetic,knn_rbf,0.5,0.16765280081146844,0.08382640040573422,71.15548273423158,3,3.460544347762959e-08,3,1.853712119011562e-07,10.0,0.0009079590000027338,0.824,0.6645992506133712,0.7228837671164017,0.832,
variable_density,synthetic,knn_rbf,0.5,0.16765280081146844,0.08382640040573422,71.15548273423158,4,2.199766553787858e-07,3,1.853712119011562e-07,10.0,0.0009079590000027338,0.824,0.6645992506133712,0.7228837671164017,0.832,
variable_density,synthetic,knn_rbf,0.5,0.16765280081146844,0.08382640040573422,71.15548273423158,5,5.987983974537422e-06,3,1.853712119011562e-07,10.0,0.0009079590000027338,0.824,0.6645992506133712,0.7228837671164017,0.832,
variable_density,synthetic,knn_rbf,0.5,0.16765280081146844,0.08382640040573422,71.15548273423158,6,1.66964808295052e-05,3,1.853712119011562e-07,10.0,0.0009079590000027338,0.824,0.6645992506133712,0.7228837671164017,0.832,
variable_density,synthetic,knn_rbf,0.5,0.16765280081146844,0.08382640040573422,71.15548273423158,7,2.1108039401965725e-05,3,1.853712119011562e-07,10.0,0.0009079590000027338,0.824,0.6645992506133712,0.7228837671164017,0.832,
variable_density,synthetic,knn_rbf,0.5,0.16765280081146844,0.08382640040573422,71.15548273423158,8,3.5362328366301257e-05,3,1.853712119011562e-07,10.0,0.0009079590000027338,0.824,0.6645992506133712,0.7228837671164017,0.832,
variable_density,synthetic,knn_rbf,0.5,0.16765280081146844,0.08382640040573422,71.15548273423158,9,3.972852550267606e-05,3,1.853712119011562e-07,10.0,0.0009079590000027338,0.824,0.6645992506133712,0.7228837671164017,0.832,
variable_density,synthetic,knn_rbf,0.5,0.16765280081146844,0.08382640040573422,71.15548273423158,10,0.00021552485756292131,3,1.853712119011562e-07,10.0,0.0009079590000027338,0.824,0.6645992506133712,0.7228837671164017,0.832,
variable_density,synthetic,knn_rbf,0.5,0.16765280081146844,0.08382640040573422,71.15548273423158,11,0.0005386282456242189,3,1.853712119011562e-07,10.0,0.0009079590000027338,0.824,0.6645992506133712,0.7228837671164017,0.832,
variable_density,synthetic,knn_rbf,0.5,0.16765280081146844,0.08382640040573422,71.15548273423158,12,0.0017252940747468305,3,1.853712119011562e-07,10.0,0.0009079590000027338,0.824,0.6645992506133712,0.7228837671164017,0.832,
variable_density,synthetic,knn_rbf,0.7,0.16765280081146844,0.1173569605680279,36.303817721546736,1,-1.4637691321155519e-16,3,6.093563466618527e-05,10.0,0.0008962499999967122,0.828,0.6701062967388209,0.7294500961401023,0.832,
variable_density,synthetic,knn_rbf,0.7,0.16765280081146844,0.1173569605680279,36.303817721546736,2,4.493108416247956e-13,3,6.093563466618527e-05,10.0,0.0008962499999967122,0.828,0.6701062967388209,0.7294500961401023,0.832,
variable_density,synthetic,knn_rbf,0.7,0.16765280081146844,0.1173569605680279,36.303817721546736,3,0.0001696298695841284,3,6.093563466618527e-05,10.0,0.0008962499999967122,0.828,0.6701062967388209,0.7294500961401023,0.832,
variable_density,synthetic,knn_rbf,0.7,0.16765280081146844,0.1173569605680279,36.303817721546736,4,0.00023056550425031366,3,6.093563466618527e-05,10.0,0.0008962499999967122,0.828,0.6701062967388209,0.7294500961401023,0.832,
variable_density,synthetic,knn_rbf,0.7,0.16765280081146844,0.1173569605680279,36.303817721546736,5,0.0004922763010830766,3,6.093563466618527e-05,10.0,0.0008962499999967122,0.828,0.6701062967388209,0.7294500961401023,0.832,
variable_density,synthetic,knn_rbf,0.7,0.16765280081146844,0.1173569605680279,36.303817721546736,6,0.0015103078705634915,3,6.093563466618527e-05,10.0,0.0008962499999967122,0.828,0.6701062967388209,0.7294500961401023,0.832,
variable_density,synthetic,knn_rbf,0.7,0.16765280081146844,0.1173569605680279,36.303817721546736,7,0.0029852090450117248,3,6.093563466618527e-05,10.0,0.0008962499999967122,0.828,0.6701062967388209,0.7294500961401023,0.832,
variable_density,synthetic,knn_rbf,0.7,0.16765280081146844,0.1173569605680279,36.303817721546736,8,0.0040207745342423495,3,6.093563466618527e-05,10.0,0.0008962499999967122,0.828,0.6701062967388209,0.7294500961401023,0.832,
variable_density,synthetic,knn_rbf,0.7,0.16765280081146844,0.1173569605680279,36.303817721546736,9,0.005110373131795184,3,6.093563466618527e-05,10.0,0.0008962499999967122,0.828,0.6701062967388209,0.7294500961401023,0.832,
variable_density,synthetic,knn_rbf,0.7,0.16765280081146844,0.1173569605680279,36.303817721546736,10,0.006145021410366208,3,6.093563466618527e-05,10.0,0.0008962499999967122,0.828,0.6701062967388209,0.7294500961401023,0.832,
variable_density,synthetic,knn_rbf,0.7,0.16765280081146844,0.1173569605680279,36.303817721546736,11,0.007659537630108282,3,6.093563466618527e-05,10.0,0.0008962499999967122,0.828,0.6701062967388209,0.7294500961401023,0.832,
variable_density,synthetic,knn_rbf,0.7,0.16765280081146844,0.1173569605680279,36.303817721546736,12,0.012055365020191066,3,6.093563466618527e-05,10.0,0.0008962499999967122,0.828,0.6701062967388209,0.7294500961401023,0.832,
variable_density,synthetic,knn_rbf,0.7071067811865475,0.16765280081146844,0.11854843233870684,35.577741367115806,1,-1.8407077655672038e-17,3,3.941711997584082e-05,6.0,0.0009813750000091659,0.828,0.6701062967388209,0.7294500961401023,0.832,
variable_density,synthetic,knn_rbf,0.7071067811865475,0.16765280081146844,0.11854843233870684,35.577741367115806,2,7.023472260624334e-13,3,3.941711997584082e-05,6.0,0.0009813750000091659,0.828,0.6701062967388209,0.7294500961401023,0.832,
variable_density,synthetic,knn_rbf,0.7071067811865475,0.16765280081146844,0.11854843233870684,35.577741367115806,3,0.00020293313997093052,3,3.941711997584082e-05,6.0,0.0009813750000091659,0.828,0.6701062967388209,0.7294500961401023,0.832,
variable_density,synthetic,knn_rbf,0.7071067811865475,0.16765280081146844,0.11854843233870684,35.577741367115806,4,0.00024235025994677134,3,3.941711997584082e-05,6.0,0.0009813750000091659,0.828,0.6701062967388209,0.7294500961401023,0.832,
variable_density,synthetic,knn_rbf,0.7071067811865475,0.16765280081146844,0.11854843233870684,35.577741367115806,5,0.0005787891454905644,3,3.941711997584082e-05,6.0,0.0009813750000091659,0.828,0.6701062967388209,0.7294500961401023,0.832,
variable_density,synthetic,knn_rbf,0.7071067811865475,0.16765280081146844,0.11854843233870684,35.577741367115806,6,0.0016932620341878959,3,3.941711997584082e-05,6.0,0.0009813750000091659,0.828,0.6701062967388209,0.7294500961401023,0.832,
variable_density,synthetic,knn_rbf,0.7071067811865475,0.16765280081146844,0.11854843233870684,35.577741367115806,7,0.003261756518970414,3,3.941711997584082e-05,6.0,0.0009813750000091659,0.828,0.6701062967388209,0.7294500961401023,0.832,
variable_density,synthetic,knn_rbf,0.7071067811865475,0.16765280081146844,0.11854843233870684,35.577741367115806,8,0.00439998618431253,3,3.941711997584082e-05,6.0,0.0009813750000091659,0.828,0.6701062967388209,0.7294500961401023,0.832,
variable_density,synthetic,knn_rbf,0.7071067811865475,0.16765280081146844,0.11854843233870684,35.577741367115806,9,0.005583894855555641,3,3.941711997584082e-05,6.0,0.0009813750000091659,0.828,0.6701062967388209,0.7294500961401023,0.832,
variable_density,synthetic,knn_rbf,0.7071067811865475,0.16765280081146844,0.11854843233870684,35.577741367115806,10,0.006705069210348933,3,3.941711997584082e-05,6.0,0.0009813750000091659,0.828,0.6701062967388209,0.7294500961401023,0.832,
variable_density,synthetic,knn_rbf,0.7071067811865475,0.16765280081146844,0.11854843233870684,35.577741367115806,11,0.008099675582357767,3,3.941711997584082e-05,6.0,0.0009813750000091659,0.828,0.6701062967388209,0.7294500961401023,0.832,
variable_density,synthetic,knn_rbf,0.7071067811865475,0.16765280081146844,0.11854843233870684,35.577741367115806,12,0.012484429128335334,3,3.941711997584082e-05,6.0,0.0009813750000091659,0.828,0.6701062967388209,0.7294500961401023,0.832,
variable_density,synthetic,knn_rbf,1.0,0.16765280081146844,0.16765280081146844,17.788870683557896,1,-5.962062494142093e-17,3,0.0115509007983602,3.0,0.0013247920000054592,0.966,0.9043159733276493,0.8758028360088443,0.966,
variable_density,synthetic,knn_rbf,1.0,0.16765280081146844,0.16765280081146844,17.788870683557896,2,4.300524583206327e-08,3,0.0115509007983602,3.0,0.0013247920000054592,0.966,0.9043159733276493,0.8758028360088443,0.966,
variable_density,synthetic,knn_rbf,1.0,0.16765280081146844,0.16765280081146844,17.788870683557896,3,0.0009349406539935054,3,0.0115509007983602,3.0,0.0013247920000054592,0.966,0.9043159733276493,0.8758028360088443,0.966,
variable_density,synthetic,knn_rbf,1.0,0.16765280081146844,0.16765280081146844,17.788870683557896,4,0.012485841452353706,3,0.0115509007983602,3.0,0.0013247920000054592,0.966,0.9043159733276493,0.8758028360088443,0.966,
variable_density,synthetic,knn_rbf,1.0,0.16765280081146844,0.16765280081146844,17.788870683557896,5,0.017635218348063707,3,0.0115509007983602,3.0,0.0013247920000054592,0.966,0.9043159733276493,0.8758028360088443,0.966,
variable_density,synthetic,knn_rbf,1.0,0.16765280081146844,0.16765280081146844,17.788870683557896,6,0.02167425976447069,3,0.0115509007983602,3.0,0.0013247920000054592,0.966,0.9043159733276493,0.8758028360088443,0.966,
variable_density,synthetic,knn_rbf,1.0,0.16765280081146844,0.16765280081146844,17.788870683557896,7,0.027985182135031903,3,0.0115509007983602,3.0,0.0013247920000054592,0.966,0.9043159733276493,0.8758028360088443,0.966,
variable_density,synthetic,knn_rbf,1.0,0.16765280081146844,0.16765280081146844,17.788870683557896,8,0.02847140136331966,3,0.0115509007983602,3.0,0.0013247920000054592,0.966,0.9043159733276493,0.8758028360088443,0.966,
variable_density,synthetic,knn_rbf,1.0,0.16765280081146844,0.16765280081146844,17.788870683557896,9,0.031911352314562214,3,0.0115509007983602,3.0,0.0013247920000054592,0.966,0.9043159733276493,0.8758028360088443,0.966,
variable_density,synthetic,knn_rbf,1.0,0.16765280081146844,0.16765280081146844,17.788870683557896,10,0.03710340672071414,3,0.0115509007983602,3.0,0.0013247920000054592,0.966,0.9043159733276493,0.8758028360088443,0.966,
variable_density,synthetic,knn_rbf,1.0,0.16765280081146844,0.16765280081146844,17.788870683557896,11,0.04159660130151806,3,0.0115509007983602,3.0,0.0013247920000054592,0.966,0.9043159733276493,0.8758028360088443,0.966,
variable_density,synthetic,knn_rbf,1.0,0.16765280081146844,0.16765280081146844,17.788870683557896,12,0.042853257906776215,3,0.0115509007983602,3.0,0.0013247920000054592,0.966,0.9043159733276493,0.8758028360088443,0.966,
variable_density,synthetic,knn_rbf,1.4,0.16765280081146844,0.2347139211360558,9.075954430386684,1,2.298213597080399e-16,3,0.016718304199275943,10.0,0.0012816250000042828,0.966,0.9043159733276493,0.8758028360088443,0.966,
variable_density,synthetic,knn_rbf,1.4,0.16765280081146844,0.2347139211360558,9.075954430386684,2,9.671288721564534e-06,3,0.016718304199275943,10.0,0.0012816250000042828,0.966,0.9043159733276493,0.8758028360088443,0.966,
variable_density,synthetic,knn_rbf,1.4,0.16765280081146844,0.2347139211360558,9.075954430386684,3,0.0023724582842434942,3,0.016718304199275943,10.0,0.0012816250000042828,0.966,0.9043159733276493,0.8758028360088443,0.966,
variable_density,synthetic,knn_rbf,1.4,0.16765280081146844,0.2347139211360558,9.075954430386684,4,0.019090762483519437,3,0.016718304199275943,10.0,0.0012816250000042828,0.966,0.9043159733276493,0.8758028360088443,0.966,
variable_density,synthetic,knn_rbf,1.4,0.16765280081146844,0.2347139211360558,9.075954430386684,5,0.032230239048936744,3,0.016718304199275943,10.0,0.0012816250000042828,0.966,0.9043159733276493,0.8758028360088443,0.966,
variable_density,synthetic,knn_rbf,1.4,0.16765280081146844,0.2347139211360558,9.075954430386684,6,0.04186766840503894,3,0.016718304199275943,10.0,0.0012816250000042828,0.966,0.9043159733276493,0.8758028360088443,0.966,
variable_density,synthetic,knn_rbf,1.4,0.16765280081146844,0.2347139211360558,9.075954430386684,7,0.04489625937307298,3,0.016718304199275943,10.0,0.0012816250000042828,0.966,0.9043159733276493,0.8758028360088443,0.966,
variable_density,synthetic,knn_rbf,1.4,0.16765280081146844,0.2347139211360558,9.075954430386684,8,0.05621551423771221,3,0.016718304199275943,10.0,0.0012816250000042828,0.966,0.9043159733276493,0.8758028360088443,0.966,
variable_density,synthetic,knn_rbf,1.4,0.16765280081146844,0.2347139211360558,9.075954430386684,9,0.06295533153172572,3,0.016718304199275943,10.0,0.0012816250000042828,0.966,0.9043159733276493,0.8758028360088443,0.966,
variable_density,synthetic,knn_rbf,1.4,0.16765280081146844,0.2347139211360558,9.075954430386684,10,0.06839881962285176,3,0.016718304199275943,10.0,0.0012816250000042828,0.966,0.9043159733276493,0.8758028360088443,0.966,
variable_density,synthetic,knn_rbf,1.4,0.16765280081146844,0.2347139211360558,9.075954430386684,11,0.09338748577198702,3,0.016718304199275943,10.0,0.0012816250000042828,0.966,0.9043159733276493,0.8758028360088443,0.966,
variable_density,synthetic,knn_rbf,1.4,0.16765280081146844,0.2347139211360558,9.075954430386684,12,0.09923713612311653,3,0.016718304199275943,10.0,0.0012816250000042828,0.966,0.9043159733276493,0.8758028360088443,0.966,
variable_density,synthetic,knn_rbf,2.0,0.16765280081146844,0.3353056016229369,4.447217670889474,1,-5.570833149546642e-17,3,0.01876227674161428,7.0,0.0009503750000021682,0.956,0.8796838619687662,0.8545764291761323,0.956,
variable_density,synthetic,knn_rbf,2.0,0.16765280081146844,0.3353056016229369,4.447217670889474,2,0.00016127131110158004,3,0.01876227674161428,7.0,0.0009503750000021682,0.956,0.8796838619687662,0.8545764291761323,0.956,
variable_density,synthetic,knn_rbf,2.0,0.16765280081146844,0.3353056016229369,4.447217670889474,3,0.004280275015327654,3,0.01876227674161428,7.0,0.0009503750000021682,0.956,0.8796838619687662,0.8545764291761323,0.956,
variable_density,synthetic,knn_rbf,2.0,0.16765280081146844,0.3353056016229369,4.447217670889474,4,0.023042551756941934,3,0.01876227674161428,7.0,0.0009503750000021682,0.956,0.8796838619687662,0.8545764291761323,0.956,
variable_density,synthetic,knn_rbf,2.0,0.16765280081146844,0.3353056016229369,4.447217670889474,5,0.03797524069543395,3,0.01876227674161428,7.0,0.0009503750000021682,0.956,0.8796838619687662,0.8545764291761323,0.956,
variable_density,synthetic,knn_rbf,2.0,0.16765280081146844,0.3353056016229369,4.447217670889474,6,0.04184641008496736,3,0.01876227674161428,7.0,0.0009503750000021682,0.956,0.8796838619687662,0.8545764291761323,0.956,
variable_density,synthetic,knn_rbf,2.0,0.16765280081146844,0.3353056016229369,4.447217670889474,7,0.046163153826591016,3,0.01876227674161428,7.0,0.0009503750000021682,0.956,0.8796838619687662,0.8545764291761323,0.956,
variable_density,synthetic,knn_rbf,2.0,0.16765280081146844,0.3353056016229369,4.447217670889474,8,0.07004377924554069,3,0.01876227674161428,7.0,0.0009503750000021682,0.956,0.8796838619687662,0.8545764291761323,0.956,
variable_density,synthetic,knn_rbf,2.0,0.16765280081146844,0.3353056016229369,4.447217670889474,9,0.08045711537640739,3,0.01876227674161428,7.0,0.0009503750000021682,0.956,0.8796838619687662,0.8545764291761323,0.956,
variable_density,synthetic,knn_rbf,2.0,0.16765280081146844,0.3353056016229369,4.447217670889474,10,0.09655708819166071,3,0.01876227674161428,7.0,0.0009503750000021682,0.956,0.8796838619687662,0.8545764291761323,0.956,
variable_density,synthetic,knn_rbf,2.0,0.16765280081146844,0.3353056016229369,4.447217670889474,11,0.10527303052685971,3,0.01876227674161428,7.0,0.0009503750000021682,0.956,0.8796838619687662,0.8545764291761323,0.956,
variable_density,synthetic,knn_rbf,2.0,0.16765280081146844,0.3353056016229369,4.447217670889474,12,0.11042624844754186,3,0.01876227674161428,7.0,0.0009503750000021682,0.956,0.8796838619687662,0.8545764291761323,0.956,
variable_density,synthetic,knn_rbf,3.0,0.16765280081146844,0.5029584024344054,1.9765411870619884,1,3.955807976311113e-17,3,0.019604706227352598,7.0,0.0009428750000068931,0.956,0.877791447584264,0.8512283172800986,0.956,
variable_density,synthetic,knn_rbf,3.0,0.16765280081146844,0.5029584024344054,1.9765411870619884,2,0.0007527044319497539,3,0.019604706227352598,7.0,0.0009428750000068931,0.956,0.877791447584264,0.8512283172800986,0.956,
variable_density,synthetic,knn_rbf,3.0,0.16765280081146844,0.5029584024344054,1.9765411870619884,3,0.006095455939395369,3,0.019604706227352598,7.0,0.0009428750000068931,0.956,0.877791447584264,0.8512283172800986,0.956,
variable_density,synthetic,knn_rbf,3.0,0.16765280081146844,0.5029584024344054,1.9765411870619884,4,0.025700162166747968,3,0.019604706227352598,7.0,0.0009428750000068931,0.956,0.877791447584264,0.8512283172800986,0.956,
variable_density,synthetic,knn_rbf,3.0,0.16765280081146844,0.5029584024344054,1.9765411870619884,5,0.04071307572862194,3,0.019604706227352598,7.0,0.0009428750000068931,0.956,0.877791447584264,0.8512283172800986,0.956,
variable_density,synthetic,knn_rbf,3.0,0.16765280081146844,0.5029584024344054,1.9765411870619884,6,0.041900741476891,3,0.019604706227352598,7.0,0.0009428750000068931,0.956,0.877791447584264,0.8512283172800986,0.956,
variable_density,synthetic,knn_rbf,3.0,0.16765280081146844,0.5029584024344054,1.9765411870619884,7,0.047988344382942354,3,0.019604706227352598,7.0,0.0009428750000068931,0.956,0.877791447584264,0.8512283172800986,0.956,
variable_density,synthetic,knn_rbf,3.0,0.16765280081146844,0.5029584024344054,1.9765411870619884,8,0.07661639309652686,3,0.019604706227352598,7.0,0.0009428750000068931,0.956,0.877791447584264,0.8512283172800986,0.956,
variable_density,synthetic,knn_rbf,3.0,0.16765280081146844,0.5029584024344054,1.9765411870619884,9,0.09183781222013258,3,0.019604706227352598,7.0,0.0009428750000068931,0.956,0.877791447584264,0.8512283172800986,0.956,
variable_density,synthetic,knn_rbf,3.0,0.16765280081146844,0.5029584024344054,1.9765411870619884,10,0.10654660447186119,3,0.019604706227352598,7.0,0.0009428750000068931,0.956,0.877791447584264,0.8512283172800986,0.956,
variable_density,synthetic,knn_rbf,3.0,0.16765280081146844,0.5029584024344054,1.9765411870619884,11,0.11290049679649876,3,0.019604706227352598,7.0,0.0009428750000068931,0.956,0.877791447584264,0.8512283172800986,0.956,
variable_density,synthetic,knn_rbf,3.0,0.16765280081146844,0.5029584024344054,1.9765411870619884,12,0.11660029389660133,3,0.019604706227352598,7.0,0.0009428750000068931,0.956,0.877791447584264,0.8512283172800986,0.956,
variable_density,synthetic,knn_rbf,5.0,0.16765280081146844,0.8382640040573421,0.711554827342316,1,-1.4423607236346757e-16,3,0.020193103881844296,7.0,0.0010092500000098426,0.956,0.877791447584264,0.8512283172800986,0.956,
variable_density,synthetic,knn_rbf,5.0,0.16765280081146844,0.8382640040573421,0.711554827342316,2,0.0016657563547439842,3,0.020193103881844296,7.0,0.0010092500000098426,0.956,0.877791447584264,0.8512283172800986,0.956,
variable_density,synthetic,knn_rbf,5.0,0.16765280081146844,0.8382640040573421,0.711554827342316,3,0.007497886465085589,3,0.020193103881844296,7.0,0.0010092500000098426,0.956,0.877791447584264,0.8512283172800986,0.956,
variable_density,synthetic,knn_rbf,5.0,0.16765280081146844,0.8382640040573421,0.711554827342316,4,0.027690990346929886,3,0.020193103881844296,7.0,0.0010092500000098426,0.956,0.877791447584264,0.8512283172800986,0.956,
variable_density,synthetic,knn_rbf,5.0,0.16765280081146844,0.8382640040573421,0.711554827342316,5,0.04171969425680748,3,0.020193103881844296,7.0,0.0010092500000098426,0.956,0.877791447584264,0.8512283172800986,0.956,
variable_density,synthetic,knn_rbf,5.0,0.16765280081146844,0.8382640040573421,0.711554827342316,6,0.04250327956238286,3,0.020193103881844296,7.0,0.0010092500000098426,0.956,0.877791447584264,0.8512283172800986,0.956,
variable_density,synthetic,knn_rbf,5.0,0.16765280081146844,0.8382640040573421,0.711554827342316,7,0.0500662002818304,3,0.020193103881844296,7.0,0.0010092500000098426,0.956,0.877791447584264,0.8512283172800986,0.956,
variable_density,synthetic,knn_rbf,5.0,0.16765280081146844,0.8382640040573421,0.711554827342316,8,0.07988770266335539,3,0.020193103881844296,7.0,0.0010092500000098426,0.956,0.877791447584264,0.8512283172800986,0.956,
variable_density,synthetic,knn_rbf,5.0,0.16765280081146844,0.8382640040573421,0.711554827342316,9,0.09893350119635992,3,0.020193103881844296,7.0,0.0010092500000098426,0.956,0.877791447584264,0.8512283172800986,0.956,
variable_density,synthetic,knn_rbf,5.0,0.16765280081146844,0.8382640040573421,0.711554827342316,10,0.10872181892032935,3,0.020193103881844296,7.0,0.0010092500000098426,0.956,0.877791447584264,0.8512283172800986,0.956,
variable_density,synthetic,knn_rbf,5.0,0.16765280081146844,0.8382640040573421,0.711554827342316,11,0.11532330648547727,3,0.020193103881844296,7.0,0.0010092500000098426,0.956,0.877791447584264,0.8512283172800986,0.956,
variable_density,synthetic,knn_rbf,5.0,0.16765280081146844,0.8382640040573421,0.711554827342316,12,0.12640133998538106,3,0.020193103881844296,7.0,0.0010092500000098426,0.956,0.877791447584264,0.8512283172800986,0.956,
digits_01,digits,dense_rbf,0.1,9.96630173373514,0.996630173373514,0.5033869370811079,1,-4.174151768613992e-15,2,1.3782245751204336e-08,8.0,0.013907334000009541,0.5638888888888889,0.015429201573414018,0.0768817319995607,0.5638888888888889,
digits_01,digits,dense_rbf,0.1,9.96630173373514,0.996630173373514,0.5033869370811079,2,5.867753739286599e-12,2,1.3782245751204336e-08,8.0,0.013907334000009541,0.5638888888888889,0.015429201573414018,0.0768817319995607,0.5638888888888889,
digits_01,digits,dense_rbf,0.1,9.96630173373514,0.996630173373514,0.5033869370811079,3,1.3788113504943622e-08,2,1.3782245751204336e-08,8.0,0.013907334000009541,0.5638888888888889,0.015429201573414018,0.0768817319995607,0.5638888888888889,
digits_01,digits,dense_rbf,0.1,9.96630173373514,0.996630173373514,0.5033869370811079,4,3.839047189814601e-05,2,1.3782245751204336e-08,8.0,0.013907334000009541,0.5638888888888889,0.015429201573414018,0.0768817319995607,0.5638888888888889,
digits_01,digits,dense_rbf,0.1,9.96630173373514,0.996630173373514,0.5033869370811079,5,0.0010771475653273772,2,1.3782245751204336e-08,8.0,0.013907334000009541,0.5638888888888889,0.015429201573414018,0.0768817319995607,0.5638888888888889,
digits_01,digits,dense_rbf,0.1,9.96630173373514,0.996630173373514,0.5033869370811079,6,0.0029903657909681578,2,1.3782245751204336e-08,8.0,0.013907334000009541,0.5638888888888889,0.015429201573414018,0.0768817319995607,0.5638888888888889,
digits_01,digits,dense_rbf,0.1,9.96630173373514,0.996630173373514,0.5033869370811079,7,0.0031726726957351475,2,1.3782245751204336e-08,8.0,0.013907334000009541,0.5638888888888889,0.015429201573414018,0.0768817319995607,0.5638888888888889,
digits_01,digits,dense_rbf,0.1,9.96630173373514,0.996630173373514,0.5033869370811079,8,0.004717314878256385,2,1.3782245751204336e-08,8.0,0.013907334000009541,0.5638888888888889,0.015429201573414018,0.0768817319995607,0.5638888888888889,
digits_01,digits,dense_rbf,0.1,9.96630173373514,0.996630173373514,0.5033869370811079,9,0.013961775675669861,2,1.3782245751204336e-08,8.0,0.013907334000009541,0.5638888888888889,0.015429201573414018,0.0768817319995607,0.5638888888888889,
digits_01,digits,dense_rbf,0.1,9.96630173373514,0.996630173373514,0.5033869370811079,10,0.018496665805656908,2,1.3782245751204336e-08,8.0,0.013907334000009541,0.5638888888888889,0.015429201573414018,0.0768817319995607,0.5638888888888889,
digits_01,digits,dense_rbf,0.1,9.96630173373514,0.996630173373514,0.5033869370811079,11,0.020998910056022366,2,1.3782245751204336e-08,8.0,0.013907334000009541,0.5638888888888889,0.015429201573414018,0.0768817319995607,0.5638888888888889,
digits_01,digits,dense_rbf,0.1,9.96630173373514,0.996630173373514,0.5033869370811079,12,0.02549519819870051,2,1.3782245751204336e-08,8.0,0.013907334000009541,0.5638888888888889,0.015429201573414018,0.0768817319995607,0.5638888888888889,
digits_01,digits,dense_rbf,0.2,9.96630173373514,1.993260346747028,0.12584673427027698,1,-6.985224001005896e-16,2,0.0008792387294339092,6.0,0.015524249999998574,0.5111111111111111,0.0003116065617395571,0.010801079612899537,0.5111111111111111,
digits_01,digits,dense_rbf,0.2,9.96630173373514,1.993260346747028,0.12584673427027698,2,0.00011233148845850305,2,0.0008792387294339092,6.0,0.015524249999998574,0.5111111111111111,0.0003116065617395571,0.010801079612899537,0.5111111111111111,
digits_01,digits,dense_rbf,0.2,9.96630173373514,1.993260346747028,0.12584673427027698,3,0.0009915702178924122,2,0.0008792387294339092,6.0,0.015524249999998574,0.5111111111111111,0.0003116065617395571,0.010801079612899537,0.5111111111111111,
digits_01,digits,dense_rbf,0.2,9.96630173373514,1.993260346747028,0.12584673427027698,4,0.0011379290581123808,2,0.0008792387294339092,6.0,0.015524249999998574,0.5111111111111111,0.0003116065617395571,0.010801079612899537,0.5111111111111111,
digits_01,digits,dense_rbf,0.2,9.96630173373514,1.993260346747028,0.12584673427027698,5,0.0019844309804834055,2,0.0008792387294339092,6.0,0.015524249999998574,0.5111111111111111,0.0003116065617395571,0.010801079612899537,0.5111111111111111,
digits_01,digits,dense_rbf,0.2,9.96630173373514,1.993260346747028,0.12584673427027698,6,0.04504947355438157,2,0.0008792387294339092,6.0,0.015524249999998574,0.5111111111111111,0.0003116065617395571,0.010801079612899537,0.5111111111111111,
digits_01,digits,dense_rbf,0.2,9.96630173373514,1.993260346747028,0.12584673427027698,7,0.14235177655763212,2,0.0008792387294339092,6.0,0.015524249999998574,0.5111111111111111,0.0003116065617395571,0.010801079612899537,0.5111111111111111,
digits_01,digits,dense_rbf,0.2,9.96630173373514,1.993260346747028,0.12584673427027698,8,0.16591276113828957,2,0.0008792387294339092,6.0,0.015524249999998574,0.5111111111111111,0.0003116065617395571,0.010801079612899537,0.5111111111111111,
digits_01,digits,dense_rbf,0.2,9.96630173373514,1.993260346747028,0.12584673427027698,9,0.19563876431808389,2,0.0008792387294339092,6.0,0.015524249999998574,0.5111111111111111,0.0003116065617395571,0.010801079612899537,0.5111111111111111,
digits_01,digits,dense_rbf,0.2,9.96630173373514,1.993260346747028,0.12584673427027698,10,0.2770666677254495,2,0.0008792387294339092,6.0,0.015524249999998574,0.5111111111111111,0.0003116065617395571,0.010801079612899537,0.5111111111111111,
digits_01,digits,dense_rbf,0.2,9.96630173373514,1.993260346747028,0.12584673427027698,11,0.32197924094597125,2,0.0008792387294339092,6.0,0.015524249999998574,0.5111111111111111,0.0003116065617395571,0.010801079612899537,0.5111111111111111,
digits_01,digits,dense_rbf,0.2,9.96630173373514,1.993260346747028,0.12584673427027698,12,0.3708394219110326,2,0.0008792387294339092,6.0,0.015524249999998574,0.5111111111111111,0.0003116065617395571,0.010801079612899537,0.5111111111111111,
digits_01,digits,dense_rbf,0.35,9.96630173373514,3.488205606807299,0.04109281119029453,1,1.4431942564941023e-15,2,0.07160216439301595,5.0,0.007803041999991933,1.0,1.0,1.0,1.0,
digits_01,digits,dense_rbf,0.35,9.96630173373514,3.488205606807299,0.04109281119029453,2,0.14156457971446626,2,0.07160216439301595,5.0,0.007803041999991933,1.0,1.0,1.0,1.0,
digits_01,digits,dense_rbf,0.35,9.96630173373514,3.488205606807299,0.04109281119029453,3,0.2131667441074822,2,0.07160216439301595,5.0,0.007803041999991933,1.0,1.0,1.0,1.0,
digits_01,digits,dense_rbf,0.35,9.96630173373514,3.488205606807299,0.04109281119029453,4,0.33303388837751224,2,0.07160216439301595,5.0,0.007803041999991933,1.0,1.0,1.0,1.0,
digits_01,digits,dense_rbf,0.35,9.96630173373514,3.488205606807299,0.04109281119029453,5,0.33972966741424226,2,0.07160216439301595,5.0,0.007803041999991933,1.0,1.0,1.0,1.0,
digits_01,digits,dense_rbf,0.35,9.96630173373514,3.488205606807299,0.04109281119029453,6,0.6339080410201001,2,0.07160216439301595,5.0,0.007803041999991933,1.0,1.0,1.0,1.0,
digits_01,digits,dense_rbf,0.35,9.96630173373514,3.488205606807299,0.04109281119029453,7,0.6369645420884101,2,0.07160216439301595,5.0,0.007803041999991933,1.0,1.0,1.0,1.0,
digits_01,digits,dense_rbf,0.35,9.96630173373514,3.488205606807299,0.04109281119029453,8,0.6490871427587799,2,0.07160216439301595,5.0,0.007803041999991933,1.0,1.0,1.0,1.0,
digits_01,digits,dense_rbf,0.35,9.96630173373514,3.488205606807299,0.04109281119029453,9,0.7159246957583113,2,0.07160216439301595,5.0,0.007803041999991933,1.0,1.0,1.0,1.0,
digits_01,digits,dense_rbf,0.35,9.96630173373514,3.488205606807299,0.04109281119029453,10,0.7315228681728596,2,0.07160216439301595,5.0,0.007803041999991933,1.0,1.0,1.0,1.0,
digits_01,digits,dense_rbf,0.35,9.96630173373514,3.488205606807299,0.04109281119029453,11,0.7362378931409577,2,0.07160216439301595,5.0,0.007803041999991933,1.0,1.0,1.0,1.0,
digits_01,digits,dense_rbf,0.35,9.96630173373514,3.488205606807299,0.04109281119029453,12,0.7542987933888384,2,0.07160216439301595,5.0,0.007803041999991933,1.0,1.0,1.0,1.0,
digits_01,digits,dense_rbf,0.5,9.96630173373514,4.98315086686757,0.02013547748324432,1,-4.440892123534535e-16,2,0.19568032783803635,1.0,0.017590999999995915,0.9972222222222222,0.988888814745925,0.9751786102885643,0.9972222222222222,
digits_01,digits,dense_rbf,0.5,9.96630173373514,4.98315086686757,0.02013547748324432,2,0.4420118727479666,2,0.19568032783803635,1.0,0.017590999999995915,0.9972222222222222,0.988888814745925,0.9751786102885643,0.9972222222222222,
digits_01,digits,dense_rbf,0.5,9.96630173373514,4.98315086686757,0.02013547748324432,3,0.637692200586003,2,0.19568032783803635,1.0,0.017590999999995915,0.9972222222222222,0.988888814745925,0.9751786102885643,0.9972222222222222,
digits_01,digits,dense_rbf,0.5,9.96630173373514,4.98315086686757,0.02013547748324432,4,0.676571721423143,2,0.19568032783803635,1.0,0.017590999999995915,0.9972222222222222,0.988888814745925,0.9751786102885643,0.9972222222222222,
digits_01,digits,dense_rbf,0.5,9.96630173373514,4.98315086686757,0.02013547748324432,5,0.8777321879186338,2,0.19568032783803635,1.0,0.017590999999995915,0.9972222222222222,0.988888814745925,0.9751786102885643,0.9972222222222222,
digits_01,digits,dense_rbf,0.5,9.96630173373514,4.98315086686757,0.02013547748324432,6,0.8830127155515596,2,0.19568032783803635,1.0,0.017590999999995915,0.9972222222222222,0.988888814745925,0.9751786102885643,0.9972222222222222,
digits_01,digits,dense_rbf,0.5,9.96630173373514,4.98315086686757,0.02013547748324432,7,0.8876488261946139,2,0.19568032783803635,1.0,0.017590999999995915,0.9972222222222222,0.988888814745925,0.9751786102885643,0.9972222222222222,
digits_01,digits,dense_rbf,0.5,9.96630173373514,4.98315086686757,0.02013547748324432,8,0.8963841755680588,2,0.19568032783803635,1.0,0.017590999999995915,0.9972222222222222,0.988888814745925,0.9751786102885643,0.9972222222222222,
digits_01,digits,dense_rbf,0.5,9.96630173373514,4.98315086686757,0.02013547748324432,9,0.9066585978715321,2,0.19568032783803635,1.0,0.017590999999995915,0.9972222222222222,0.988888814745925,0.9751786102885643,0.9972222222222222,
digits_01,digits,dense_rbf,0.5,9.96630173373514,4.98315086686757,0.02013547748324432,10,0.9128973314196441,2,0.19568032783803635,1.0,0.017590999999995915,0.9972222222222222,0.988888814745925,0.9751786102885643,0.9972222222222222,
digits_01,digits,dense_rbf,0.5,9.96630173373514,4.98315086686757,0.02013547748324432,11,0.920682824658929,2,0.19568032783803635,1.0,0.017590999999995915,0.9972222222222222,0.988888814745925,0.9751786102885643,0.9972222222222222,
digits_01,digits,dense_rbf,0.5,9.96630173373514,4.98315086686757,0.02013547748324432,12,0.9237953729231198,2,0.19568032783803635,1.0,0.017590999999995915,0.9972222222222222,0.988888814745925,0.9751786102885643,0.9972222222222222,
digits_01,digits,dense_rbf,0.7,9.96630173373514,6.976411213614598,0.010273202797573633,1,-3.234989500516226e-52,2,0.14175043871408421,1.0,0.009056332999989536,0.9916666666666667,0.966852146498289,0.9311368575551466,0.9916666666666667,
digits_01,digits,dense_rbf,0.7,9.96630173373514,6.976411213614598,0.010273202797573633,2,0.6916429979658942,2,0.14175043871408421,1.0,0.009056332999989536,0.9916666666666667,0.966852146498289,0.9311368575551466,0.9916666666666667,
digits_01,digits,dense_rbf,0.7,9.96630173373514,6.976411213614598,0.010273202797573633,3,0.8333934366799784,2,0.14175043871408421,1.0,0.009056332999989536,0.9916666666666667,0.966852146498289,0.9311368575551466,0.9916666666666667,
digits_01,digits,dense_rbf,0.7,9.96630173373514,6.976411213614598,0.010273202797573633,4,0.8692010155937944,2,0.14175043871408421,1.0,0.009056332999989536,0.9916666666666667,0.966852146498289,0.9311368575551466,0.9916666666666667,
digits_01,digits,dense_rbf,0.7,9.96630173373514,6.976411213614598,0.010273202797573633,5,0.9457997037673227,2,0.14175043871408421,1.0,0.009056332999989536,0.9916666666666667,0.966852146498289,0.9311368575551466,0.9916666666666667,
digits_01,digits,dense_rbf,0.7,9.96630173373514,6.976411213614598,0.010273202797573633,6,0.951383570702782,2,0.14175043871408421,1.0,0.009056332999989536,0.9916666666666667,0.966852146498289,0.9311368575551466,0.9916666666666667,
digits_01,digits,dense_rbf,0.7,9.96630173373514,6.976411213614598,0.010273202797573633,7,0.9624166714062673,2,0.14175043871408421,1.0,0.009056332999989536,0.9916666666666667,0.966852146498289,0.9311368575551466,0.9916666666666667,
digits_01,digits,dense_rbf,0.7,9.96630173373514,6.976411213614598,0.010273202797573633,8,0.9649252160331317,2,0.14175043871408421,1.0,0.009056332999989536,0.9916666666666667,0.966852146498289,0.9311368575551466,0.9916666666666667,
digits_01,digits,dense_rbf,0.7,9.96630173373514,6.976411213614598,0.010273202797573633,9,0.9688250967558713,2,0.14175043871408421,1.0,0.009056332999989536,0.9916666666666667,0.966852146498289,0.9311368575551466,0.9916666666666667,
digits_01,digits,dense_rbf,0.7,9.96630173373514,6.976411213614598,0.010273202797573633,10,0.971943067046424,2,0.14175043871408421,1.0,0.009056332999989536,0.9916666666666667,0.966852146498289,0.9311368575551466,0.9916666666666667,
digits_01,digits,dense_rbf,0.7,9.96630173373514,6.976411213614598,0.010273202797573633,11,0.9740655596766545,2,0.14175043871408421,1.0,0.009056332999989536,0.9916666666666667,0.966852146498289,0.9311368575551466,0.9916666666666667,
digits_01,digits,dense_rbf,0.7,9.96630173373514,6.976411213614598,0.010273202797573633,12,0.9779025028202979,2,0.14175043871408421,1.0,0.009056332999989536,0.9916666666666667,0.966852146498289,0.9311368575551466,0.9916666666666667,
digits_01,digits,dense_rbf,0.7071067811865475,9.96630173373514,7.047239539275362,0.010067738741622161,1,2.220446049250313e-16,2,0.1395656048905114,1.0,0.015668625000003544,0.9916666666666667,0.966852146498289,0.9311368575551466,0.9916666666666667,
digits_01,digits,dense_rbf,0.7071067811865475,9.96630173373514,7.047239539275362,0.010067738741622161,2,0.6975241825769185,2,0.1395656048905114,1.0,0.015668625000003544,0.9916666666666667,0.966852146498289,0.9311368575551466,0.9916666666666667,
digits_01,digits,dense_rbf,0.7071067811865475,9.96630173373514,7.047239539275362,0.010067738741622161,3,0.8370897874674299,2,0.1395656048905114,1.0,0.015668625000003544,0.9916666666666667,0.966852146498289,0.9311368575551466,0.9916666666666667,
digits_01,digits,dense_rbf,0.7071067811865475,9.96630173373514,7.047239539275362,0.010067738741622161,4,0.8726278843106262,2,0.1395656048905114,1.0,0.015668625000003544,0.9916666666666667,0.966852146498289,0.9311368575551466,0.9916666666666667,
digits_01,digits,dense_rbf,0.7071067811865475,9.96630173373514,7.047239539275362,0.010067738741622161,5,0.9470670278837093,2,0.1395656048905114,1.0,0.015668625000003544,0.9916666666666667,0.966852146498289,0.9311368575551466,0.9916666666666667,
digits_01,digits,dense_rbf,0.7071067811865475,9.96630173373514,7.047239539275362,0.010067738741622161,6,0.9526507812305092,2,0.1395656048905114,1.0,0.015668625000003544,0.9916666666666667,0.966852146498289,0.9311368575551466,0.9916666666666667,
digits_01,digits,dense_rbf,0.7071067811865475,9.96630173373514,7.047239539275362,0.010067738741622161,7,0.9635400418764056,2,0.1395656048905114,1.0,0.015668625000003544,0.9916666666666667,0.966852146498289,0.9311368575551466,0.9916666666666667,
digits_01,digits,dense_rbf,0.7071067811865475,9.96630173373514,7.047239539275362,0.010067738741622161,8,0.9658886875839908,2,0.1395656048905114,1.0,0.015668625000003544,0.9916666666666667,0.966852146498289,0.9311368575551466,0.9916666666666667,
digits_01,digits,dense_rbf,0.7071067811865475,9.96630173373514,7.047239539275362,0.010067738741622161,9,0.9696940737917259,2,0.1395656048905114,1.0,0.015668625000003544,0.9916666666666667,0.966852146498289,0.9311368575551466,0.9916666666666667,
digits_01,digits,dense_rbf,0.7071067811865475,9.96630173373514,7.047239539275362,0.010067738741622161,10,0.9728054931097037,2,0.1395656048905114,1.0,0.015668625000003544,0.9916666666666667,0.966852146498289,0.9311368575551466,0.9916666666666667,
digits_01,digits,dense_rbf,0.7071067811865475,9.96630173373514,7.047239539275362,0.010067738741622161,11,0.9747763369461206,2,0.1395656048905114,1.0,0.015668625000003544,0.9916666666666667,0.966852146498289,0.9311368575551466,0.9916666666666667,
digits_01,digits,dense_rbf,0.7071067811865475,9.96630173373514,7.047239539275362,0.010067738741622161,12,0.9786326277538154,2,0.1395656048905114,1.0,0.015668625000003544,0.9916666666666667,0.966852146498289,0.9311368575551466,0.9916666666666667,
digits_01,digits,dense_rbf,1.0,9.96630173373514,9.96630173373514,0.00503386937081108,1,2.220446049250313e-16,2,0.07617608999813585,1.0,0.007722583999992594,0.9916666666666667,0.966852146498289,0.9311368575551466,0.9916666666666667,
digits_01,digits,dense_rbf,1.0,9.96630173373514,9.96630173373514,0.00503386937081108,2,0.8475005564613303,2,0.07617608999813585,1.0,0.007722583999992594,0.9916666666666667,0.966852146498289,0.9311368575551466,0.9916666666666667,
digits_01,digits,dense_rbf,1.0,9.96630173373514,9.96630173373514,0.00503386937081108,3,0.9236766464594661,2,0.07617608999813585,1.0,0.007722583999992594,0.9916666666666667,0.966852146498289,0.9311368575551466,0.9916666666666667,
digits_01,digits,dense_rbf,1.0,9.96630173373514,9.96630173373514,0.00503386937081108,4,0.9462612286067884,2,0.07617608999813585,1.0,0.007722583999992594,0.9916666666666667,0.966852146498289,0.9311368575551466,0.9916666666666667,
digits_01,digits,dense_rbf,1.0,9.96630173373514,9.96630173373514,0.00503386937081108,5,0.9765507878548221,2,0.07617608999813585,1.0,0.007722583999992594,0.9916666666666667,0.966852146498289,0.9311368575551466,0.9916666666666667,
digits_01,digits,dense_rbf,1.0,9.96630173373514,9.96630173373514,0.00503386937081108,6,0.9806013388899815,2,0.07617608999813585,1.0,0.007722583999992594,0.9916666666666667,0.966852146498289,0.9311368575551466,0.9916666666666667,
digits_01,digits,dense_rbf,1.0,9.96630173373514,9.96630173373514,0.00503386937081108,7,0.9856414681551259,2,0.07617608999813585,1.0,0.007722583999992594,0.9916666666666667,0.966852146498289,0.9311368575551466,0.9916666666666667,
digits_01,digits,dense_rbf,1.0,9.96630173373514,9.96630173373514,0.00503386937081108,8,0.9873658562022424,2,0.07617608999813585,1.0,0.007722583999992594,0.9916666666666667,0.966852146498289,0.9311368575551466,0.9916666666666667,
digits_01,digits,dense_rbf,1.0,9.96630173373514,9.96630173373514,0.00503386937081108,9,0.9883338169803532,2,0.07617608999813585,1.0,0.007722583999992594,0.9916666666666667,0.966852146498289,0.9311368575551466,0.9916666666666667,
digits_01,digits,dense_rbf,1.0,9.96630173373514,9.96630173373514,0.00503386937081108,10,0.9901177430544464,2,0.07617608999813585,1.0,0.007722583999992594,0.9916666666666667,0.966852146498289,0.9311368575551466,0.9916666666666667,
digits_01,digits,dense_rbf,1.0,9.96630173373514,9.96630173373514,0.00503386937081108,11,0.9909762445594118,2,0.07617608999813585,1.0,0.007722583999992594,0.9916666666666667,0.966852146498289,0.9311368575551466,0.9916666666666667,
digits_01,digits,dense_rbf,1.0,9.96630173373514,9.96630173373514,0.00503386937081108,12,0.9924212915878937,2,0.07617608999813585,1.0,0.007722583999992594,0.9916666666666667,0.966852146498289,0.9311368575551466,0.9916666666666667,
digits_01,digits,dense_rbf,1.4,9.96630173373514,13.952822427229195,0.002568300699393408,1,6.661338147750939e-16,2,0.03981650230539946,1.0,0.014477624999997829,0.9916666666666667,0.966852146498289,0.9311368575551466,0.9916666666666667,
digits_01,digits,dense_rbf,1.4,9.96630173373514,13.952822427229195,0.002568300699393408,2,0.9235239101568182,2,0.03981650230539946,1.0,0.014477624999997829,0.9916666666666667,0.966852146498289,0.9311368575551466,0.9916666666666667,
digits_01,digits,dense_rbf,1.4,9.96630173373514,13.952822427229195,0.002568300699393408,3,0.9633404124622177,2,0.03981650230539946,1.0,0.014477624999997829,0.9916666666666667,0.966852146498289,0.9311368575551466,0.9916666666666667,
digits_01,digits,dense_rbf,1.4,9.96630173373514,13.952822427229195,0.002568300699393408,4,0.9757267337658599,2,0.03981650230539946,1.0,0.014477624999997829,0.9916666666666667,0.966852146498289,0.9311368575551466,0.9916666666666667,
digits_01,digits,dense_rbf,1.4,9.96630173373514,13.952822427229195,0.002568300699393408,5,0.9897708428060775,2,0.03981650230539946,1.0,0.014477624999997829,0.9916666666666667,0.966852146498289,0.9311368575551466,0.9916666666666667,
digits_01,digits,dense_rbf,1.4,9.96630173373514,13.952822427229195,0.002568300699393408,6,0.992112006436201,2,0.03981650230539946,1.0,0.014477624999997829,0.9916666666666667,0.966852146498289,0.9311368575551466,0.9916666666666667,
digits_01,digits,dense_rbf,1.4,9.96630173373514,13.952822427229195,0.002568300699393408,7,0.9942897758242495,2,0.03981650230539946,1.0,0.014477624999997829,0.9916666666666667,0.966852146498289,0.9311368575551466,0.9916666666666667,
digits_01,digits,dense_rbf,1.4,9.96630173373514,13.952822427229195,0.002568300699393408,8,0.9955245629382344,2,0.03981650230539946,1.0,0.014477624999997829,0.9916666666666667,0.966852146498289,0.9311368575551466,0.9916666666666667,
digits_01,digits,dense_rbf,1.4,9.96630173373514,13.952822427229195,0.002568300699393408,9,0.9958896781426831,2,0.03981650230539946,1.0,0.014477624999997829,0.9916666666666667,0.966852146498289,0.9311368575551466,0.9916666666666667,
digits_01,digits,dense_rbf,1.4,9.96630173373514,13.952822427229195,0.002568300699393408,10,0.996766373160745,2,0.03981650230539946,1.0,0.014477624999997829,0.9916666666666667,0.966852146498289,0.9311368575551466,0.9916666666666667,
digits_01,digits,dense_rbf,1.4,9.96630173373514,13.952822427229195,0.002568300699393408,11,0.997362121502792,2,0.03981650230539946,1.0,0.014477624999997829,0.9916666666666667,0.966852146498289,0.9311368575551466,0.9916666666666667,
digits_01,digits,dense_rbf,1.4,9.96630173373514,13.952822427229195,0.002568300699393408,12,0.9977640602336851,2,0.03981650230539946,1.0,0.014477624999997829,0.9916666666666667,0.966852146498289,0.9311368575551466,0.9916666666666667,
digits_01,digits,dense_rbf,2.0,9.96630173373514,19.93260346747028,0.00125846734270277,1,8.881784197001252e-16,2,0.019651971493280462,1.0,0.01666212499999631,0.9916666666666667,0.966852146498289,0.9311368575551466,0.9916666666666667,
digits_01,digits,dense_rbf,2.0,9.96630173373514,19.93260346747028,0.00125846734270277,2,0.9640403938181522,2,0.019651971493280462,1.0,0.01666212499999631,0.9916666666666667,0.966852146498289,0.9311368575551466,0.9916666666666667,
digits_01,digits,dense_rbf,2.0,9.96630173373514,19.93260346747028,0.00125846734270277,3,0.9836923653114327,2,0.019651971493280462,1.0,0.01666212499999631,0.9916666666666667,0.966852146498289,0.9311368575551466,0.9916666666666667,
digits_01,digits,dense_rbf,2.0,9.96630173373514,19.93260346747028,0.00125846734270277,4,0.9899356829563613,2,0.019651971493280462,1.0,0.01666212499999631,0.9916666666666667,0.966852146498289,0.9311368575551466,0.9916666666666667,
digits_01,digits,dense_rbf,2.0,9.96630173373514,19.93260346747028,0.00125846734270277,5,0.9964785324617934,2,0.019651971493280462,1.0,0.01666212499999631,0.9916666666666667,0.966852146498289,0.9311368575551466,0.9916666666666667,
digits_01,digits,dense_rbf,2.0,9.96630173373514,19.93260346747028,0.00125846734270277,6,0.997696324182764,2,0.019651971493280462,1.0,0.01666212499999631,0.9916666666666667,0.966852146498289,0.9311368575551466,0.9916666666666667,
digits_01,digits,dense_rbf,2.0,9.96630173373514,19.93260346747028,0.00125846734270277,7,0.9986244785120904,2,0.019651971493280462,1.0,0.01666212499999631,0.9916666666666667,0.966852146498289,0.9311368575551466,0.9916666666666667,
digits_01,digits,dense_rbf,2.0,9.96630173373514,19.93260346747028,0.00125846734270277,8,0.9993275157226336,2,0.019651971493280462,1.0,0.01666212499999631,0.9916666666666667,0.966852146498289,0.9311368575551466,0.9916666666666667,
digits_01,digits,dense_rbf,2.0,9.96630173373514,19.93260346747028,0.00125846734270277,9,0.9995169788509906,2,0.019651971493280462,1.0,0.01666212499999631,0.9916666666666667,0.966852146498289,0.9311368575551466,0.9916666666666667,
digits_01,digits,dense_rbf,2.0,9.96630173373514,19.93260346747028,0.00125846734270277,10,0.9999396978013775,2,0.019651971493280462,1.0,0.01666212499999631,0.9916666666666667,0.966852146498289,0.9311368575551466,0.9916666666666667,
digits_01,digits,dense_rbf,2.0,9.96630173373514,19.93260346747028,0.00125846734270277,11,1.0002458460162815,2,0.019651971493280462,1.0,0.01666212499999631,0.9916666666666667,0.966852146498289,0.9311368575551466,0.9916666666666667,
digits_01,digits,dense_rbf,2.0,9.96630173373514,19.93260346747028,0.00125846734270277,12,1.0004047668478704,2,0.019651971493280462,1.0,0.01666212499999631,0.9916666666666667,0.966852146498289,0.9311368575551466,0.9916666666666667,
digits_01,digits,dense_rbf,3.0,9.96630173373514,29.89890520120542,0.0005593188189790088,1,6.661338147750939e-16,2,0.008750019662726816,1.0,0.0118295000000046,0.9916666666666667,0.966852146498289,0.9311368575551466,0.9916666666666667,
digits_01,digits,dense_rbf,3.0,9.96630173373514,29.89890520120542,0.0005593188189790088,2,0.9856041564120294,2,0.008750019662726816,1.0,0.0118295000000046,0.9916666666666667,0.966852146498289,0.9311368575551466,0.9916666666666667,
digits_01,digits,dense_rbf,3.0,9.96630173373514,29.89890520120542,0.0005593188189790088,3,0.9943541760747562,2,0.008750019662726816,1.0,0.0118295000000046,0.9916666666666667,0.966852146498289,0.9311368575551466,0.9916666666666667,
digits_01,digits,dense_rbf,3.0,9.96630173373514,29.89890520120542,0.0005593188189790088,4,0.9971649355759753,2,0.008750019662726816,1.0,0.0118295000000046,0.9916666666666667,0.966852146498289,0.9311368575551466,0.9916666666666667,
digits_01,digits,dense_rbf,3.0,9.96630173373514,29.89890520120542,0.0005593188189790088,5,0.9999902795848673,2,0.008750019662726816,1.0,0.0118295000000046,0.9916666666666667,0.966852146498289,0.9311368575551466,0.9916666666666667,
digits_01,digits,dense_rbf,3.0,9.96630173373514,29.89890520120542,0.0005593188189790088,6,1.0005473410811507,2,0.008750019662726816,1.0,0.0118295000000046,0.9916666666666667,0.966852146498289,0.9311368575551466,0.9916666666666667,
digits_01,digits,dense_rbf,3.0,9.96630173373514,29.89890520120542,0.0005593188189790088,7,1.0009212330777943,2,0.008750019662726816,1.0,0.0118295000000046,0.9916666666666667,0.966852146498289,0.9311368575551466,0.9916666666666667,
digits_01,digits,dense_rbf,3.0,9.96630173373514,29.89890520120542,0.0005593188189790088,8,1.0012617315675842,2,0.008750019662726816,1.0,0.0118295000000046,0.9916666666666667,0.966852146498289,0.9311368575551466,0.9916666666666667,
digits_01,digits,dense_rbf,3.0,9.96630173373514,29.89890520120542,0.0005593188189790088,9,1.0013498007350636,2,0.008750019662726816,1.0,0.0118295000000046,0.9916666666666667,0.966852146498289,0.9311368575551466,0.9916666666666667,
digits_01,digits,dense_rbf,3.0,9.96630173373514,29.89890520120542,0.0005593188189790088,10,1.001538320311676,2,0.008750019662726816,1.0,0.0118295000000046,0.9916666666666667,0.966852146498289,0.9311368575551466,0.9916666666666667,
digits_01,digits,dense_rbf,3.0,9.96630173373514,29.89890520120542,0.0005593188189790088,11,1.0016730860552725,2,0.008750019662726816,1.0,0.0118295000000046,0.9916666666666667,0.966852146498289,0.9311368575551466,0.9916666666666667,
digits_01,digits,dense_rbf,3.0,9.96630173373514,29.89890520120542,0.0005593188189790088,12,1.0017476436759487,2,0.008750019662726816,1.0,0.0118295000000046,0.9916666666666667,0.966852146498289,0.9311368575551466,0.9916666666666667,
digits_01,digits,dense_rbf,5.0,9.96630173373514,49.831508668675696,0.0002013547748324432,1,4.440892098500626e-16,2,0.0031506266842160624,1.0,0.0077226669999959086,0.9916666666666667,0.966852146498289,0.9311368575551466,0.9916666666666667,
digits_01,digits,dense_rbf,5.0,9.96630173373514,49.831508668675696,0.0002013547748324432,2,0.9966093809948982,2,0.0031506266842160624,1.0,0.0077226669999959086,0.9916666666666667,0.966852146498289,0.9311368575551466,0.9916666666666667,
digits_01,digits,dense_rbf,5.0,9.96630173373514,49.831508668675696,0.0002013547748324432,3,0.9997600076791142,2,0.0031506266842160624,1.0,0.0077226669999959086,0.9916666666666667,0.966852146498289,0.9311368575551466,0.9916666666666667,
digits_01,digits,dense_rbf,5.0,9.96630173373514,49.831508668675696,0.0002013547748324432,4,1.000778193485143,2,0.0031506266842160624,1.0,0.0077226669999959086,0.9916666666666667,0.966852146498289,0.9311368575551466,0.9916666666666667,
digits_01,digits,dense_rbf,5.0,9.96630173373514,49.831508668675696,0.0002013547748324432,5,1.0017788990585408,2,0.0031506266842160624,1.0,0.0077226669999959086,0.9916666666666667,0.966852146498289,0.9311368575551466,0.9916666666666667,
digits_01,digits,dense_rbf,5.0,9.96630173373514,49.831508668675696,0.0002013547748324432,6,1.0019818386996318,2,0.0031506266842160624,1.0,0.0077226669999959086,0.9916666666666667,0.966852146498289,0.9311368575551466,0.9916666666666667,
digits_01,digits,dense_rbf,5.0,9.96630173373514,49.831508668675696,0.0002013547748324432,7,1.00210921710703,2,0.0031506266842160624,1.0,0.0077226669999959086,0.9916666666666667,0.966852146498289,0.9311368575551466,0.9916666666666667,
digits_01,digits,dense_rbf,5.0,9.96630173373514,49.831508668675696,0.0002013547748324432,8,1.002237252671829,2,0.0031506266842160624,1.0,0.0077226669999959086,0.9916666666666667,0.966852146498289,0.9311368575551466,0.9916666666666667,
digits_01,digits,dense_rbf,5.0,9.96630173373514,49.831508668675696,0.0002013547748324432,9,1.002270220609816,2,0.0031506266842160624,1.0,0.0077226669999959086,0.9916666666666667,0.966852146498289,0.9311368575551466,0.9916666666666667,
digits_01,digits,dense_rbf,5.0,9.96630173373514,49.831508668675696,0.0002013547748324432,10,1.002338383488812,2,0.0031506266842160624,1.0,0.0077226669999959086,0.9916666666666667,0.966852146498289,0.9311368575551466,0.9916666666666667,
digits_01,digits,dense_rbf,5.0,9.96630173373514,49.831508668675696,0.0002013547748324432,11,1.002386354210949,2,0.0031506266842160624,1.0,0.0077226669999959086,0.9916666666666667,0.966852146498289,0.9311368575551466,0.9916666666666667,
digits_01,digits,dense_rbf,5.0,9.96630173373514,49.831508668675696,0.0002013547748324432,12,1.0024155174812046,2,0.0031506266842160624,1.0,0.0077226669999959086,0.9916666666666667,0.966852146498289,0.9311368575551466,0.9916666666666667,
digits_01,digits,knn_rbf,0.1,4.438492055901602,0.44384920559016017,2.538043787777831,1,,2,,,0.00752037499999858,,,,,"ARPACK error -1: No convergence (3601 iterations, 0/12 eigenvectors converged)"
digits_01,digits,knn_rbf,0.1,4.438492055901602,0.44384920559016017,2.538043787777831,2,,2,,,0.00752037499999858,,,,,"ARPACK error -1: No convergence (3601 iterations, 0/12 eigenvectors converged)"
digits_01,digits,knn_rbf,0.1,4.438492055901602,0.44384920559016017,2.538043787777831,3,,2,,,0.00752037499999858,,,,,"ARPACK error -1: No convergence (3601 iterations, 0/12 eigenvectors converged)"
digits_01,digits,knn_rbf,0.1,4.438492055901602,0.44384920559016017,2.538043787777831,4,,2,,,0.00752037499999858,,,,,"ARPACK error -1: No convergence (3601 iterations, 0/12 eigenvectors converged)"
digits_01,digits,knn_rbf,0.1,4.438492055901602,0.44384920559016017,2.538043787777831,5,,2,,,0.00752037499999858,,,,,"ARPACK error -1: No convergence (3601 iterations, 0/12 eigenvectors converged)"
digits_01,digits,knn_rbf,0.1,4.438492055901602,0.44384920559016017,2.538043787777831,6,,2,,,0.00752037499999858,,,,,"ARPACK error -1: No convergence (3601 iterations, 0/12 eigenvectors converged)"
digits_01,digits,knn_rbf,0.1,4.438492055901602,0.44384920559016017,2.538043787777831,7,,2,,,0.00752037499999858,,,,,"ARPACK error -1: No convergence (3601 iterations, 0/12 eigenvectors converged)"
digits_01,digits,knn_rbf,0.1,4.438492055901602,0.44384920559016017,2.538043787777831,8,,2,,,0.00752037499999858,,,,,"ARPACK error -1: No convergence (3601 iterations, 0/12 eigenvectors converged)"
digits_01,digits,knn_rbf,0.1,4.438492055901602,0.44384920559016017,2.538043787777831,9,,2,,,0.00752037499999858,,,,,"ARPACK error -1: No convergence (3601 iterations, 0/12 eigenvectors converged)"
digits_01,digits,knn_rbf,0.1,4.438492055901602,0.44384920559016017,2.538043787777831,10,,2,,,0.00752037499999858,,,,,"ARPACK error -1: No convergence (3601 iterations, 0/12 eigenvectors converged)"
digits_01,digits,knn_rbf,0.1,4.438492055901602,0.44384920559016017,2.538043787777831,11,,2,,,0.00752037499999858,,,,,"ARPACK error -1: No convergence (3601 iterations, 0/12 eigenvectors converged)"
digits_01,digits,knn_rbf,0.1,4.438492055901602,0.44384920559016017,2.538043787777831,12,,2,,,0.00752037499999858,,,,,"ARPACK error -1: No convergence (3601 iterations, 0/12 eigenvectors converged)"
digits_01,digits,knn_rbf,0.2,4.438492055901602,0.8876984111803203,0.6345109469444578,1,9.162803319227936e-18,2,2.2520898625962861e-10,7.0,0.001469292000010114,0.5694444444444444,0.01829864864206625,0.0756416589276327,0.5694444444444444,
digits_01,digits,knn_rbf,0.2,4.438492055901602,0.8876984111803203,0.6345109469444578,2,6.483081989690093e-17,2,2.2520898625962861e-10,7.0,0.001469292000010114,0.5694444444444444,0.01829864864206625,0.0756416589276327,0.5694444444444444,
digits_01,digits,knn_rbf,0.2,4.438492055901602,0.8876984111803203,0.6345109469444578,3,2.2520905109044852e-10,2,2.2520898625962861e-10,7.0,0.001469292000010114,0.5694444444444444,0.01829864864206625,0.0756416589276327,0.5694444444444444,
digits_01,digits,knn_rbf,0.2,4.438492055901602,0.8876984111803203,0.6345109469444578,4,2.43079878799122e-06,2,2.2520898625962861e-10,7.0,0.001469292000010114,0.5694444444444444,0.01829864864206625,0.0756416589276327,0.5694444444444444,
digits_01,digits,knn_rbf,0.2,4.438492055901602,0.8876984111803203,0.6345109469444578,5,0.00032756824029397713,2,2.2520898625962861e-10,7.0,0.001469292000010114,0.5694444444444444,0.01829864864206625,0.0756416589276327,0.5694444444444444,
digits_01,digits,knn_rbf,0.2,4.438492055901602,0.8876984111803203,0.6345109469444578,6,0.0004135913489582689,2,2.2520898625962861e-10,7.0,0.001469292000010114,0.5694444444444444,0.01829864864206625,0.0756416589276327,0.5694444444444444,
digits_01,digits,knn_rbf,0.2,4.438492055901602,0.8876984111803203,0.6345109469444578,7,0.0014616373260063474,2,2.2520898625962861e-10,7.0,0.001469292000010114,0.5694444444444444,0.01829864864206625,0.0756416589276327,0.5694444444444444,
digits_01,digits,knn_rbf,0.2,4.438492055901602,0.8876984111803203,0.6345109469444578,8,0.0060122455288355425,2,2.2520898625962861e-10,7.0,0.001469292000010114,0.5694444444444444,0.01829864864206625,0.0756416589276327,0.5694444444444444,
digits_01,digits,knn_rbf,0.2,4.438492055901602,0.8876984111803203,0.6345109469444578,9,0.007156540220386497,2,2.2520898625962861e-10,7.0,0.001469292000010114,0.5694444444444444,0.01829864864206625,0.0756416589276327,0.5694444444444444,
digits_01,digits,knn_rbf,0.2,4.438492055901602,0.8876984111803203,0.6345109469444578,10,0.010178061609793567,2,2.2520898625962861e-10,7.0,0.001469292000010114,0.5694444444444444,0.01829864864206625,0.0756416589276327,0.5694444444444444,
digits_01,digits,knn_rbf,0.2,4.438492055901602,0.8876984111803203,0.6345109469444578,11,0.010365199742587424,2,2.2520898625962861e-10,7.0,0.001469292000010114,0.5694444444444444,0.01829864864206625,0.0756416589276327,0.5694444444444444,
digits_01,digits,knn_rbf,0.2,4.438492055901602,0.8876984111803203,0.6345109469444578,12,0.01260144551739665,2,2.2520898625962861e-10,7.0,0.001469292000010114,0.5694444444444444,0.01829864864206625,0.0756416589276327,0.5694444444444444,
digits_01,digits,knn_rbf,0.35,4.438492055901602,1.5534722195655606,0.20718724798186375,1,-6.911715548716043e-17,2,4.260870634421021e-08,10.0,0.003510708000007412,0.5722222222222222,0.019994796825346002,0.11643591661086476,0.5722222222222222,
digits_01,digits,knn_rbf,0.35,4.438492055901602,1.5534722195655606,0.20718724798186375,2,5.7563199295621266e-08,2,4.260870634421021e-08,10.0,0.003510708000007412,0.5722222222222222,0.019994796825346002,0.11643591661086476,0.5722222222222222,
digits_01,digits,knn_rbf,0.35,4.438492055901602,1.5534722195655606,0.20718724798186375,3,1.0017190563983147e-07,2,4.260870634421021e-08,10.0,0.003510708000007412,0.5722222222222222,0.019994796825346002,0.11643591661086476,0.5722222222222222,
digits_01,digits,knn_rbf,0.35,4.438492055901602,1.5534722195655606,0.20718724798186375,4,3.083799993943432e-06,2,4.260870634421021e-08,10.0,0.003510708000007412,0.5722222222222222,0.019994796825346002,0.11643591661086476,0.5722222222222222,
digits_01,digits,knn_rbf,0.35,4.438492055901602,1.5534722195655606,0.20718724798186375,5,1.2555006116511595e-05,2,4.260870634421021e-08,10.0,0.003510708000007412,0.5722222222222222,0.019994796825346002,0.11643591661086476,0.5722222222222222,
digits_01,digits,knn_rbf,0.35,4.438492055901602,1.5534722195655606,0.20718724798186375,6,0.010003388162483383,2,4.260870634421021e-08,10.0,0.003510708000007412,0.5722222222222222,0.019994796825346002,0.11643591661086476,0.5722222222222222,
digits_01,digits,knn_rbf,0.35,4.438492055901602,1.5534722195655606,0.20718724798186375,7,0.021666844509466817,2,4.260870634421021e-08,10.0,0.003510708000007412,0.5722222222222222,0.019994796825346002,0.11643591661086476,0.5722222222222222,
digits_01,digits,knn_rbf,0.35,4.438492055901602,1.5534722195655606,0.20718724798186375,8,0.06214063150508152,2,4.260870634421021e-08,10.0,0.003510708000007412,0.5722222222222222,0.019994796825346002,0.11643591661086476,0.5722222222222222,
digits_01,digits,knn_rbf,0.35,4.438492055901602,1.5534722195655606,0.20718724798186375,9,0.11047576352081741,2,4.260870634421021e-08,10.0,0.003510708000007412,0.5722222222222222,0.019994796825346002,0.11643591661086476,0.5722222222222222,
digits_01,digits,knn_rbf,0.35,4.438492055901602,1.5534722195655606,0.20718724798186375,10,0.1206301006958269,2,4.260870634421021e-08,10.0,0.003510708000007412,0.5722222222222222,0.019994796825346002,0.11643591661086476,0.5722222222222222,
digits_01,digits,knn_rbf,0.35,4.438492055901602,1.5534722195655606,0.20718724798186375,11,0.17020990884397777,2,4.260870634421021e-08,10.0,0.003510708000007412,0.5722222222222222,0.019994796825346002,0.11643591661086476,0.5722222222222222,
digits_01,digits,knn_rbf,0.35,4.438492055901602,1.5534722195655606,0.20718724798186375,12,0.17054369304297587,2,4.260870634421021e-08,10.0,0.003510708000007412,0.5722222222222222,0.019994796825346002,0.11643591661086476,0.5722222222222222,
digits_01,digits,knn_rbf,0.5,4.438492055901602,2.219246027950801,0.10152175151111323,1,-4.566348285546369e-18,2,0.0001122187490343261,6.0,0.008424625000003516,0.5694444444444444,0.018443941054930895,0.11283822189164458,0.5694444444444444,
digits_01,digits,knn_rbf,0.5,4.438492055901602,2.219246027950801,0.10152175151111323,2,2.7840016174171714e-05,2,0.0001122187490343261,6.0,0.008424625000003516,0.5694444444444444,0.018443941054930895,0.11283822189164458,0.5694444444444444,
digits_01,digits,knn_rbf,0.5,4.438492055901602,2.219246027950801,0.10152175151111323,3,0.0001400587652084978,2,0.0001122187490343261,6.0,0.008424625000003516,0.5694444444444444,0.018443941054930895,0.11283822189164458,0.5694444444444444,
digits_01,digits,knn_rbf,0.5,4.438492055901602,2.219246027950801,0.10152175151111323,4,0.000851337709197434,2,0.0001122187490343261,6.0,0.008424625000003516,0.5694444444444444,0.018443941054930895,0.11283822189164458,0.5694444444444444,
digits_01,digits,knn_rbf,0.5,4.438492055901602,2.219246027950801,0.10152175151111323,5,0.005238619709293356,2,0.0001122187490343261,6.0,0.008424625000003516,0.5694444444444444,0.018443941054930895,0.11283822189164458,0.5694444444444444,
digits_01,digits,knn_rbf,0.5,4.438492055901602,2.219246027950801,0.10152175151111323,6,0.019946410728777106,2,0.0001122187490343261,6.0,0.008424625000003516,0.5694444444444444,0.018443941054930895,0.11283822189164458,0.5694444444444444,
digits_01,digits,knn_rbf,0.5,4.438492055901602,2.219246027950801,0.10152175151111323,7,0.1474268450660173,2,0.0001122187490343261,6.0,0.008424625000003516,0.5694444444444444,0.018443941054930895,0.11283822189164458,0.5694444444444444,
digits_01,digits,knn_rbf,0.5,4.438492055901602,2.219246027950801,0.10152175151111323,8,0.19864814735871686,2,0.0001122187490343261,6.0,0.008424625000003516,0.5694444444444444,0.018443941054930895,0.11283822189164458,0.5694444444444444,
digits_01,digits,knn_rbf,0.5,4.438492055901602,2.219246027950801,0.10152175151111323,9,0.20661506906366128,2,0.0001122187490343261,6.0,0.008424625000003516,0.5694444444444444,0.018443941054930895,0.11283822189164458,0.5694444444444444,
digits_01,digits,knn_rbf,0.5,4.438492055901602,2.219246027950801,0.10152175151111323,10,0.2298356624953989,2,0.0001122187490343261,6.0,0.008424625000003516,0.5694444444444444,0.018443941054930895,0.11283822189164458,0.5694444444444444,
digits_01,digits,knn_rbf,0.5,4.438492055901602,2.219246027950801,0.10152175151111323,11,0.24042624608612112,2,0.0001122187490343261,6.0,0.008424625000003516,0.5694444444444444,0.018443941054930895,0.11283822189164458,0.5694444444444444,
digits_01,digits,knn_rbf,0.5,4.438492055901602,2.219246027950801,0.10152175151111323,12,0.26290598349655403,2,0.0001122187490343261,6.0,0.008424625000003516,0.5694444444444444,0.018443941054930895,0.11283822189164458,0.5694444444444444,
digits_01,digits,knn_rbf,0.7,4.438492055901602,3.106944439131121,0.05179681199546594,1,2.6585141518512777e-16,2,0.0001760834036158197,5.0,0.006804875000000266,0.9972222222222222,0.988888814745925,0.9751786102885643,0.9972222222222222,
digits_01,digits,knn_rbf,0.7,4.438492055901602,3.106944439131121,0.05179681199546594,2,0.0003052277167845633,2,0.0001760834036158197,5.0,0.006804875000000266,0.9972222222222222,0.988888814745925,0.9751786102885643,0.9972222222222222,
digits_01,digits,knn_rbf,0.7,4.438492055901602,3.106944439131121,0.05179681199546594,3,0.00048131112040038297,2,0.0001760834036158197,5.0,0.006804875000000266,0.9972222222222222,0.988888814745925,0.9751786102885643,0.9972222222222222,
digits_01,digits,knn_rbf,0.7,4.438492055901602,3.106944439131121,0.05179681199546594,4,0.02742915517235123,2,0.0001760834036158197,5.0,0.006804875000000266,0.9972222222222222,0.988888814745925,0.9751786102885643,0.9972222222222222,
digits_01,digits,knn_rbf,0.7,4.438492055901602,3.106944439131121,0.05179681199546594,5,0.07124024337929974,2,0.0001760834036158197,5.0,0.006804875000000266,0.9972222222222222,0.988888814745925,0.9751786102885643,0.9972222222222222,
digits_01,digits,knn_rbf,0.7,4.438492055901602,3.106944439131121,0.05179681199546594,6,0.17969658304149638,2,0.0001760834036158197,5.0,0.006804875000000266,0.9972222222222222,0.988888814745925,0.9751786102885643,0.9972222222222222,
digits_01,digits,knn_rbf,0.7,4.438492055901602,3.106944439131121,0.05179681199546594,7,0.20675718438429683,2,0.0001760834036158197,5.0,0.006804875000000266,0.9972222222222222,0.988888814745925,0.9751786102885643,0.9972222222222222,
digits_01,digits,knn_rbf,0.7,4.438492055901602,3.106944439131121,0.05179681199546594,8,0.20968910611842573,2,0.0001760834036158197,5.0,0.006804875000000266,0.9972222222222222,0.988888814745925,0.9751786102885643,0.9972222222222222,
digits_01,digits,knn_rbf,0.7,4.438492055901602,3.106944439131121,0.05179681199546594,9,0.21618419349974335,2,0.0001760834036158197,5.0,0.006804875000000266,0.9972222222222222,0.988888814745925,0.9751786102885643,0.9972222222222222,
digits_01,digits,knn_rbf,0.7,4.438492055901602,3.106944439131121,0.05179681199546594,10,0.27131191030856905,2,0.0001760834036158197,5.0,0.006804875000000266,0.9972222222222222,0.988888814745925,0.9751786102885643,0.9972222222222222,
digits_01,digits,knn_rbf,0.7,4.438492055901602,3.106944439131121,0.05179681199546594,11,0.28805861883224626,2,0.0001760834036158197,5.0,0.006804875000000266,0.9972222222222222,0.988888814745925,0.9751786102885643,0.9972222222222222,
digits_01,digits,knn_rbf,0.7,4.438492055901602,3.106944439131121,0.05179681199546594,12,0.3364875306231861,2,0.0001760834036158197,5.0,0.006804875000000266,0.9972222222222222,0.988888814745925,0.9751786102885643,0.9972222222222222,
digits_01,digits,knn_rbf,0.7071067811865475,4.438492055901602,3.138487830970643,0.050760875755556635,1,-4.856768113765362e-17,2,0.000185539198237411,5.0,0.00825550000000419,0.9972222222222222,0.988888814745925,0.9751786102885643,0.9972222222222222,
digits_01,digits,knn_rbf,0.7071067811865475,4.438492055901602,3.138487830970643,0.050760875755556635,2,0.00031496570600871547,2,0.000185539198237411,5.0,0.00825550000000419,0.9972222222222222,0.988888814745925,0.9751786102885643,0.9972222222222222,
digits_01,digits,knn_rbf,0.7071067811865475,4.438492055901602,3.138487830970643,0.050760875755556635,3,0.0005005049042461265,2,0.000185539198237411,5.0,0.00825550000000419,0.9972222222222222,0.988888814745925,0.9751786102885643,0.9972222222222222,
digits_01,digits,knn_rbf,0.7071067811865475,4.438492055901602,3.138487830970643,0.050760875755556635,4,0.02761384462067064,2,0.000185539198237411,5.0,0.00825550000000419,0.9972222222222222,0.988888814745925,0.9751786102885643,0.9972222222222222,
digits_01,digits,knn_rbf,0.7071067811865475,4.438492055901602,3.138487830970643,0.050760875755556635,5,0.0778897642909023,2,0.000185539198237411,5.0,0.00825550000000419,0.9972222222222222,0.988888814745925,0.9751786102885643,0.9972222222222222,
digits_01,digits,knn_rbf,0.7071067811865475,4.438492055901602,3.138487830970643,0.050760875755556635,6,0.19178166745956596,2,0.000185539198237411,5.0,0.00825550000000419,0.9972222222222222,0.988888814745925,0.9751786102885643,0.9972222222222222,
digits_01,digits,knn_rbf,0.7071067811865475,4.438492055901602,3.138487830970643,0.050760875755556635,7,0.20783885446602876,2,0.000185539198237411,5.0,0.00825550000000419,0.9972222222222222,0.988888814745925,0.9751786102885643,0.9972222222222222,
digits_01,digits,knn_rbf,0.7071067811865475,4.438492055901602,3.138487830970643,0.050760875755556635,8,0.21005633465477747,2,0.000185539198237411,5.0,0.00825550000000419,0.9972222222222222,0.988888814745925,0.9751786102885643,0.9972222222222222,
digits_01,digits,knn_rbf,0.7071067811865475,4.438492055901602,3.138487830970643,0.050760875755556635,9,0.21633649210768668,2,0.000185539198237411,5.0,0.00825550000000419,0.9972222222222222,0.988888814745925,0.9751786102885643,0.9972222222222222,
digits_01,digits,knn_rbf,0.7071067811865475,4.438492055901602,3.138487830970643,0.050760875755556635,10,0.27135668506355676,2,0.000185539198237411,5.0,0.00825550000000419,0.9972222222222222,0.988888814745925,0.9751786102885643,0.9972222222222222,
digits_01,digits,knn_rbf,0.7071067811865475,4.438492055901602,3.138487830970643,0.050760875755556635,11,0.2883321889944821,2,0.000185539198237411,5.0,0.00825550000000419,0.9972222222222222,0.988888814745925,0.9751786102885643,0.9972222222222222,
digits_01,digits,knn_rbf,0.7071067811865475,4.438492055901602,3.138487830970643,0.050760875755556635,12,0.33776720896232,2,0.000185539198237411,5.0,0.00825550000000419,0.9972222222222222,0.988888814745925,0.9751786102885643,0.9972222222222222,
digits_01,digits,knn_rbf,1.0,4.438492055901602,4.438492055901602,0.025380437877778307,1,7.806693409356082e-17,2,0.0009003927023773958,4.0,0.006132209000000444,1.0,1.0,1.0,1.0,
digits_01,digits,knn_rbf,1.0,4.438492055901602,4.438492055901602,0.025380437877778307,2,0.0005650325471848017,2,0.0009003927023773958,4.0,0.006132209000000444,1.0,1.0,1.0,1.0,
digits_01,digits,knn_rbf,1.0,4.438492055901602,4.438492055901602,0.025380437877778307,3,0.0014654252495621975,2,0.0009003927023773958,4.0,0.006132209000000444,1.0,1.0,1.0,1.0,
digits_01,digits,knn_rbf,1.0,4.438492055901602,4.438492055901602,0.025380437877778307,4,0.032725377224695595,2,0.0009003927023773958,4.0,0.006132209000000444,1.0,1.0,1.0,1.0,
digits_01,digits,knn_rbf,1.0,4.438492055901602,4.438492055901602,0.025380437877778307,5,0.21383762476420465,2,0.0009003927023773958,4.0,0.006132209000000444,1.0,1.0,1.0,1.0,
digits_01,digits,knn_rbf,1.0,4.438492055901602,4.438492055901602,0.025380437877778307,6,0.21940434608018397,2,0.0009003927023773958,4.0,0.006132209000000444,1.0,1.0,1.0,1.0,
digits_01,digits,knn_rbf,1.0,4.438492055901602,4.438492055901602,0.025380437877778307,7,0.23933086566647366,2,0.0009003927023773958,4.0,0.006132209000000444,1.0,1.0,1.0,1.0,
digits_01,digits,knn_rbf,1.0,4.438492055901602,4.438492055901602,0.025380437877778307,8,0.2713814211446952,2,0.0009003927023773958,4.0,0.006132209000000444,1.0,1.0,1.0,1.0,
digits_01,digits,knn_rbf,1.0,4.438492055901602,4.438492055901602,0.025380437877778307,9,0.2943803178452611,2,0.0009003927023773958,4.0,0.006132209000000444,1.0,1.0,1.0,1.0,
digits_01,digits,knn_rbf,1.0,4.438492055901602,4.438492055901602,0.025380437877778307,10,0.36038799803138394,2,0.0009003927023773958,4.0,0.006132209000000444,1.0,1.0,1.0,1.0,
digits_01,digits,knn_rbf,1.0,4.438492055901602,4.438492055901602,0.025380437877778307,11,0.38227148995157184,2,0.0009003927023773958,4.0,0.006132209000000444,1.0,1.0,1.0,1.0,
digits_01,digits,knn_rbf,1.0,4.438492055901602,4.438492055901602,0.025380437877778307,12,0.4156709479848516,2,0.0009003927023773958,4.0,0.006132209000000444,1.0,1.0,1.0,1.0,
digits_01,digits,knn_rbf,1.4,4.438492055901602,6.213888878262242,0.012949202998866484,1,-2.631490416303212e-17,2,0.0016494905585047823,4.0,0.0025220839999917644,1.0,1.0,1.0,1.0,
digits_01,digits,knn_rbf,1.4,4.438492055901602,6.213888878262242,0.012949202998866484,2,0.0007918793201309844,2,0.0016494905585047823,4.0,0.0025220839999917644,1.0,1.0,1.0,1.0,
digits_01,digits,knn_rbf,1.4,4.438492055901602,6.213888878262242,0.012949202998866484,3,0.0024413698786357667,2,0.0016494905585047823,4.0,0.0025220839999917644,1.0,1.0,1.0,1.0,
digits_01,digits,knn_rbf,1.4,4.438492055901602,6.213888878262242,0.012949202998866484,4,0.03580442211036711,2,0.0016494905585047823,4.0,0.0025220839999917644,1.0,1.0,1.0,1.0,
digits_01,digits,knn_rbf,1.4,4.438492055901602,6.213888878262242,0.012949202998866484,5,0.21630847439258702,2,0.0016494905585047823,4.0,0.0025220839999917644,1.0,1.0,1.0,1.0,
digits_01,digits,knn_rbf,1.4,4.438492055901602,6.213888878262242,0.012949202998866484,6,0.22037213507899409,2,0.0016494905585047823,4.0,0.0025220839999917644,1.0,1.0,1.0,1.0,
digits_01,digits,knn_rbf,1.4,4.438492055901602,6.213888878262242,0.012949202998866484,7,0.25350757818500497,2,0.0016494905585047823,4.0,0.0025220839999917644,1.0,1.0,1.0,1.0,
digits_01,digits,knn_rbf,1.4,4.438492055901602,6.213888878262242,0.012949202998866484,8,0.2707006871592684,2,0.0016494905585047823,4.0,0.0025220839999917644,1.0,1.0,1.0,1.0,
digits_01,digits,knn_rbf,1.4,4.438492055901602,6.213888878262242,0.012949202998866484,9,0.2970729634156527,2,0.0016494905585047823,4.0,0.0025220839999917644,1.0,1.0,1.0,1.0,
digits_01,digits,knn_rbf,1.4,4.438492055901602,6.213888878262242,0.012949202998866484,10,0.3638712869233209,2,0.0016494905585047823,4.0,0.0025220839999917644,1.0,1.0,1.0,1.0,
digits_01,digits,knn_rbf,1.4,4.438492055901602,6.213888878262242,0.012949202998866484,11,0.3912915633845975,2,0.0016494905585047823,4.0,0.0025220839999917644,1.0,1.0,1.0,1.0,
digits_01,digits,knn_rbf,1.4,4.438492055901602,6.213888878262242,0.012949202998866484,12,0.41789011675335624,2,0.0016494905585047823,4.0,0.0025220839999917644,1.0,1.0,1.0,1.0,
digits_01,digits,knn_rbf,2.0,4.438492055901602,8.876984111803203,0.006345109469444577,1,-2.2581898373801927e-18,2,0.002100727797442699,4.0,0.0037657080000030874,1.0,1.0,1.0,1.0,
digits_01,digits,knn_rbf,2.0,4.438492055901602,8.876984111803203,0.006345109469444577,2,0.0010560422350506765,2,0.002100727797442699,4.0,0.0037657080000030874,1.0,1.0,1.0,1.0,
digits_01,digits,knn_rbf,2.0,4.438492055901602,8.876984111803203,0.006345109469444577,3,0.0031567700324933753,2,0.002100727797442699,4.0,0.0037657080000030874,1.0,1.0,1.0,1.0,
digits_01,digits,knn_rbf,2.0,4.438492055901602,8.876984111803203,0.006345109469444577,4,0.03767364049931454,2,0.002100727797442699,4.0,0.0037657080000030874,1.0,1.0,1.0,1.0,
digits_01,digits,knn_rbf,2.0,4.438492055901602,8.876984111803203,0.006345109469444577,5,0.2173494929540174,2,0.002100727797442699,4.0,0.0037657080000030874,1.0,1.0,1.0,1.0,
digits_01,digits,knn_rbf,2.0,4.438492055901602,8.876984111803203,0.006345109469444577,6,0.22041760885544168,2,0.002100727797442699,4.0,0.0037657080000030874,1.0,1.0,1.0,1.0,
digits_01,digits,knn_rbf,2.0,4.438492055901602,8.876984111803203,0.006345109469444577,7,0.26067171661101296,2,0.002100727797442699,4.0,0.0037657080000030874,1.0,1.0,1.0,1.0,
digits_01,digits,knn_rbf,2.0,4.438492055901602,8.876984111803203,0.006345109469444577,8,0.2695615434872076,2,0.002100727797442699,4.0,0.0037657080000030874,1.0,1.0,1.0,1.0,
digits_01,digits,knn_rbf,2.0,4.438492055901602,8.876984111803203,0.006345109469444577,9,0.29913624930664556,2,0.002100727797442699,4.0,0.0037657080000030874,1.0,1.0,1.0,1.0,
digits_01,digits,knn_rbf,2.0,4.438492055901602,8.876984111803203,0.006345109469444577,10,0.36450175004236085,2,0.002100727797442699,4.0,0.0037657080000030874,1.0,1.0,1.0,1.0,
digits_01,digits,knn_rbf,2.0,4.438492055901602,8.876984111803203,0.006345109469444577,11,0.39607571903153954,2,0.002100727797442699,4.0,0.0037657080000030874,1.0,1.0,1.0,1.0,
digits_01,digits,knn_rbf,2.0,4.438492055901602,8.876984111803203,0.006345109469444577,12,0.41918335580765714,2,0.002100727797442699,4.0,0.0037657080000030874,1.0,1.0,1.0,1.0,
digits_01,digits,knn_rbf,3.0,4.438492055901602,13.315476167704805,0.002820048653086479,1,-2.3652583528878575e-17,2,0.002311249888817976,4.0,0.0016115419999920277,1.0,1.0,1.0,1.0,
digits_01,digits,knn_rbf,3.0,4.438492055901602,13.315476167704805,0.002820048653086479,2,0.0012983986362108328,2,0.002311249888817976,4.0,0.0016115419999920277,1.0,1.0,1.0,1.0,
digits_01,digits,knn_rbf,3.0,4.438492055901602,13.315476167704805,0.002820048653086479,3,0.0036096485250288086,2,0.002311249888817976,4.0,0.0016115419999920277,1.0,1.0,1.0,1.0,
digits_01,digits,knn_rbf,3.0,4.438492055901602,13.315476167704805,0.002820048653086479,4,0.038815166538938226,2,0.002311249888817976,4.0,0.0016115419999920277,1.0,1.0,1.0,1.0,
digits_01,digits,knn_rbf,3.0,4.438492055901602,13.315476167704805,0.002820048653086479,5,0.21777392159529596,2,0.002311249888817976,4.0,0.0016115419999920277,1.0,1.0,1.0,1.0,
digits_01,digits,knn_rbf,3.0,4.438492055901602,13.315476167704805,0.002820048653086479,6,0.22001579375693892,2,0.002311249888817976,4.0,0.0016115419999920277,1.0,1.0,1.0,1.0,
digits_01,digits,knn_rbf,3.0,4.438492055901602,13.315476167704805,0.002820048653086479,7,0.26455420675490376,2,0.002311249888817976,4.0,0.0016115419999920277,1.0,1.0,1.0,1.0,
digits_01,digits,knn_rbf,3.0,4.438492055901602,13.315476167704805,0.002820048653086479,8,0.26799087063734656,2,0.002311249888817976,4.0,0.0016115419999920277,1.0,1.0,1.0,1.0,
digits_01,digits,knn_rbf,3.0,4.438492055901602,13.315476167704805,0.002820048653086479,9,0.3010209598697584,2,0.002311249888817976,4.0,0.0016115419999920277,1.0,1.0,1.0,1.0,
digits_01,digits,knn_rbf,3.0,4.438492055901602,13.315476167704805,0.002820048653086479,10,0.3637717696407206,2,0.002311249888817976,4.0,0.0016115419999920277,1.0,1.0,1.0,1.0,
digits_01,digits,knn_rbf,3.0,4.438492055901602,13.315476167704805,0.002820048653086479,11,0.3984832852823352,2,0.002311249888817976,4.0,0.0016115419999920277,1.0,1.0,1.0,1.0,
digits_01,digits,knn_rbf,3.0,4.438492055901602,13.315476167704805,0.002820048653086479,12,0.4202449309717248,2,0.002311249888817976,4.0,0.0016115419999920277,1.0,1.0,1.0,1.0,
digits_01,digits,knn_rbf,5.0,4.438492055901602,22.19246027950801,0.0010152175151111325,1,3.926752595265486e-17,2,0.002398494184599202,4.0,0.002209624999991888,1.0,1.0,1.0,1.0,
digits_01,digits,knn_rbf,5.0,4.438492055901602,22.19246027950801,0.0010152175151111325,2,0.0014652518740740947,2,0.002398494184599202,4.0,0.002209624999991888,1.0,1.0,1.0,1.0,
digits_01,digits,knn_rbf,5.0,4.438492055901602,22.19246027950801,0.0010152175151111325,3,0.0038637460586732966,2,0.002398494184599202,4.0,0.002209624999991888,1.0,1.0,1.0,1.0,
digits_01,digits,knn_rbf,5.0,4.438492055901602,22.19246027950801,0.0010152175151111325,4,0.039584361282069866,2,0.002398494184599202,4.0,0.002209624999991888,1.0,1.0,1.0,1.0,
digits_01,digits,knn_rbf,5.0,4.438492055901602,22.19246027950801,0.0010152175151111325,5,0.21849148035622487,2,0.002398494184599202,4.0,0.002209624999991888,1.0,1.0,1.0,1.0,
digits_01,digits,knn_rbf,5.0,4.438492055901602,22.19246027950801,0.0010152175151111325,6,0.21957083977210437,2,0.002398494184599202,4.0,0.002209624999991888,1.0,1.0,1.0,1.0,
digits_01,digits,knn_rbf,5.0,4.438492055901602,22.19246027950801,0.0010152175151111325,7,0.26657175995375954,2,0.002398494184599202,4.0,0.002209624999991888,1.0,1.0,1.0,1.0,
digits_01,digits,knn_rbf,5.0,4.438492055901602,22.19246027950801,0.0010152175151111325,8,0.26700818505677193,2,0.002398494184599202,4.0,0.002209624999991888,1.0,1.0,1.0,1.0,
digits_01,digits,knn_rbf,5.0,4.438492055901602,22.19246027950801,0.0010152175151111325,9,0.3024050915551351,2,0.002398494184599202,4.0,0.002209624999991888,1.0,1.0,1.0,1.0,
digits_01,digits,knn_rbf,5.0,4.438492055901602,22.19246027950801,0.0010152175151111325,10,0.36080510801840926,2,0.002398494184599202,4.0,0.002209624999991888,1.0,1.0,1.0,1.0,
digits_01,digits,knn_rbf,5.0,4.438492055901602,22.19246027950801,0.0010152175151111325,11,0.3997676085269914,2,0.002398494184599202,4.0,0.002209624999991888,1.0,1.0,1.0,1.0,
digits_01,digits,knn_rbf,5.0,4.438492055901602,22.19246027950801,0.0010152175151111325,12,0.4209860584893783,2,0.002398494184599202,4.0,0.002209624999991888,1.0,1.0,1.0,1.0,
digits_17,digits,dense_rbf,0.1,9.706506462765532,0.9706506462765532,0.530693915333117,1,3.112231268165663e-15,2,1.5763169912449998e-13,10.0,0.015021209000011027,0.518005540166205,0.0010799935874672062,0.025621634338377292,0.518005540166205,
digits_17,digits,dense_rbf,0.1,9.706506462765532,0.9706506462765532,0.530693915333117,2,9.325866139324245e-15,2,1.5763169912449998e-13,10.0,0.015021209000011027,0.518005540166205,0.0010799935874672062,0.025621634338377292,0.518005540166205,
digits_17,digits,dense_rbf,0.1,9.706506462765532,0.9706506462765532,0.530693915333117,3,1.6695756526382422e-13,2,1.5763169912449998e-13,10.0,0.015021209000011027,0.518005540166205,0.0010799935874672062,0.025621634338377292,0.518005540166205,
digits_17,digits,dense_rbf,0.1,9.706506462765532,0.9706506462765532,0.530693915333117,4,8.017251293838552e-07,2,1.5763169912449998e-13,10.0,0.015021209000011027,0.518005540166205,0.0010799935874672062,0.025621634338377292,0.518005540166205,
digits_17,digits,dense_rbf,0.1,9.706506462765532,0.9706506462765532,0.530693915333117,5,4.638206388127709e-06,2,1.5763169912449998e-13,10.0,0.015021209000011027,0.518005540166205,0.0010799935874672062,0.025621634338377292,0.518005540166205,
digits_17,digits,dense_rbf,0.1,9.706506462765532,0.9706506462765532,0.530693915333117,6,3.797017313728683e-05,2,1.5763169912449998e-13,10.0,0.015021209000011027,0.518005540166205,0.0010799935874672062,0.025621634338377292,0.518005540166205,
digits_17,digits,dense_rbf,0.1,9.706506462765532,0.9706506462765532,0.530693915333117,7,7.37493214287269e-05,2,1.5763169912449998e-13,10.0,0.015021209000011027,0.518005540166205,0.0010799935874672062,0.025621634338377292,0.518005540166205,
digits_17,digits,dense_rbf,0.1,9.706506462765532,0.9706506462765532,0.530693915333117,8,0.0006279331140328696,2,1.5763169912449998e-13,10.0,0.015021209000011027,0.518005540166205,0.0010799935874672062,0.025621634338377292,0.518005540166205,
digits_17,digits,dense_rbf,0.1,9.706506462765532,0.9706506462765532,0.530693915333117,9,0.000713132893164884,2,1.5763169912449998e-13,10.0,0.015021209000011027,0.518005540166205,0.0010799935874672062,0.025621634338377292,0.518005540166205,
digits_17,digits,dense_rbf,0.1,9.706506462765532,0.9706506462765532,0.530693915333117,10,0.0009000768911831364,2,1.5763169912449998e-13,10.0,0.015021209000011027,0.518005540166205,0.0010799935874672062,0.025621634338377292,0.518005540166205,
digits_17,digits,dense_rbf,0.1,9.706506462765532,0.9706506462765532,0.530693915333117,11,0.0018338639409722162,2,1.5763169912449998e-13,10.0,0.015021209000011027,0.518005540166205,0.0010799935874672062,0.025621634338377292,0.518005540166205,
digits_17,digits,dense_rbf,0.1,9.706506462765532,0.9706506462765532,0.530693915333117,12,0.0038206000205358516,2,1.5763169912449998e-13,10.0,0.015021209000011027,0.518005540166205,0.0010799935874672062,0.025621634338377292,0.518005540166205,
digits_17,digits,dense_rbf,0.2,9.706506462765532,1.9413012925531064,0.13267347883327926,1,-6.687823073864393e-16,2,0.00020048888311449545,8.0,0.011330624999999372,0.5096952908587258,0.00018825444858142624,0.0040102443170413555,0.5096952908587258,
digits_17,digits,dense_rbf,0.2,9.706506462765532,1.9413012925531064,0.13267347883327926,2,0.0002578827000222838,2,0.00020048888311449545,8.0,0.011330624999999372,0.5096952908587258,0.00018825444858142624,0.0040102443170413555,0.5096952908587258,
digits_17,digits,dense_rbf,0.2,9.706506462765532,1.9413012925531064,0.13267347883327926,3,0.00045837158313677927,2,0.00020048888311449545,8.0,0.011330624999999372,0.5096952908587258,0.00018825444858142624,0.0040102443170413555,0.5096952908587258,
digits_17,digits,dense_rbf,0.2,9.706506462765532,1.9413012925531064,0.13267347883327926,4,0.017635525902328867,2,0.00020048888311449545,8.0,0.011330624999999372,0.5096952908587258,0.00018825444858142624,0.0040102443170413555,0.5096952908587258,
digits_17,digits,dense_rbf,0.2,9.706506462765532,1.9413012925531064,0.13267347883327926,5,0.02876621951571775,2,0.00020048888311449545,8.0,0.011330624999999372,0.5096952908587258,0.00018825444858142624,0.0040102443170413555,0.5096952908587258,
digits_17,digits,dense_rbf,0.2,9.706506462765532,1.9413012925531064,0.13267347883327926,6,0.040270513866242495,2,0.00020048888311449545,8.0,0.011330624999999372,0.5096952908587258,0.00018825444858142624,0.0040102443170413555,0.5096952908587258,
digits_17,digits,dense_rbf,0.2,9.706506462765532,1.9413012925531064,0.13267347883327926,7,0.07247660508463222,2,0.00020048888311449545,8.0,0.011330624999999372,0.5096952908587258,0.00018825444858142624,0.0040102443170413555,0.5096952908587258,
digits_17,digits,dense_rbf,0.2,9.706506462765532,1.9413012925531064,0.13267347883327926,8,0.10078423845759561,2,0.00020048888311449545,8.0,0.011330624999999372,0.5096952908587258,0.00018825444858142624,0.0040102443170413555,0.5096952908587258,
digits_17,digits,dense_rbf,0.2,9.706506462765532,1.9413012925531064,0.13267347883327926,9,0.179815500741803,2,0.00020048888311449545,8.0,0.011330624999999372,0.5096952908587258,0.00018825444858142624,0.0040102443170413555,0.5096952908587258,
digits_17,digits,dense_rbf,0.2,9.706506462765532,1.9413012925531064,0.13267347883327926,10,0.1908810874626151,2,0.00020048888311449545,8.0,0.011330624999999372,0.5096952908587258,0.00018825444858142624,0.0040102443170413555,0.5096952908587258,
digits_17,digits,dense_rbf,0.2,9.706506462765532,1.9413012925531064,0.13267347883327926,11,0.19835652455222116,2,0.00020048888311449545,8.0,0.011330624999999372,0.5096952908587258,0.00018825444858142624,0.0040102443170413555,0.5096952908587258,
digits_17,digits,dense_rbf,0.2,9.706506462765532,1.9413012925531064,0.13267347883327926,12,0.2348769200119859,2,0.00020048888311449545,8.0,0.011330624999999372,0.5096952908587258,0.00018825444858142624,0.0040102443170413555,0.5096952908587258,
digits_17,digits,dense_rbf,0.35,9.706506462765532,3.397277261967936,0.04332195227209118,1,3.7068187377178755e-16,2,0.03482061109803486,6.0,0.01078716600000007,0.5235457063711911,0.0018857993704204147,0.022087951654064884,0.5235457063711911,
digits_17,digits,dense_rbf,0.35,9.706506462765532,3.397277261967936,0.04332195227209118,2,0.12968703125031217,2,0.03482061109803486,6.0,0.01078716600000007,0.5235457063711911,0.0018857993704204147,0.022087951654064884,0.5235457063711911,
digits_17,digits,dense_rbf,0.35,9.706506462765532,3.397277261967936,0.04332195227209118,3,0.16450764234834703,2,0.03482061109803486,6.0,0.01078716600000007,0.5235457063711911,0.0018857993704204147,0.022087951654064884,0.5235457063711911,
digits_17,digits,dense_rbf,0.35,9.706506462765532,3.397277261967936,0.04332195227209118,4,0.3105402880596351,2,0.03482061109803486,6.0,0.01078716600000007,0.5235457063711911,0.0018857993704204147,0.022087951654064884,0.5235457063711911,
digits_17,digits,dense_rbf,0.35,9.706506462765532,3.397277261967936,0.04332195227209118,5,0.3551010823831255,2,0.03482061109803486,6.0,0.01078716600000007,0.5235457063711911,0.0018857993704204147,0.022087951654064884,0.5235457063711911,
digits_17,digits,dense_rbf,0.35,9.706506462765532,3.397277261967936,0.04332195227209118,6,0.4107687526886558,2,0.03482061109803486,6.0,0.01078716600000007,0.5235457063711911,0.0018857993704204147,0.022087951654064884,0.5235457063711911,
digits_17,digits,dense_rbf,0.35,9.706506462765532,3.397277261967936,0.04332195227209118,7,0.5584159749149898,2,0.03482061109803486,6.0,0.01078716600000007,0.5235457063711911,0.0018857993704204147,0.022087951654064884,0.5235457063711911,
digits_17,digits,dense_rbf,0.35,9.706506462765532,3.397277261967936,0.04332195227209118,8,0.6045565028278392,2,0.03482061109803486,6.0,0.01078716600000007,0.5235457063711911,0.0018857993704204147,0.022087951654064884,0.5235457063711911,
digits_17,digits,dense_rbf,0.35,9.706506462765532,3.397277261967936,0.04332195227209118,9,0.6079430009700054,2,0.03482061109803486,6.0,0.01078716600000007,0.5235457063711911,0.0018857993704204147,0.022087951654064884,0.5235457063711911,
digits_17,digits,dense_rbf,0.35,9.706506462765532,3.397277261967936,0.04332195227209118,10,0.6691630579104143,2,0.03482061109803486,6.0,0.01078716600000007,0.5235457063711911,0.0018857993704204147,0.022087951654064884,0.5235457063711911,
digits_17,digits,dense_rbf,0.35,9.706506462765532,3.397277261967936,0.04332195227209118,11,0.6824566835633702,2,0.03482061109803486,6.0,0.01078716600000007,0.5235457063711911,0.0018857993704204147,0.022087951654064884,0.5235457063711911,
digits_17,digits,dense_rbf,0.35,9.706506462765532,3.397277261967936,0.04332195227209118,12,0.7199802319377602,2,0.03482061109803486,6.0,0.01078716600000007,0.5235457063711911,0.0018857993704204147,0.022087951654064884,0.5235457063711911,
digits_17,digits,dense_rbf,0.5,9.706506462765532,4.853253231382766,0.02122775661332468,1,-6.661338147750939e-16,2,0.06429623093951153,1.0,0.013947999999999183,1.0,1.0,1.0,1.0,
digits_17,digits,dense_rbf,0.5,9.706506462765532,4.853253231382766,0.02122775661332468,2,0.5729758247977356,2,0.06429623093951153,1.0,0.013947999999999183,1.0,1.0,1.0,1.0,
digits_17,digits,dense_rbf,0.5,9.706506462765532,4.853253231382766,0.02122775661332468,3,0.6372720557372471,2,0.06429623093951153,1.0,0.013947999999999183,1.0,1.0,1.0,1.0,
digits_17,digits,dense_rbf,0.5,9.706506462765532,4.853253231382766,0.02122775661332468,4,0.6457278420337387,2,0.06429623093951153,1.0,0.013947999999999183,1.0,1.0,1.0,1.0,
digits_17,digits,dense_rbf,0.5,9.706506462765532,4.853253231382766,0.02122775661332468,5,0.6723915957053044,2,0.06429623093951153,1.0,0.013947999999999183,1.0,1.0,1.0,1.0,
digits_17,digits,dense_rbf,0.5,9.706506462765532,4.853253231382766,0.02122775661332468,6,0.7856262776031845,2,0.06429623093951153,1.0,0.013947999999999183,1.0,1.0,1.0,1.0,
digits_17,digits,dense_rbf,0.5,9.706506462765532,4.853253231382766,0.02122775661332468,7,0.8234367048878535,2,0.06429623093951153,1.0,0.013947999999999183,1.0,1.0,1.0,1.0,
digits_17,digits,dense_rbf,0.5,9.706506462765532,4.853253231382766,0.02122775661332468,8,0.84864653932339,2,0.06429623093951153,1.0,0.013947999999999183,1.0,1.0,1.0,1.0,
digits_17,digits,dense_rbf,0.5,9.706506462765532,4.853253231382766,0.02122775661332468,9,0.8591910903479282,2,0.06429623093951153,1.0,0.013947999999999183,1.0,1.0,1.0,1.0,
digits_17,digits,dense_rbf,0.5,9.706506462765532,4.853253231382766,0.02122775661332468,10,0.8840466104576099,2,0.06429623093951153,1.0,0.013947999999999183,1.0,1.0,1.0,1.0,
digits_17,digits,dense_rbf,0.5,9.706506462765532,4.853253231382766,0.02122775661332468,11,0.8911157846280454,2,0.06429623093951153,1.0,0.013947999999999183,1.0,1.0,1.0,1.0,
digits_17,digits,dense_rbf,0.5,9.706506462765532,4.853253231382766,0.02122775661332468,12,0.8971204175828676,2,0.06429623093951153,1.0,0.013947999999999183,1.0,1.0,1.0,1.0,
digits_17,digits,dense_rbf,0.7,9.706506462765532,6.794554523935872,0.010830488068022795,1,4.440892098500626e-16,2,0.03522605856121164,1.0,0.010872500000004948,1.0,1.0,1.0,1.0,
digits_17,digits,dense_rbf,0.7,9.706506462765532,6.794554523935872,0.010830488068022795,2,0.7900135484340096,2,0.03522605856121164,1.0,0.010872500000004948,1.0,1.0,1.0,1.0,
digits_17,digits,dense_rbf,0.7,9.706506462765532,6.794554523935872,0.010830488068022795,3,0.8252396069952213,2,0.03522605856121164,1.0,0.010872500000004948,1.0,1.0,1.0,1.0,
digits_17,digits,dense_rbf,0.7,9.706506462765532,6.794554523935872,0.010830488068022795,4,0.8593517863001638,2,0.03522605856121164,1.0,0.010872500000004948,1.0,1.0,1.0,1.0,
digits_17,digits,dense_rbf,0.7,9.706506462765532,6.794554523935872,0.010830488068022795,5,0.8989382937771135,2,0.03522605856121164,1.0,0.010872500000004948,1.0,1.0,1.0,1.0,
digits_17,digits,dense_rbf,0.7,9.706506462765532,6.794554523935872,0.010830488068022795,6,0.9198222263424787,2,0.03522605856121164,1.0,0.010872500000004948,1.0,1.0,1.0,1.0,
digits_17,digits,dense_rbf,0.7,9.706506462765532,6.794554523935872,0.010830488068022795,7,0.9416449142923996,2,0.03522605856121164,1.0,0.010872500000004948,1.0,1.0,1.0,1.0,
digits_17,digits,dense_rbf,0.7,9.706506462765532,6.794554523935872,0.010830488068022795,8,0.9474126508372397,2,0.03522605856121164,1.0,0.010872500000004948,1.0,1.0,1.0,1.0,
digits_17,digits,dense_rbf,0.7,9.706506462765532,6.794554523935872,0.010830488068022795,9,0.9491586485922938,2,0.03522605856121164,1.0,0.010872500000004948,1.0,1.0,1.0,1.0,
digits_17,digits,dense_rbf,0.7,9.706506462765532,6.794554523935872,0.010830488068022795,10,0.95352517723596,2,0.03522605856121164,1.0,0.010872500000004948,1.0,1.0,1.0,1.0,
digits_17,digits,dense_rbf,0.7,9.706506462765532,6.794554523935872,0.010830488068022795,11,0.961575198262993,2,0.03522605856121164,1.0,0.010872500000004948,1.0,1.0,1.0,1.0,
digits_17,digits,dense_rbf,0.7,9.706506462765532,6.794554523935872,0.010830488068022795,12,0.9690638075264472,2,0.03522605856121164,1.0,0.010872500000004948,1.0,1.0,1.0,1.0,
digits_17,digits,dense_rbf,0.7071067811865475,9.706506462765532,6.8635365414525555,0.010613878306662343,1,1.1102230246251565e-15,2,0.03445076829342886,1.0,0.013856250000003456,1.0,1.0,1.0,1.0,
digits_17,digits,dense_rbf,0.7071067811865475,9.706506462765532,6.8635365414525555,0.010613878306662343,2,0.794354568881053,2,0.03445076829342886,1.0,0.013856250000003456,1.0,1.0,1.0,1.0,
digits_17,digits,dense_rbf,0.7071067811865475,9.706506462765532,6.8635365414525555,0.010613878306662343,3,0.8288053371744819,2,0.03445076829342886,1.0,0.013856250000003456,1.0,1.0,1.0,1.0,
digits_17,digits,dense_rbf,0.7071067811865475,9.706506462765532,6.8635365414525555,0.010613878306662343,4,0.8630375338943976,2,0.03445076829342886,1.0,0.013856250000003456,1.0,1.0,1.0,1.0,
digits_17,digits,dense_rbf,0.7071067811865475,9.706506462765532,6.8635365414525555,0.010613878306662343,5,0.9017196829708299,2,0.03445076829342886,1.0,0.013856250000003456,1.0,1.0,1.0,1.0,
digits_17,digits,dense_rbf,0.7071067811865475,9.706506462765532,6.8635365414525555,0.010613878306662343,6,0.9220573207123839,2,0.03445076829342886,1.0,0.013856250000003456,1.0,1.0,1.0,1.0,
digits_17,digits,dense_rbf,0.7071067811865475,9.706506462765532,6.8635365414525555,0.010613878306662343,7,0.943361946945277,2,0.03445076829342886,1.0,0.013856250000003456,1.0,1.0,1.0,1.0,
digits_17,digits,dense_rbf,0.7071067811865475,9.706506462765532,6.8635365414525555,0.010613878306662343,8,0.949306868247114,2,0.03445076829342886,1.0,0.013856250000003456,1.0,1.0,1.0,1.0,
digits_17,digits,dense_rbf,0.7071067811865475,9.706506462765532,6.8635365414525555,0.010613878306662343,9,0.9505137285632046,2,0.03445076829342886,1.0,0.013856250000003456,1.0,1.0,1.0,1.0,
digits_17,digits,dense_rbf,0.7071067811865475,9.706506462765532,6.8635365414525555,0.010613878306662343,10,0.9550115108510809,2,0.03445076829342886,1.0,0.013856250000003456,1.0,1.0,1.0,1.0,
digits_17,digits,dense_rbf,0.7071067811865475,9.706506462765532,6.8635365414525555,0.010613878306662343,11,0.9627670170053764,2,0.03445076829342886,1.0,0.013856250000003456,1.0,1.0,1.0,1.0,
digits_17,digits,dense_rbf,0.7071067811865475,9.706506462765532,6.8635365414525555,0.010613878306662343,12,0.9702389287027342,2,0.03445076829342886,1.0,0.013856250000003456,1.0,1.0,1.0,1.0,
digits_17,digits,dense_rbf,1.0,9.706506462765532,9.706506462765532,0.00530693915333117,1,-6.661338147750939e-16,2,0.01595812768395144,1.0,0.007873082999992675,1.0,1.0,1.0,1.0,
digits_17,digits,dense_rbf,1.0,9.706506462765532,9.706506462765532,0.00530693915333117,2,0.8996252533418239,2,0.01595812768395144,1.0,0.007873082999992675,1.0,1.0,1.0,1.0,
digits_17,digits,dense_rbf,1.0,9.706506462765532,9.706506462765532,0.00530693915333117,3,0.9155833810257753,2,0.01595812768395144,1.0,0.007873082999992675,1.0,1.0,1.0,1.0,
digits_17,digits,dense_rbf,1.0,9.706506462765532,9.706506462765532,0.00530693915333117,4,0.9423091193516768,2,0.01595812768395144,1.0,0.007873082999992675,1.0,1.0,1.0,1.0,
digits_17,digits,dense_rbf,1.0,9.706506462765532,9.706506462765532,0.00530693915333117,5,0.9583946123048315,2,0.01595812768395144,1.0,0.007873082999992675,1.0,1.0,1.0,1.0,
digits_17,digits,dense_rbf,1.0,9.706506462765532,9.706506462765532,0.00530693915333117,6,0.9677083714688031,2,0.01595812768395144,1.0,0.007873082999992675,1.0,1.0,1.0,1.0,
digits_17,digits,dense_rbf,1.0,9.706506462765532,9.706506462765532,0.00530693915333117,7,0.9758713811676901,2,0.01595812768395144,1.0,0.007873082999992675,1.0,1.0,1.0,1.0,
digits_17,digits,dense_rbf,1.0,9.706506462765532,9.706506462765532,0.00530693915333117,8,0.9788099246026295,2,0.01595812768395144,1.0,0.007873082999992675,1.0,1.0,1.0,1.0,
digits_17,digits,dense_rbf,1.0,9.706506462765532,9.706506462765532,0.00530693915333117,9,0.9837799690451201,2,0.01595812768395144,1.0,0.007873082999992675,1.0,1.0,1.0,1.0,
digits_17,digits,dense_rbf,1.0,9.706506462765532,9.706506462765532,0.00530693915333117,10,0.984745975432511,2,0.01595812768395144,1.0,0.007873082999992675,1.0,1.0,1.0,1.0,
digits_17,digits,dense_rbf,1.0,9.706506462765532,9.706506462765532,0.00530693915333117,11,0.9877049415744588,2,0.01595812768395144,1.0,0.007873082999992675,1.0,1.0,1.0,1.0,
digits_17,digits,dense_rbf,1.0,9.706506462765532,9.706506462765532,0.00530693915333117,12,0.9898695143627738,2,0.01595812768395144,1.0,0.007873082999992675,1.0,1.0,1.0,1.0,
digits_17,digits,dense_rbf,1.4,9.706506462765532,13.589109047871744,0.0027076220170056987,1,2.220446049250313e-16,2,0.007567583478147233,1.0,0.008737791999990918,1.0,1.0,1.0,1.0,
digits_17,digits,dense_rbf,1.4,9.706506462765532,13.589109047871744,0.0027076220170056987,2,0.9504570473565694,2,0.007567583478147233,1.0,0.008737791999990918,1.0,1.0,1.0,1.0,
digits_17,digits,dense_rbf,1.4,9.706506462765532,13.589109047871744,0.0027076220170056987,3,0.9580246308347167,2,0.007567583478147233,1.0,0.008737791999990918,1.0,1.0,1.0,1.0,
digits_17,digits,dense_rbf,1.4,9.706506462765532,13.589109047871744,0.0027076220170056987,4,0.9739164573709695,2,0.007567583478147233,1.0,0.008737791999990918,1.0,1.0,1.0,1.0,
digits_17,digits,dense_rbf,1.4,9.706506462765532,13.589109047871744,0.0027076220170056987,5,0.9811446208072967,2,0.007567583478147233,1.0,0.008737791999990918,1.0,1.0,1.0,1.0,
digits_17,digits,dense_rbf,1.4,9.706506462765532,13.589109047871744,0.0027076220170056987,6,0.9857030824791538,2,0.007567583478147233,1.0,0.008737791999990918,1.0,1.0,1.0,1.0,
digits_17,digits,dense_rbf,1.4,9.706506462765532,13.589109047871744,0.0027076220170056987,7,0.9893763693308683,2,0.007567583478147233,1.0,0.008737791999990918,1.0,1.0,1.0,1.0,
digits_17,digits,dense_rbf,1.4,9.706506462765532,13.589109047871744,0.0027076220170056987,8,0.990890017345807,2,0.007567583478147233,1.0,0.008737791999990918,1.0,1.0,1.0,1.0,
digits_17,digits,dense_rbf,1.4,9.706506462765532,13.589109047871744,0.0027076220170056987,9,0.9937947778385019,2,0.007567583478147233,1.0,0.008737791999990918,1.0,1.0,1.0,1.0,
digits_17,digits,dense_rbf,1.4,9.706506462765532,13.589109047871744,0.0027076220170056987,10,0.9945584661608541,2,0.007567583478147233,1.0,0.008737791999990918,1.0,1.0,1.0,1.0,
digits_17,digits,dense_rbf,1.4,9.706506462765532,13.589109047871744,0.0027076220170056987,11,0.9960478012921925,2,0.007567583478147233,1.0,0.008737791999990918,1.0,1.0,1.0,1.0,
digits_17,digits,dense_rbf,1.4,9.706506462765532,13.589109047871744,0.0027076220170056987,12,0.9967291201389914,2,0.007567583478147233,1.0,0.008737791999990918,1.0,1.0,1.0,1.0,
digits_17,digits,dense_rbf,2.0,9.706506462765532,19.413012925531064,0.0013267347883327925,1,-2.220446049250313e-16,2,0.003490537919567438,1.0,0.008553415999998037,1.0,1.0,1.0,1.0,
digits_17,digits,dense_rbf,2.0,9.706506462765532,19.413012925531064,0.0013267347883327925,2,0.9772360798810925,2,0.003490537919567438,1.0,0.008553415999998037,1.0,1.0,1.0,1.0,
digits_17,digits,dense_rbf,2.0,9.706506462765532,19.413012925531064,0.0013267347883327925,3,0.98072661780066,2,0.003490537919567438,1.0,0.008553415999998037,1.0,1.0,1.0,1.0,
digits_17,digits,dense_rbf,2.0,9.706506462765532,19.413012925531064,0.0013267347883327925,4,0.9890988586155431,2,0.003490537919567438,1.0,0.008553415999998037,1.0,1.0,1.0,1.0,
digits_17,digits,dense_rbf,2.0,9.706506462765532,19.413012925531064,0.0013267347883327925,5,0.9923609920083916,2,0.003490537919567438,1.0,0.008553415999998037,1.0,1.0,1.0,1.0,
digits_17,digits,dense_rbf,2.0,9.706506462765532,19.413012925531064,0.0013267347883327925,6,0.9945711365506614,2,0.003490537919567438,1.0,0.008553415999998037,1.0,1.0,1.0,1.0,
digits_17,digits,dense_rbf,2.0,9.706506462765532,19.413012925531064,0.0013267347883327925,7,0.9962220978420856,2,0.003490537919567438,1.0,0.008553415999998037,1.0,1.0,1.0,1.0,
digits_17,digits,dense_rbf,2.0,9.706506462765532,19.413012925531064,0.0013267347883327925,8,0.9969936754127943,2,0.003490537919567438,1.0,0.008553415999998037,1.0,1.0,1.0,1.0,
digits_17,digits,dense_rbf,2.0,9.706506462765532,19.413012925531064,0.0013267347883327925,9,0.9984979097494325,2,0.003490537919567438,1.0,0.008553415999998037,1.0,1.0,1.0,1.0,
digits_17,digits,dense_rbf,2.0,9.706506462765532,19.413012925531064,0.0013267347883327925,10,0.9989224564877335,2,0.003490537919567438,1.0,0.008553415999998037,1.0,1.0,1.0,1.0,
digits_17,digits,dense_rbf,2.0,9.706506462765532,19.413012925531064,0.0013267347883327925,11,0.9995999775207286,2,0.003490537919567438,1.0,0.008553415999998037,1.0,1.0,1.0,1.0,
digits_17,digits,dense_rbf,2.0,9.706506462765532,19.413012925531064,0.0013267347883327925,12,0.9999716388207538,2,0.003490537919567438,1.0,0.008553415999998037,1.0,1.0,1.0,1.0,
digits_17,digits,dense_rbf,3.0,9.706506462765532,29.119519388296595,0.0005896599059256856,1,-6.661338147750939e-16,2,0.0014861366832680245,1.0,0.008478499999995392,1.0,1.0,1.0,1.0,
digits_17,digits,dense_rbf,3.0,9.706506462765532,29.119519388296595,0.0005896599059256856,2,0.9914521532109238,2,0.0014861366832680245,1.0,0.008478499999995392,1.0,1.0,1.0,1.0,
digits_17,digits,dense_rbf,3.0,9.706506462765532,29.119519388296595,0.0005896599059256856,3,0.9929382898941919,2,0.0014861366832680245,1.0,0.008478499999995392,1.0,1.0,1.0,1.0,
digits_17,digits,dense_rbf,3.0,9.706506462765532,29.119519388296595,0.0005896599059256856,4,0.996801507347249,2,0.0014861366832680245,1.0,0.008478499999995392,1.0,1.0,1.0,1.0,
digits_17,digits,dense_rbf,3.0,9.706506462765532,29.119519388296595,0.0005896599059256856,5,0.9981770824553318,2,0.0014861366832680245,1.0,0.008478499999995392,1.0,1.0,1.0,1.0,
digits_17,digits,dense_rbf,3.0,9.706506462765532,29.119519388296595,0.0005896599059256856,6,0.9991556694592927,2,0.0014861366832680245,1.0,0.008478499999995392,1.0,1.0,1.0,1.0,
digits_17,digits,dense_rbf,3.0,9.706506462765532,29.119519388296595,0.0005896599059256856,7,0.9998363724282789,2,0.0014861366832680245,1.0,0.008478499999995392,1.0,1.0,1.0,1.0,
digits_17,digits,dense_rbf,3.0,9.706506462765532,29.119519388296595,0.0005896599059256856,8,1.00020422852834,2,0.0014861366832680245,1.0,0.008478499999995392,1.0,1.0,1.0,1.0,
digits_17,digits,dense_rbf,3.0,9.706506462765532,29.119519388296595,0.0005896599059256856,9,1.0008990771495654,2,0.0014861366832680245,1.0,0.008478499999995392,1.0,1.0,1.0,1.0,
digits_17,digits,dense_rbf,3.0,9.706506462765532,29.119519388296595,0.0005896599059256856,10,1.0010926378161376,2,0.0014861366832680245,1.0,0.008478499999995392,1.0,1.0,1.0,1.0,
digits_17,digits,dense_rbf,3.0,9.706506462765532,29.119519388296595,0.0005896599059256856,11,1.0013691447789246,2,0.0014861366832680245,1.0,0.008478499999995392,1.0,1.0,1.0,1.0,
digits_17,digits,dense_rbf,3.0,9.706506462765532,29.119519388296595,0.0005896599059256856,12,1.0015604695327103,2,0.0014861366832680245,1.0,0.008478499999995392,1.0,1.0,1.0,1.0,
digits_17,digits,dense_rbf,5.0,9.706506462765532,48.53253231382766,0.00021227756613324678,1,-6.661338147750939e-16,2,0.0005212635077321837,1.0,0.014655916999998908,1.0,1.0,1.0,1.0,
digits_17,digits,dense_rbf,5.0,9.706506462765532,48.53253231382766,0.00021227756613324678,2,0.9987058931642089,2,0.0005212635077321837,1.0,0.014655916999998908,1.0,1.0,1.0,1.0,
digits_17,digits,dense_rbf,5.0,9.706506462765532,48.53253231382766,0.00021227756613324678,3,0.9992271566719411,2,0.0005212635077321837,1.0,0.014655916999998908,1.0,1.0,1.0,1.0,
digits_17,digits,dense_rbf,5.0,9.706506462765532,48.53253231382766,0.00021227756613324678,4,1.0006446968111453,2,0.0005212635077321837,1.0,0.014655916999998908,1.0,1.0,1.0,1.0,
digits_17,digits,dense_rbf,5.0,9.706506462765532,48.53253231382766,0.00021227756613324678,5,1.0011251361108973,2,0.0005212635077321837,1.0,0.014655916999998908,1.0,1.0,1.0,1.0,
digits_17,digits,dense_rbf,5.0,9.706506462765532,48.53253231382766,0.00021227756613324678,6,1.0014755725099516,2,0.0005212635077321837,1.0,0.014655916999998908,1.0,1.0,1.0,1.0,
digits_17,digits,dense_rbf,5.0,9.706506462765532,48.53253231382766,0.00021227756613324678,7,1.0017075133070243,2,0.0005212635077321837,1.0,0.014655916999998908,1.0,1.0,1.0,1.0,
digits_17,digits,dense_rbf,5.0,9.706506462765532,48.53253231382766,0.00021227756613324678,8,1.0018494360738546,2,0.0005212635077321837,1.0,0.014655916999998908,1.0,1.0,1.0,1.0,
digits_17,digits,dense_rbf,5.0,9.706506462765532,48.53253231382766,0.00021227756613324678,9,1.0021054196988206,2,0.0005212635077321837,1.0,0.014655916999998908,1.0,1.0,1.0,1.0,
digits_17,digits,dense_rbf,5.0,9.706506462765532,48.53253231382766,0.00021227756613324678,10,1.002173962735729,2,0.0005212635077321837,1.0,0.014655916999998908,1.0,1.0,1.0,1.0,
digits_17,digits,dense_rbf,5.0,9.706506462765532,48.53253231382766,0.00021227756613324678,11,1.0022682327993708,2,0.0005212635077321837,1.0,0.014655916999998908,1.0,1.0,1.0,1.0,
digits_17,digits,dense_rbf,5.0,9.706506462765532,48.53253231382766,0.00021227756613324678,12,1.0023438269457163,2,0.0005212635077321837,1.0,0.014655916999998908,1.0,1.0,1.0,1.0,
digits_17,digits,knn_rbf,0.1,5.100527975613524,0.5100527975613524,1.9219396057043527,1,,2,,,0.027686832999989974,,,,,"ARPACK error -1: No convergence (3611 iterations, 0/12 eigenvectors converged)"
digits_17,digits,knn_rbf,0.1,5.100527975613524,0.5100527975613524,1.9219396057043527,2,,2,,,0.027686832999989974,,,,,"ARPACK error -1: No convergence (3611 iterations, 0/12 eigenvectors converged)"
digits_17,digits,knn_rbf,0.1,5.100527975613524,0.5100527975613524,1.9219396057043527,3,,2,,,0.027686832999989974,,,,,"ARPACK error -1: No convergence (3611 iterations, 0/12 eigenvectors converged)"
digits_17,digits,knn_rbf,0.1,5.100527975613524,0.5100527975613524,1.9219396057043527,4,,2,,,0.027686832999989974,,,,,"ARPACK error -1: No convergence (3611 iterations, 0/12 eigenvectors converged)"
digits_17,digits,knn_rbf,0.1,5.100527975613524,0.5100527975613524,1.9219396057043527,5,,2,,,0.027686832999989974,,,,,"ARPACK error -1: No convergence (3611 iterations, 0/12 eigenvectors converged)"
digits_17,digits,knn_rbf,0.1,5.100527975613524,0.5100527975613524,1.9219396057043527,6,,2,,,0.027686832999989974,,,,,"ARPACK error -1: No convergence (3611 iterations, 0/12 eigenvectors converged)"
digits_17,digits,knn_rbf,0.1,5.100527975613524,0.5100527975613524,1.9219396057043527,7,,2,,,0.027686832999989974,,,,,"ARPACK error -1: No convergence (3611 iterations, 0/12 eigenvectors converged)"
digits_17,digits,knn_rbf,0.1,5.100527975613524,0.5100527975613524,1.9219396057043527,8,,2,,,0.027686832999989974,,,,,"ARPACK error -1: No convergence (3611 iterations, 0/12 eigenvectors converged)"
digits_17,digits,knn_rbf,0.1,5.100527975613524,0.5100527975613524,1.9219396057043527,9,,2,,,0.027686832999989974,,,,,"ARPACK error -1: No convergence (3611 iterations, 0/12 eigenvectors converged)"
digits_17,digits,knn_rbf,0.1,5.100527975613524,0.5100527975613524,1.9219396057043527,10,,2,,,0.027686832999989974,,,,,"ARPACK error -1: No convergence (3611 iterations, 0/12 eigenvectors converged)"
digits_17,digits,knn_rbf,0.1,5.100527975613524,0.5100527975613524,1.9219396057043527,11,,2,,,0.027686832999989974,,,,,"ARPACK error -1: No convergence (3611 iterations, 0/12 eigenvectors converged)"
digits_17,digits,knn_rbf,0.1,5.100527975613524,0.5100527975613524,1.9219396057043527,12,,2,,,0.027686832999989974,,,,,"ARPACK error -1: No convergence (3611 iterations, 0/12 eigenvectors converged)"
digits_17,digits,knn_rbf,0.2,5.100527975613524,1.0201055951227047,0.4804849014260882,1,4.925780302507526e-15,2,1.5140724878218894e-12,7.0,0.002378792000001795,0.5124653739612188,0.0004045912842809095,0.007244462065251596,0.5124653739612188,
digits_17,digits,knn_rbf,0.2,5.100527975613524,1.0201055951227047,0.4804849014260882,2,1.684685406917186e-13,2,1.5140724878218894e-12,7.0,0.002378792000001795,0.5124653739612188,0.0004045912842809095,0.007244462065251596,0.5124653739612188,
digits_17,digits,knn_rbf,0.2,5.100527975613524,1.0201055951227047,0.4804849014260882,3,1.682541028513608e-12,2,1.5140724878218894e-12,7.0,0.002378792000001795,0.5124653739612188,0.0004045912842809095,0.007244462065251596,0.5124653739612188,
digits_17,digits,knn_rbf,0.2,5.100527975613524,1.0201055951227047,0.4804849014260882,4,8.569324446372715e-07,2,1.5140724878218894e-12,7.0,0.002378792000001795,0.5124653739612188,0.0004045912842809095,0.007244462065251596,0.5124653739612188,
digits_17,digits,knn_rbf,0.2,5.100527975613524,1.0201055951227047,0.4804849014260882,5,1.3061345492291598e-05,2,1.5140724878218894e-12,7.0,0.002378792000001795,0.5124653739612188,0.0004045912842809095,0.007244462065251596,0.5124653739612188,
digits_17,digits,knn_rbf,0.2,5.100527975613524,1.0201055951227047,0.4804849014260882,6,0.00011140541810561971,2,1.5140724878218894e-12,7.0,0.002378792000001795,0.5124653739612188,0.0004045912842809095,0.007244462065251596,0.5124653739612188,
digits_17,digits,knn_rbf,0.2,5.100527975613524,1.0201055951227047,0.4804849014260882,7,0.0001647900794798755,2,1.5140724878218894e-12,7.0,0.002378792000001795,0.5124653739612188,0.0004045912842809095,0.007244462065251596,0.5124653739612188,
digits_17,digits,knn_rbf,0.2,5.100527975613524,1.0201055951227047,0.4804849014260882,8,0.0010885065552216425,2,1.5140724878218894e-12,7.0,0.002378792000001795,0.5124653739612188,0.0004045912842809095,0.007244462065251596,0.5124653739612188,
digits_17,digits,knn_rbf,0.2,5.100527975613524,1.0201055951227047,0.4804849014260882,9,0.0012317889762217147,2,1.5140724878218894e-12,7.0,0.002378792000001795,0.5124653739612188,0.0004045912842809095,0.007244462065251596,0.5124653739612188,
digits_17,digits,knn_rbf,0.2,5.100527975613524,1.0201055951227047,0.4804849014260882,10,0.0017574108253129177,2,1.5140724878218894e-12,7.0,0.002378792000001795,0.5124653739612188,0.0004045912842809095,0.007244462065251596,0.5124653739612188,
digits_17,digits,knn_rbf,0.2,5.100527975613524,1.0201055951227047,0.4804849014260882,11,0.0025441694868879932,2,1.5140724878218894e-12,7.0,0.002378792000001795,0.5124653739612188,0.0004045912842809095,0.007244462065251596,0.5124653739612188,
digits_17,digits,knn_rbf,0.2,5.100527975613524,1.0201055951227047,0.4804849014260882,12,0.006528190608129499,2,1.5140724878218894e-12,7.0,0.002378792000001795,0.5124653739612188,0.0004045912842809095,0.007244462065251596,0.5124653739612188,
digits_17,digits,knn_rbf,0.35,5.100527975613524,1.7851847914647332,0.15689302903709004,1,-1.7377083760615845e-16,2,2.821437086979152e-05,10.0,0.005031250000001819,0.5734072022160664,0.020727766329066692,0.11663795229386653,0.5734072022160664,
digits_17,digits,knn_rbf,0.35,5.100527975613524,1.7851847914647332,0.15689302903709004,2,2.7862535414994498e-05,2,2.821437086979152e-05,10.0,0.005031250000001819,0.5734072022160664,0.020727766329066692,0.11663795229386653,0.5734072022160664,
digits_17,digits,knn_rbf,0.35,5.100527975613524,1.7851847914647332,0.15689302903709004,3,5.607690628478602e-05,2,2.821437086979152e-05,10.0,0.005031250000001819,0.5734072022160664,0.020727766329066692,0.11663795229386653,0.5734072022160664,
digits_17,digits,knn_rbf,0.35,5.100527975613524,1.7851847914647332,0.15689302903709004,4,0.0005135815133684317,2,2.821437086979152e-05,10.0,0.005031250000001819,0.5734072022160664,0.020727766329066692,0.11663795229386653,0.5734072022160664,
digits_17,digits,knn_rbf,0.35,5.100527975613524,1.7851847914647332,0.15689302903709004,5,0.013350450867669759,2,2.821437086979152e-05,10.0,0.005031250000001819,0.5734072022160664,0.020727766329066692,0.11663795229386653,0.5734072022160664,
digits_17,digits,knn_rbf,0.35,5.100527975613524,1.7851847914647332,0.15689302903709004,6,0.01458988140450327,2,2.821437086979152e-05,10.0,0.005031250000001819,0.5734072022160664,0.020727766329066692,0.11663795229386653,0.5734072022160664,
digits_17,digits,knn_rbf,0.35,5.100527975613524,1.7851847914647332,0.15689302903709004,7,0.0402121662945205,2,2.821437086979152e-05,10.0,0.005031250000001819,0.5734072022160664,0.020727766329066692,0.11663795229386653,0.5734072022160664,
digits_17,digits,knn_rbf,0.35,5.100527975613524,1.7851847914647332,0.15689302903709004,8,0.062003711075493025,2,2.821437086979152e-05,10.0,0.005031250000001819,0.5734072022160664,0.020727766329066692,0.11663795229386653,0.5734072022160664,
digits_17,digits,knn_rbf,0.35,5.100527975613524,1.7851847914647332,0.15689302903709004,9,0.10133887155936819,2,2.821437086979152e-05,10.0,0.005031250000001819,0.5734072022160664,0.020727766329066692,0.11663795229386653,0.5734072022160664,
digits_17,digits,knn_rbf,0.35,5.100527975613524,1.7851847914647332,0.15689302903709004,10,0.10364899460700795,2,2.821437086979152e-05,10.0,0.005031250000001819,0.5734072022160664,0.020727766329066692,0.11663795229386653,0.5734072022160664,
digits_17,digits,knn_rbf,0.35,5.100527975613524,1.7851847914647332,0.15689302903709004,11,0.14541852793405438,2,2.821437086979152e-05,10.0,0.005031250000001819,0.5734072022160664,0.020727766329066692,0.11663795229386653,0.5734072022160664,
digits_17,digits,knn_rbf,0.35,5.100527975613524,1.7851847914647332,0.15689302903709004,12,0.16073992692964245,2,2.821437086979152e-05,10.0,0.005031250000001819,0.5734072022160664,0.020727766329066692,0.11663795229386653,0.5734072022160664,
digits_17,digits,knn_rbf,0.5,5.100527975613524,2.550263987806762,0.0768775842281741,1,-1.12537368126829e-16,2,0.0010058232224890507,6.0,0.007287832999992361,0.5706371191135734,0.019155331619377675,0.11303348885649928,0.5706371191135734,
digits_17,digits,knn_rbf,0.5,5.100527975613524,2.550263987806762,0.0768775842281741,2,0.0015664824656856158,2,0.0010058232224890507,6.0,0.007287832999992361,0.5706371191135734,0.019155331619377675,0.11303348885649928,0.5706371191135734,
digits_17,digits,knn_rbf,0.5,5.100527975613524,2.550263987806762,0.0768775842281741,3,0.0025723056881746665,2,0.0010058232224890507,6.0,0.007287832999992361,0.5706371191135734,0.019155331619377675,0.11303348885649928,0.5706371191135734,
digits_17,digits,knn_rbf,0.5,5.100527975613524,2.550263987806762,0.0768775842281741,4,0.00998153355916406,2,0.0010058232224890507,6.0,0.007287832999992361,0.5706371191135734,0.019155331619377675,0.11303348885649928,0.5706371191135734,
digits_17,digits,knn_rbf,0.5,5.100527975613524,2.550263987806762,0.0768775842281741,5,0.02787426320317771,2,0.0010058232224890507,6.0,0.007287832999992361,0.5706371191135734,0.019155331619377675,0.11303348885649928,0.5706371191135734,
digits_17,digits,knn_rbf,0.5,5.100527975613524,2.550263987806762,0.0768775842281741,6,0.08843981126023928,2,0.0010058232224890507,6.0,0.007287832999992361,0.5706371191135734,0.019155331619377675,0.11303348885649928,0.5706371191135734,
digits_17,digits,knn_rbf,0.5,5.100527975613524,2.550263987806762,0.0768775842281741,7,0.1556506854463066,2,0.0010058232224890507,6.0,0.007287832999992361,0.5706371191135734,0.019155331619377675,0.11303348885649928,0.5706371191135734,
digits_17,digits,knn_rbf,0.5,5.100527975613524,2.550263987806762,0.0768775842281741,8,0.20743494560724887,2,0.0010058232224890507,6.0,0.007287832999992361,0.5706371191135734,0.019155331619377675,0.11303348885649928,0.5706371191135734,
digits_17,digits,knn_rbf,0.5,5.100527975613524,2.550263987806762,0.0768775842281741,9,0.25939432781235494,2,0.0010058232224890507,6.0,0.007287832999992361,0.5706371191135734,0.019155331619377675,0.11303348885649928,0.5706371191135734,
digits_17,digits,knn_rbf,0.5,5.100527975613524,2.550263987806762,0.0768775842281741,10,0.26924678243684447,2,0.0010058232224890507,6.0,0.007287832999992361,0.5706371191135734,0.019155331619377675,0.11303348885649928,0.5706371191135734,
digits_17,digits,knn_rbf,0.5,5.100527975613524,2.550263987806762,0.0768775842281741,11,0.28307282995323296,2,0.0010058232224890507,6.0,0.007287832999992361,0.5706371191135734,0.019155331619377675,0.11303348885649928,0.5706371191135734,
digits_17,digits,knn_rbf,0.5,5.100527975613524,2.550263987806762,0.0768775842281741,12,0.3234824066152742,2,0.0010058232224890507,6.0,0.007287832999992361,0.5706371191135734,0.019155331619377675,0.11303348885649928,0.5706371191135734,
digits_17,digits,knn_rbf,0.7,5.100527975613524,3.5703695829294664,0.03922325725927251,1,1.1903089675293306e-16,2,0.005873131369138144,6.0,0.0028742079999943826,0.997229916897507,0.9889195844554286,0.9752388546486165,0.997229916897507,
digits_17,digits,knn_rbf,0.7,5.100527975613524,3.5703695829294664,0.03922325725927251,2,0.005045763529737594,2,0.005873131369138144,6.0,0.0028742079999943826,0.997229916897507,0.9889195844554286,0.9752388546486165,0.997229916897507,
digits_17,digits,knn_rbf,0.7,5.100527975613524,3.5703695829294664,0.03922325725927251,3,0.010918894898875738,2,0.005873131369138144,6.0,0.0028742079999943826,0.997229916897507,0.9889195844554286,0.9752388546486165,0.997229916897507,
digits_17,digits,knn_rbf,0.7,5.100527975613524,3.5703695829294664,0.03922325725927251,4,0.037261143667993074,2,0.005873131369138144,6.0,0.0028742079999943826,0.997229916897507,0.9889195844554286,0.9752388546486165,0.997229916897507,
digits_17,digits,knn_rbf,0.7,5.100527975613524,3.5703695829294664,0.03922325725927251,5,0.13358063581254215,2,0.005873131369138144,6.0,0.0028742079999943826,0.997229916897507,0.9889195844554286,0.9752388546486165,0.997229916897507,
digits_17,digits,knn_rbf,0.7,5.100527975613524,3.5703695829294664,0.03922325725927251,6,0.15731092072530956,2,0.005873131369138144,6.0,0.0028742079999943826,0.997229916897507,0.9889195844554286,0.9752388546486165,0.997229916897507,
digits_17,digits,knn_rbf,0.7,5.100527975613524,3.5703695829294664,0.03922325725927251,7,0.25885430985196745,2,0.005873131369138144,6.0,0.0028742079999943826,0.997229916897507,0.9889195844554286,0.9752388546486165,0.997229916897507,
digits_17,digits,knn_rbf,0.7,5.100527975613524,3.5703695829294664,0.03922325725927251,8,0.2845642610268015,2,0.005873131369138144,6.0,0.0028742079999943826,0.997229916897507,0.9889195844554286,0.9752388546486165,0.997229916897507,
digits_17,digits,knn_rbf,0.7,5.100527975613524,3.5703695829294664,0.03922325725927251,9,0.29686151602213334,2,0.005873131369138144,6.0,0.0028742079999943826,0.997229916897507,0.9889195844554286,0.9752388546486165,0.997229916897507,
digits_17,digits,knn_rbf,0.7,5.100527975613524,3.5703695829294664,0.03922325725927251,10,0.3416848500987843,2,0.005873131369138144,6.0,0.0028742079999943826,0.997229916897507,0.9889195844554286,0.9752388546486165,0.997229916897507,
digits_17,digits,knn_rbf,0.7,5.100527975613524,3.5703695829294664,0.03922325725927251,11,0.4116393325223425,2,0.005873131369138144,6.0,0.0028742079999943826,0.997229916897507,0.9889195844554286,0.9752388546486165,0.997229916897507,
digits_17,digits,knn_rbf,0.7,5.100527975613524,3.5703695829294664,0.03922325725927251,12,0.4297147504092726,2,0.005873131369138144,6.0,0.0028742079999943826,0.997229916897507,0.9889195844554286,0.9752388546486165,0.997229916897507,
digits_17,digits,knn_rbf,0.7071067811865475,5.100527975613524,3.606617919188016,0.03843879211408706,1,2.242988029198416e-16,2,0.006176213447012448,6.0,0.0022695829999861417,1.0,1.0,1.0,1.0,
digits_17,digits,knn_rbf,0.7071067811865475,5.100527975613524,3.606617919188016,0.03843879211408706,2,0.005133423483365276,2,0.006176213447012448,6.0,0.0022695829999861417,1.0,1.0,1.0,1.0,
digits_17,digits,knn_rbf,0.7071067811865475,5.100527975613524,3.606617919188016,0.03843879211408706,3,0.011309636930377724,2,0.006176213447012448,6.0,0.0022695829999861417,1.0,1.0,1.0,1.0,
digits_17,digits,knn_rbf,0.7071067811865475,5.100527975613524,3.606617919188016,0.03843879211408706,4,0.03749506616435687,2,0.006176213447012448,6.0,0.0022695829999861417,1.0,1.0,1.0,1.0,
digits_17,digits,knn_rbf,0.7071067811865475,5.100527975613524,3.606617919188016,0.03843879211408706,5,0.138094443607721,2,0.006176213447012448,6.0,0.0022695829999861417,1.0,1.0,1.0,1.0,
digits_17,digits,knn_rbf,0.7071067811865475,5.100527975613524,3.606617919188016,0.03843879211408706,6,0.16092476640092876,2,0.006176213447012448,6.0,0.0022695829999861417,1.0,1.0,1.0,1.0,
digits_17,digits,knn_rbf,0.7071067811865475,5.100527975613524,3.606617919188016,0.03843879211408706,7,0.26278708538507844,2,0.006176213447012448,6.0,0.0022695829999861417,1.0,1.0,1.0,1.0,
digits_17,digits,knn_rbf,0.7071067811865475,5.100527975613524,3.606617919188016,0.03843879211408706,8,0.2849192513802097,2,0.006176213447012448,6.0,0.0022695829999861417,1.0,1.0,1.0,1.0,
digits_17,digits,knn_rbf,0.7071067811865475,5.100527975613524,3.606617919188016,0.03843879211408706,9,0.2979856844343373,2,0.006176213447012448,6.0,0.0022695829999861417,1.0,1.0,1.0,1.0,
digits_17,digits,knn_rbf,0.7071067811865475,5.100527975613524,3.606617919188016,0.03843879211408706,10,0.34487651409693176,2,0.006176213447012448,6.0,0.0022695829999861417,1.0,1.0,1.0,1.0,
digits_17,digits,knn_rbf,0.7071067811865475,5.100527975613524,3.606617919188016,0.03843879211408706,11,0.4133908756205163,2,0.006176213447012448,6.0,0.0022695829999861417,1.0,1.0,1.0,1.0,
digits_17,digits,knn_rbf,0.7071067811865475,5.100527975613524,3.606617919188016,0.03843879211408706,12,0.43106457894432826,2,0.006176213447012448,6.0,0.0022695829999861417,1.0,1.0,1.0,1.0,
digits_17,digits,knn_rbf,1.0,5.100527975613524,5.100527975613524,0.019219396057043526,1,5.921913134011253e-17,2,0.01703382327927965,5.0,0.0034104580000047235,1.0,1.0,1.0,1.0,
digits_17,digits,knn_rbf,1.0,5.100527975613524,5.100527975613524,0.019219396057043526,2,0.007903697294148323,2,0.01703382327927965,5.0,0.0034104580000047235,1.0,1.0,1.0,1.0,
digits_17,digits,knn_rbf,1.0,5.100527975613524,5.100527975613524,0.019219396057043526,3,0.024937520573427973,2,0.01703382327927965,5.0,0.0034104580000047235,1.0,1.0,1.0,1.0,
digits_17,digits,knn_rbf,1.0,5.100527975613524,5.100527975613524,0.019219396057043526,4,0.04474601675683345,2,0.01703382327927965,5.0,0.0034104580000047235,1.0,1.0,1.0,1.0,
digits_17,digits,knn_rbf,1.0,5.100527975613524,5.100527975613524,0.019219396057043526,5,0.15568762420702129,2,0.01703382327927965,5.0,0.0034104580000047235,1.0,1.0,1.0,1.0,
digits_17,digits,knn_rbf,1.0,5.100527975613524,5.100527975613524,0.019219396057043526,6,0.29500793321818686,2,0.01703382327927965,5.0,0.0034104580000047235,1.0,1.0,1.0,1.0,
digits_17,digits,knn_rbf,1.0,5.100527975613524,5.100527975613524,0.019219396057043526,7,0.296376499469962,2,0.01703382327927965,5.0,0.0034104580000047235,1.0,1.0,1.0,1.0,
digits_17,digits,knn_rbf,1.0,5.100527975613524,5.100527975613524,0.019219396057043526,8,0.3454993992834726,2,0.01703382327927965,5.0,0.0034104580000047235,1.0,1.0,1.0,1.0,
digits_17,digits,knn_rbf,1.0,5.100527975613524,5.100527975613524,0.019219396057043526,9,0.4205220351003181,2,0.01703382327927965,5.0,0.0034104580000047235,1.0,1.0,1.0,1.0,
digits_17,digits,knn_rbf,1.0,5.100527975613524,5.100527975613524,0.019219396057043526,10,0.45120582150944705,2,0.01703382327927965,5.0,0.0034104580000047235,1.0,1.0,1.0,1.0,
digits_17,digits,knn_rbf,1.0,5.100527975613524,5.100527975613524,0.019219396057043526,11,0.456509009339126,2,0.01703382327927965,5.0,0.0034104580000047235,1.0,1.0,1.0,1.0,
digits_17,digits,knn_rbf,1.0,5.100527975613524,5.100527975613524,0.019219396057043526,12,0.4704196032137284,2,0.01703382327927965,5.0,0.0034104580000047235,1.0,1.0,1.0,1.0,
digits_17,digits,knn_rbf,1.4,5.100527975613524,7.140739165858933,0.009805814314818128,1,1.1638754091862713e-17,2,0.023418546738384532,5.0,0.0065039589999997816,1.0,1.0,1.0,1.0,
digits_17,digits,knn_rbf,1.4,5.100527975613524,7.140739165858933,0.009805814314818128,2,0.00998934251143397,2,0.023418546738384532,5.0,0.0065039589999997816,1.0,1.0,1.0,1.0,
digits_17,digits,knn_rbf,1.4,5.100527975613524,7.140739165858933,0.009805814314818128,3,0.0334078892498185,2,0.023418546738384532,5.0,0.0065039589999997816,1.0,1.0,1.0,1.0,
digits_17,digits,knn_rbf,1.4,5.100527975613524,7.140739165858933,0.009805814314818128,4,0.05127055402097171,2,0.023418546738384532,5.0,0.0065039589999997816,1.0,1.0,1.0,1.0,
digits_17,digits,knn_rbf,1.4,5.100527975613524,7.140739165858933,0.009805814314818128,5,0.154495175648725,2,0.023418546738384532,5.0,0.0065039589999997816,1.0,1.0,1.0,1.0,
digits_17,digits,knn_rbf,1.4,5.100527975613524,7.140739165858933,0.009805814314818128,6,0.301741360932912,2,0.023418546738384532,5.0,0.0065039589999997816,1.0,1.0,1.0,1.0,
digits_17,digits,knn_rbf,1.4,5.100527975613524,7.140739165858933,0.009805814314818128,7,0.3047238187922501,2,0.023418546738384532,5.0,0.0065039589999997816,1.0,1.0,1.0,1.0,
digits_17,digits,knn_rbf,1.4,5.100527975613524,7.140739165858933,0.009805814314818128,8,0.3736959734887483,2,0.023418546738384532,5.0,0.0065039589999997816,1.0,1.0,1.0,1.0,
digits_17,digits,knn_rbf,1.4,5.100527975613524,7.140739165858933,0.009805814314818128,9,0.44604770357652,2,0.023418546738384532,5.0,0.0065039589999997816,1.0,1.0,1.0,1.0,
digits_17,digits,knn_rbf,1.4,5.100527975613524,7.140739165858933,0.009805814314818128,10,0.46640592384717644,2,0.023418546738384532,5.0,0.0065039589999997816,1.0,1.0,1.0,1.0,
digits_17,digits,knn_rbf,1.4,5.100527975613524,7.140739165858933,0.009805814314818128,11,0.4833200162364524,2,0.023418546738384532,5.0,0.0065039589999997816,1.0,1.0,1.0,1.0,
digits_17,digits,knn_rbf,1.4,5.100527975613524,7.140739165858933,0.009805814314818128,12,0.4859536688471932,2,0.023418546738384532,5.0,0.0065039589999997816,1.0,1.0,1.0,1.0,
digits_17,digits,knn_rbf,2.0,5.100527975613524,10.201055951227048,0.0048048490142608815,1,2.4578051974317645e-16,2,0.025807191960712274,5.0,0.003814790999996376,1.0,1.0,1.0,1.0,
digits_17,digits,knn_rbf,2.0,5.100527975613524,10.201055951227048,0.0048048490142608815,2,0.011552094216572236,2,0.025807191960712274,5.0,0.003814790999996376,1.0,1.0,1.0,1.0,
digits_17,digits,knn_rbf,2.0,5.100527975613524,10.201055951227048,0.0048048490142608815,3,0.03735928617728451,2,0.025807191960712274,5.0,0.003814790999996376,1.0,1.0,1.0,1.0,
digits_17,digits,knn_rbf,2.0,5.100527975613524,10.201055951227048,0.0048048490142608815,4,0.05679948543545631,2,0.025807191960712274,5.0,0.003814790999996376,1.0,1.0,1.0,1.0,
digits_17,digits,knn_rbf,2.0,5.100527975613524,10.201055951227048,0.0048048490142608815,5,0.15173186887963527,2,0.025807191960712274,5.0,0.003814790999996376,1.0,1.0,1.0,1.0,
digits_17,digits,knn_rbf,2.0,5.100527975613524,10.201055951227048,0.0048048490142608815,6,0.3053167063441409,2,0.025807191960712274,5.0,0.003814790999996376,1.0,1.0,1.0,1.0,
digits_17,digits,knn_rbf,2.0,5.100527975613524,10.201055951227048,0.0048048490142608815,7,0.3076597219561167,2,0.025807191960712274,5.0,0.003814790999996376,1.0,1.0,1.0,1.0,
digits_17,digits,knn_rbf,2.0,5.100527975613524,10.201055951227048,0.0048048490142608815,8,0.3843968363330226,2,0.025807191960712274,5.0,0.003814790999996376,1.0,1.0,1.0,1.0,
digits_17,digits,knn_rbf,2.0,5.100527975613524,10.201055951227048,0.0048048490142608815,9,0.4510771681539743,2,0.025807191960712274,5.0,0.003814790999996376,1.0,1.0,1.0,1.0,
digits_17,digits,knn_rbf,2.0,5.100527975613524,10.201055951227048,0.0048048490142608815,10,0.47753882431265593,2,0.025807191960712274,5.0,0.003814790999996376,1.0,1.0,1.0,1.0,
digits_17,digits,knn_rbf,2.0,5.100527975613524,10.201055951227048,0.0048048490142608815,11,0.4920948052993788,2,0.025807191960712274,5.0,0.003814790999996376,1.0,1.0,1.0,1.0,
digits_17,digits,knn_rbf,2.0,5.100527975613524,10.201055951227048,0.0048048490142608815,12,0.49619857223272984,2,0.025807191960712274,5.0,0.003814790999996376,1.0,1.0,1.0,1.0,
digits_17,digits,knn_rbf,3.0,5.100527975613524,15.301583926840571,0.002135488450782614,1,-3.031880154255965e-17,2,0.026496020782824453,5.0,0.00461850000000652,1.0,1.0,1.0,1.0,
digits_17,digits,knn_rbf,3.0,5.100527975613524,15.301583926840571,0.002135488450782614,2,0.012728237248248018,2,0.026496020782824453,5.0,0.00461850000000652,1.0,1.0,1.0,1.0,
digits_17,digits,knn_rbf,3.0,5.100527975613524,15.301583926840571,0.002135488450782614,3,0.03922425803107247,2,0.026496020782824453,5.0,0.00461850000000652,1.0,1.0,1.0,1.0,
digits_17,digits,knn_rbf,3.0,5.100527975613524,15.301583926840571,0.002135488450782614,4,0.060603644486831545,2,0.026496020782824453,5.0,0.00461850000000652,1.0,1.0,1.0,1.0,
digits_17,digits,knn_rbf,3.0,5.100527975613524,15.301583926840571,0.002135488450782614,5,0.14939337088714943,2,0.026496020782824453,5.0,0.00461850000000652,1.0,1.0,1.0,1.0,
digits_17,digits,knn_rbf,3.0,5.100527975613524,15.301583926840571,0.002135488450782614,6,0.30625514105083057,2,0.026496020782824453,5.0,0.00461850000000652,1.0,1.0,1.0,1.0,
digits_17,digits,knn_rbf,3.0,5.100527975613524,15.301583926840571,0.002135488450782614,7,0.31029296256251926,2,0.026496020782824453,5.0,0.00461850000000652,1.0,1.0,1.0,1.0,
digits_17,digits,knn_rbf,3.0,5.100527975613524,15.301583926840571,0.002135488450782614,8,0.38967665988697037,2,0.026496020782824453,5.0,0.00461850000000652,1.0,1.0,1.0,1.0,
digits_17,digits,knn_rbf,3.0,5.100527975613524,15.301583926840571,0.002135488450782614,9,0.45074102368004115,2,0.026496020782824453,5.0,0.00461850000000652,1.0,1.0,1.0,1.0,
digits_17,digits,knn_rbf,3.0,5.100527975613524,15.301583926840571,0.002135488450782614,10,0.4834943002259923,2,0.026496020782824453,5.0,0.00461850000000652,1.0,1.0,1.0,1.0,
digits_17,digits,knn_rbf,3.0,5.100527975613524,15.301583926840571,0.002135488450782614,11,0.4969597388013312,2,0.026496020782824453,5.0,0.00461850000000652,1.0,1.0,1.0,1.0,
digits_17,digits,knn_rbf,3.0,5.100527975613524,15.301583926840571,0.002135488450782614,12,0.5010498875254715,2,0.026496020782824453,5.0,0.00461850000000652,1.0,1.0,1.0,1.0,
digits_17,digits,knn_rbf,5.0,5.100527975613524,25.50263987806762,0.0007687758422817411,1,-1.1466769062897736e-16,2,0.02666990147474054,5.0,0.0022958339999945565,1.0,1.0,1.0,1.0,
digits_17,digits,knn_rbf,5.0,5.100527975613524,25.50263987806762,0.0007687758422817411,2,0.013530859245381298,2,0.02666990147474054,5.0,0.0022958339999945565,1.0,1.0,1.0,1.0,
digits_17,digits,knn_rbf,5.0,5.100527975613524,25.50263987806762,0.0007687758422817411,3,0.04020076072012184,2,0.02666990147474054,5.0,0.0022958339999945565,1.0,1.0,1.0,1.0,
digits_17,digits,knn_rbf,5.0,5.100527975613524,25.50263987806762,0.0007687758422817411,4,0.06285627246833303,2,0.02666990147474054,5.0,0.0022958339999945565,1.0,1.0,1.0,1.0,
digits_17,digits,knn_rbf,5.0,5.100527975613524,25.50263987806762,0.0007687758422817411,5,0.14791891980807376,2,0.02666990147474054,5.0,0.0022958339999945565,1.0,1.0,1.0,1.0,
digits_17,digits,knn_rbf,5.0,5.100527975613524,25.50263987806762,0.0007687758422817411,6,0.30639255177883307,2,0.02666990147474054,5.0,0.0022958339999945565,1.0,1.0,1.0,1.0,
digits_17,digits,knn_rbf,5.0,5.100527975613524,25.50263987806762,0.0007687758422817411,7,0.31263200247174394,2,0.02666990147474054,5.0,0.0022958339999945565,1.0,1.0,1.0,1.0,
digits_17,digits,knn_rbf,5.0,5.100527975613524,25.50263987806762,0.0007687758422817411,8,0.3923275408035423,2,0.02666990147474054,5.0,0.0022958339999945565,1.0,1.0,1.0,1.0,
digits_17,digits,knn_rbf,5.0,5.100527975613524,25.50263987806762,0.0007687758422817411,9,0.44717573947691286,2,0.02666990147474054,5.0,0.0022958339999945565,1.0,1.0,1.0,1.0,
digits_17,digits,knn_rbf,5.0,5.100527975613524,25.50263987806762,0.0007687758422817411,10,0.4860008146101021,2,0.02666990147474054,5.0,0.0022958339999945565,1.0,1.0,1.0,1.0,
digits_17,digits,knn_rbf,5.0,5.100527975613524,25.50263987806762,0.0007687758422817411,11,0.49971815920389184,2,0.02666990147474054,5.0,0.0022958339999945565,1.0,1.0,1.0,1.0,
digits_17,digits,knn_rbf,5.0,5.100527975613524,25.50263987806762,0.0007687758422817411,12,0.5035261177179732,2,0.02666990147474054,5.0,0.0022958339999945565,1.0,1.0,1.0,1.0,
digits_0136,digits,dense_rbf,0.1,9.91906574589092,0.991906574589092,0.5081927518411335,1,1.2372657312132761e-14,4,6.928721409818879e-06,9.0,0.09255329099998733,0.5345303867403315,0.33045644576353195,0.5447875831554604,0.5345303867403315,
digits_0136,digits,dense_rbf,0.1,9.91906574589092,0.991906574589092,0.5081927518411335,2,1.4058051450950535e-09,4,6.928721409818879e-06,9.0,0.09255329099998733,0.5345303867403315,0.33045644576353195,0.5447875831554604,0.5345303867403315,
digits_0136,digits,dense_rbf,0.1,9.91906574589092,0.991906574589092,0.5081927518411335,3,8.757516984519978e-07,4,6.928721409818879e-06,9.0,0.09255329099998733,0.5345303867403315,0.33045644576353195,0.5447875831554604,0.5345303867403315,
digits_0136,digits,dense_rbf,0.1,9.91906574589092,0.991906574589092,0.5081927518411335,4,3.7440842795499756e-06,4,6.928721409818879e-06,9.0,0.09255329099998733,0.5345303867403315,0.33045644576353195,0.5447875831554604,0.5345303867403315,
digits_0136,digits,dense_rbf,0.1,9.91906574589092,0.991906574589092,0.5081927518411335,5,1.0672805689368854e-05,4,6.928721409818879e-06,9.0,0.09255329099998733,0.5345303867403315,0.33045644576353195,0.5447875831554604,0.5345303867403315,
digits_0136,digits,dense_rbf,0.1,9.91906574589092,0.991906574589092,0.5081927518411335,6,6.836033304910915e-05,4,6.928721409818879e-06,9.0,0.09255329099998733,0.5345303867403315,0.33045644576353195,0.5447875831554604,0.5345303867403315,
digits_0136,digits,dense_rbf,0.1,9.91906574589092,0.991906574589092,0.5081927518411335,7,7.745254088925029e-05,4,6.928721409818879e-06,9.0,0.09255329099998733,0.5345303867403315,0.33045644576353195,0.5447875831554604,0.5345303867403315,
digits_0136,digits,dense_rbf,0.1,9.91906574589092,0.991906574589092,0.5081927518411335,8,0.0009712083029308345,4,6.928721409818879e-06,9.0,0.09255329099998733,0.5345303867403315,0.33045644576353195,0.5447875831554604,0.5345303867403315,
digits_0136,digits,dense_rbf,0.1,9.91906574589092,0.991906574589092,0.5081927518411335,9,0.001858535995799549,4,6.928721409818879e-06,9.0,0.09255329099998733,0.5345303867403315,0.33045644576353195,0.5447875831554604,0.5345303867403315,
digits_0136,digits,dense_rbf,0.1,9.91906574589092,0.991906574589092,0.5081927518411335,10,0.0032348331659148087,4,6.928721409818879e-06,9.0,0.09255329099998733,0.5345303867403315,0.33045644576353195,0.5447875831554604,0.5345303867403315,
digits_0136,digits,dense_rbf,0.1,9.91906574589092,0.991906574589092,0.5081927518411335,11,0.004030509978437378,4,6.928721409818879e-06,9.0,0.09255329099998733,0.5345303867403315,0.33045644576353195,0.5447875831554604,0.5345303867403315,
digits_0136,digits,dense_rbf,0.1,9.91906574589092,0.991906574589092,0.5081927518411335,12,0.0042167908723483895,4,6.928721409818879e-06,9.0,0.09255329099998733,0.5345303867403315,0.33045644576353195,0.5447875831554604,0.5345303867403315,
digits_0136,digits,dense_rbf,0.2,9.91906574589092,1.983813149178184,0.1270481879602834,1,7.866970943079514e-16,4,0.006397737237610076,8.0,0.04413833299999226,0.7002762430939227,0.6277230137716258,0.7387540928066388,0.738950276243094,
digits_0136,digits,dense_rbf,0.2,9.91906574589092,1.983813149178184,0.1270481879602834,2,3.057776254422811e-11,4,0.006397737237610076,8.0,0.04413833299999226,0.7002762430939227,0.6277230137716258,0.7387540928066388,0.738950276243094,
digits_0136,digits,dense_rbf,0.2,9.91906574589092,1.983813149178184,0.1270481879602834,3,0.0038353508090539943,4,0.006397737237610076,8.0,0.04413833299999226,0.7002762430939227,0.6277230137716258,0.7387540928066388,0.738950276243094,
digits_0136,digits,dense_rbf,0.2,9.91906574589092,1.983813149178184,0.1270481879602834,4,0.011404841246119799,4,0.006397737237610076,8.0,0.04413833299999226,0.7002762430939227,0.6277230137716258,0.7387540928066388,0.738950276243094,
digits_0136,digits,dense_rbf,0.2,9.91906574589092,1.983813149178184,0.1270481879602834,5,0.017802578483729875,4,0.006397737237610076,8.0,0.04413833299999226,0.7002762430939227,0.6277230137716258,0.7387540928066388,0.738950276243094,
digits_0136,digits,dense_rbf,0.2,9.91906574589092,1.983813149178184,0.1270481879602834,6,0.02598978299537397,4,0.006397737237610076,8.0,0.04413833299999226,0.7002762430939227,0.6277230137716258,0.7387540928066388,0.738950276243094,
digits_0136,digits,dense_rbf,0.2,9.91906574589092,1.983813149178184,0.1270481879602834,7,0.028260238352205317,4,0.006397737237610076,8.0,0.04413833299999226,0.7002762430939227,0.6277230137716258,0.7387540928066388,0.738950276243094,
digits_0136,digits,dense_rbf,0.2,9.91906574589092,1.983813149178184,0.1270481879602834,8,0.045082511907912494,4,0.006397737237610076,8.0,0.04413833299999226,0.7002762430939227,0.6277230137716258,0.7387540928066388,0.738950276243094,
digits_0136,digits,dense_rbf,0.2,9.91906574589092,1.983813149178184,0.1270481879602834,9,0.1683097941624623,4,0.006397737237610076,8.0,0.04413833299999226,0.7002762430939227,0.6277230137716258,0.7387540928066388,0.738950276243094,
digits_0136,digits,dense_rbf,0.2,9.91906574589092,1.983813149178184,0.1270481879602834,10,0.171873966339775,4,0.006397737237610076,8.0,0.04413833299999226,0.7002762430939227,0.6277230137716258,0.7387540928066388,0.738950276243094,
digits_0136,digits,dense_rbf,0.2,9.91906574589092,1.983813149178184,0.1270481879602834,11,0.17328526008083456,4,0.006397737237610076,8.0,0.04413833299999226,0.7002762430939227,0.6277230137716258,0.7387540928066388,0.738950276243094,
digits_0136,digits,dense_rbf,0.2,9.91906574589092,1.983813149178184,0.1270481879602834,12,0.2045869058754125,4,0.006397737237610076,8.0,0.04413833299999226,0.7002762430939227,0.6277230137716258,0.7387540928066388,0.738950276243094,
digits_0136,digits,dense_rbf,0.35,9.91906574589092,3.471673011061822,0.04148512259927621,1,-6.927664608313956e-16,4,0.044492934231195935,2.0,0.04030045800000437,0.8784530386740331,0.72648784962027,0.7358945765215532,0.8784530386740331,
digits_0136,digits,dense_rbf,0.35,9.91906574589092,3.471673011061822,0.04148512259927621,2,0.0050012545259805734,4,0.044492934231195935,2.0,0.04030045800000437,0.8784530386740331,0.72648784962027,0.7358945765215532,0.8784530386740331,
digits_0136,digits,dense_rbf,0.35,9.91906574589092,3.471673011061822,0.04148512259927621,3,0.2544216728749052,4,0.044492934231195935,2.0,0.04030045800000437,0.8784530386740331,0.72648784962027,0.7358945765215532,0.8784530386740331,
digits_0136,digits,dense_rbf,0.35,9.91906574589092,3.471673011061822,0.04148512259927621,4,0.2845824637049868,4,0.044492934231195935,2.0,0.04030045800000437,0.8784530386740331,0.72648784962027,0.7358945765215532,0.8784530386740331,
digits_0136,digits,dense_rbf,0.35,9.91906574589092,3.471673011061822,0.04148512259927621,5,0.32907539793618273,4,0.044492934231195935,2.0,0.04030045800000437,0.8784530386740331,0.72648784962027,0.7358945765215532,0.8784530386740331,
digits_0136,digits,dense_rbf,0.35,9.91906574589092,3.471673011061822,0.04148512259927621,6,0.3554563400472695,4,0.044492934231195935,2.0,0.04030045800000437,0.8784530386740331,0.72648784962027,0.7358945765215532,0.8784530386740331,
digits_0136,digits,dense_rbf,0.35,9.91906574589092,3.471673011061822,0.04148512259927621,7,0.40319225470888065,4,0.044492934231195935,2.0,0.04030045800000437,0.8784530386740331,0.72648784962027,0.7358945765215532,0.8784530386740331,
digits_0136,digits,dense_rbf,0.35,9.91906574589092,3.471673011061822,0.04148512259927621,8,0.43903634718286677,4,0.044492934231195935,2.0,0.04030045800000437,0.8784530386740331,0.72648784962027,0.7358945765215532,0.8784530386740331,
digits_0136,digits,dense_rbf,0.35,9.91906574589092,3.471673011061822,0.04148512259927621,9,0.5997623832702317,4,0.044492934231195935,2.0,0.04030045800000437,0.8784530386740331,0.72648784962027,0.7358945765215532,0.8784530386740331,
digits_0136,digits,dense_rbf,0.35,9.91906574589092,3.471673011061822,0.04148512259927621,10,0.6809983585161922,4,0.044492934231195935,2.0,0.04030045800000437,0.8784530386740331,0.72648784962027,0.7358945765215532,0.8784530386740331,
digits_0136,digits,dense_rbf,0.35,9.91906574589092,3.471673011061822,0.04148512259927621,11,0.7271586652870112,4,0.044492934231195935,2.0,0.04030045800000437,0.8784530386740331,0.72648784962027,0.7358945765215532,0.8784530386740331,
digits_0136,digits,dense_rbf,0.35,9.91906574589092,3.471673011061822,0.04148512259927621,12,0.7431362152732806,4,0.044492934231195935,2.0,0.04030045800000437,0.8784530386740331,0.72648784962027,0.7358945765215532,0.8784530386740331,
digits_0136,digits,dense_rbf,0.5,9.91906574589092,4.95953287294546,0.020327710073645346,1,1.5543122344752192e-15,4,0.07466384799733616,1.0,0.04765791699999511,0.9295580110497238,0.8294643566965161,0.8240428201808611,0.9295580110497238,
digits_0136,digits,dense_rbf,0.5,9.91906574589092,4.95953287294546,0.020327710073645346,2,0.4659783734320678,4,0.07466384799733616,1.0,0.04765791699999511,0.9295580110497238,0.8294643566965161,0.8240428201808611,0.9295580110497238,
digits_0136,digits,dense_rbf,0.5,9.91906574589092,4.95953287294546,0.020327710073645346,3,0.6039406265644282,4,0.07466384799733616,1.0,0.04765791699999511,0.9295580110497238,0.8294643566965161,0.8240428201808611,0.9295580110497238,
digits_0136,digits,dense_rbf,0.5,9.91906574589092,4.95953287294546,0.020327710073645346,4,0.6498907701795805,4,0.07466384799733616,1.0,0.04765791699999511,0.9295580110497238,0.8294643566965161,0.8240428201808611,0.9295580110497238,
digits_0136,digits,dense_rbf,0.5,9.91906574589092,4.95953287294546,0.020327710073645346,5,0.7245546181769167,4,0.07466384799733616,1.0,0.04765791699999511,0.9295580110497238,0.8294643566965161,0.8240428201808611,0.9295580110497238,
digits_0136,digits,dense_rbf,0.5,9.91906574589092,4.95953287294546,0.020327710073645346,6,0.743735633215052,4,0.07466384799733616,1.0,0.04765791699999511,0.9295580110497238,0.8294643566965161,0.8240428201808611,0.9295580110497238,
digits_0136,digits,dense_rbf,0.5,9.91906574589092,4.95953287294546,0.020327710073645346,7,0.7766827551193943,4,0.07466384799733616,1.0,0.04765791699999511,0.9295580110497238,0.8294643566965161,0.8240428201808611,0.9295580110497238,
digits_0136,digits,dense_rbf,0.5,9.91906574589092,4.95953287294546,0.020327710073645346,8,0.790048749119166,4,0.07466384799733616,1.0,0.04765791699999511,0.9295580110497238,0.8294643566965161,0.8240428201808611,0.9295580110497238,
digits_0136,digits,dense_rbf,0.5,9.91906574589092,4.95953287294546,0.020327710073645346,9,0.8525790480709321,4,0.07466384799733616,1.0,0.04765791699999511,0.9295580110497238,0.8294643566965161,0.8240428201808611,0.9295580110497238,
digits_0136,digits,dense_rbf,0.5,9.91906574589092,4.95953287294546,0.020327710073645346,10,0.9062895544544537,4,0.07466384799733616,1.0,0.04765791699999511,0.9295580110497238,0.8294643566965161,0.8240428201808611,0.9295580110497238,
digits_0136,digits,dense_rbf,0.5,9.91906574589092,4.95953287294546,0.020327710073645346,11,0.915404429768637,4,0.07466384799733616,1.0,0.04765791699999511,0.9295580110497238,0.8294643566965161,0.8240428201808611,0.9295580110497238,
digits_0136,digits,dense_rbf,0.5,9.91906574589092,4.95953287294546,0.020327710073645346,12,0.9172940392009188,4,0.07466384799733616,1.0,0.04765791699999511,0.9295580110497238,0.8294643566965161,0.8240428201808611,0.9295580110497238,
digits_0136,digits,dense_rbf,0.7,9.91906574589092,6.943346022123644,0.010371280649819053,1,-6.661338147750939e-16,4,0.03135338620048178,1.0,0.04235629200000801,0.9447513812154696,0.8648031518798465,0.8576991479653745,0.9447513812154696,
digits_0136,digits,dense_rbf,0.7,9.91906574589092,6.943346022123644,0.010371280649819053,2,0.7977688137847079,4,0.03135338620048178,1.0,0.04235629200000801,0.9447513812154696,0.8648031518798465,0.8576991479653745,0.9447513812154696,
digits_0136,digits,dense_rbf,0.7,9.91906574589092,6.943346022123644,0.010371280649819053,3,0.8202291918963677,4,0.03135338620048178,1.0,0.04235629200000801,0.9447513812154696,0.8648031518798465,0.8576991479653745,0.9447513812154696,
digits_0136,digits,dense_rbf,0.7,9.91906574589092,6.943346022123644,0.010371280649819053,4,0.8754704347831317,4,0.03135338620048178,1.0,0.04235629200000801,0.9447513812154696,0.8648031518798465,0.8576991479653745,0.9447513812154696,
digits_0136,digits,dense_rbf,0.7,9.91906574589092,6.943346022123644,0.010371280649819053,5,0.9068238209836135,4,0.03135338620048178,1.0,0.04235629200000801,0.9447513812154696,0.8648031518798465,0.8576991479653745,0.9447513812154696,
digits_0136,digits,dense_rbf,0.7,9.91906574589092,6.943346022123644,0.010371280649819053,6,0.928766485603933,4,0.03135338620048178,1.0,0.04235629200000801,0.9447513812154696,0.8648031518798465,0.8576991479653745,0.9447513812154696,
digits_0136,digits,dense_rbf,0.7,9.91906574589092,6.943346022123644,0.010371280649819053,7,0.9401849313180148,4,0.03135338620048178,1.0,0.04235629200000801,0.9447513812154696,0.8648031518798465,0.8576991479653745,0.9447513812154696,
digits_0136,digits,dense_rbf,0.7,9.91906574589092,6.943346022123644,0.010371280649819053,8,0.945493742537025,4,0.03135338620048178,1.0,0.04235629200000801,0.9447513812154696,0.8648031518798465,0.8576991479653745,0.9447513812154696,
digits_0136,digits,dense_rbf,0.7,9.91906574589092,6.943346022123644,0.010371280649819053,9,0.9515176075287822,4,0.03135338620048178,1.0,0.04235629200000801,0.9447513812154696,0.8648031518798465,0.8576991479653745,0.9447513812154696,
digits_0136,digits,dense_rbf,0.7,9.91906574589092,6.943346022123644,0.010371280649819053,10,0.9614667227285492,4,0.03135338620048178,1.0,0.04235629200000801,0.9447513812154696,0.8648031518798465,0.8576991479653745,0.9447513812154696,
digits_0136,digits,dense_rbf,0.7,9.91906574589092,6.943346022123644,0.010371280649819053,11,0.9664045064483144,4,0.03135338620048178,1.0,0.04235629200000801,0.9447513812154696,0.8648031518798465,0.8576991479653745,0.9447513812154696,
digits_0136,digits,dense_rbf,0.7,9.91906574589092,6.943346022123644,0.010371280649819053,12,0.9681662402674832,4,0.03135338620048178,1.0,0.04235629200000801,0.9447513812154696,0.8648031518798465,0.8576991479653745,0.9447513812154696,
digits_0136,digits,dense_rbf,0.7071067811865475,9.91906574589092,7.01383865195467,0.010163855036822673,1,-2.220446049250313e-16,4,0.030799044170964684,1.0,0.043676875000002724,0.9447513812154696,0.8648031518798465,0.8576991479653745,0.9447513812154696,
digits_0136,digits,dense_rbf,0.7071067811865475,9.91906574589092,7.01383865195467,0.010163855036822673,2,0.8019171662520771,4,0.030799044170964684,1.0,0.043676875000002724,0.9447513812154696,0.8648031518798465,0.8576991479653745,0.9447513812154696,
digits_0136,digits,dense_rbf,0.7071067811865475,9.91906574589092,7.01383865195467,0.010163855036822673,3,0.823833719981311,4,0.030799044170964684,1.0,0.043676875000002724,0.9447513812154696,0.8648031518798465,0.8576991479653745,0.9447513812154696,
digits_0136,digits,dense_rbf,0.7071067811865475,9.91906574589092,7.01383865195467,0.010163855036822673,4,0.8783006955063317,4,0.030799044170964684,1.0,0.043676875000002724,0.9447513812154696,0.8648031518798465,0.8576991479653745,0.9447513812154696,
digits_0136,digits,dense_rbf,0.7071067811865475,9.91906574589092,7.01383865195467,0.010163855036822673,5,0.9090997396772964,4,0.030799044170964684,1.0,0.043676875000002724,0.9447513812154696,0.8648031518798465,0.8576991479653745,0.9447513812154696,
digits_0136,digits,dense_rbf,0.7071067811865475,9.91906574589092,7.01383865195467,0.010163855036822673,6,0.9308221744480882,4,0.030799044170964684,1.0,0.043676875000002724,0.9447513812154696,0.8648031518798465,0.8576991479653745,0.9447513812154696,
digits_0136,digits,dense_rbf,0.7071067811865475,9.91906574589092,7.01383865195467,0.010163855036822673,7,0.944109015945195,4,0.030799044170964684,1.0,0.043676875000002724,0.9447513812154696,0.8648031518798465,0.8576991479653745,0.9447513812154696,
digits_0136,digits,dense_rbf,0.7071067811865475,9.91906574589092,7.01383865195467,0.010163855036822673,8,0.9470174869219276,4,0.030799044170964684,1.0,0.043676875000002724,0.9447513812154696,0.8648031518798465,0.8576991479653745,0.9447513812154696,
digits_0136,digits,dense_rbf,0.7071067811865475,9.91906574589092,7.01383865195467,0.010163855036822673,9,0.9533286569180122,4,0.030799044170964684,1.0,0.043676875000002724,0.9447513812154696,0.8648031518798465,0.8576991479653745,0.9447513812154696,
digits_0136,digits,dense_rbf,0.7071067811865475,9.91906574589092,7.01383865195467,0.010163855036822673,10,0.9624188293783053,4,0.030799044170964684,1.0,0.043676875000002724,0.9447513812154696,0.8648031518798465,0.8576991479653745,0.9447513812154696,
digits_0136,digits,dense_rbf,0.7071067811865475,9.91906574589092,7.01383865195467,0.010163855036822673,11,0.9672849971995191,4,0.030799044170964684,1.0,0.043676875000002724,0.9447513812154696,0.8648031518798465,0.8576991479653745,0.9447513812154696,
digits_0136,digits,dense_rbf,0.7071067811865475,9.91906574589092,7.01383865195467,0.010163855036822673,12,0.9690261177246176,4,0.030799044170964684,1.0,0.043676875000002724,0.9447513812154696,0.8648031518798465,0.8576991479653745,0.9447513812154696,
digits_0136,digits,dense_rbf,1.0,9.91906574589092,9.91906574589092,0.005081927518411336,1,-6.661338147750939e-16,4,0.016083957681830907,1.0,0.04330408299999533,0.93646408839779,0.8445755650815018,0.832133981621038,0.93646408839779,
digits_0136,digits,dense_rbf,1.0,9.91906574589092,9.91906574589092,0.005081927518411336,2,0.9032008533249716,4,0.016083957681830907,1.0,0.04330408299999533,0.93646408839779,0.8445755650815018,0.832133981621038,0.93646408839779,
digits_0136,digits,dense_rbf,1.0,9.91906574589092,9.91906574589092,0.005081927518411336,3,0.9123284116291627,4,0.016083957681830907,1.0,0.04330408299999533,0.93646408839779,0.8445755650815018,0.832133981621038,0.93646408839779,
digits_0136,digits,dense_rbf,1.0,9.91906574589092,9.91906574589092,0.005081927518411336,4,0.943503228435007,4,0.016083957681830907,1.0,0.04330408299999533,0.93646408839779,0.8445755650815018,0.832133981621038,0.93646408839779,
digits_0136,digits,dense_rbf,1.0,9.91906574589092,9.91906574589092,0.005081927518411336,5,0.9595871861168379,4,0.016083957681830907,1.0,0.04330408299999533,0.93646408839779,0.8445755650815018,0.832133981621038,0.93646408839779,
digits_0136,digits,dense_rbf,1.0,9.91906574589092,9.91906574589092,0.005081927518411336,6,0.9727137218735458,4,0.016083957681830907,1.0,0.04330408299999533,0.93646408839779,0.8445755650815018,0.832133981621038,0.93646408839779,
digits_0136,digits,dense_rbf,1.0,9.91906574589092,9.91906574589092,0.005081927518411336,7,0.9780251280731707,4,0.016083957681830907,1.0,0.04330408299999533,0.93646408839779,0.8445755650815018,0.832133981621038,0.93646408839779,
digits_0136,digits,dense_rbf,1.0,9.91906574589092,9.91906574589092,0.005081927518411336,8,0.9826916463246316,4,0.016083957681830907,1.0,0.04330408299999533,0.93646408839779,0.8445755650815018,0.832133981621038,0.93646408839779,
digits_0136,digits,dense_rbf,1.0,9.91906574589092,9.91906574589092,0.005081927518411336,9,0.9838718686664529,4,0.016083957681830907,1.0,0.04330408299999533,0.93646408839779,0.8445755650815018,0.832133981621038,0.93646408839779,
digits_0136,digits,dense_rbf,1.0,9.91906574589092,9.91906574589092,0.005081927518411336,10,0.9861358120448644,4,0.016083957681830907,1.0,0.04330408299999533,0.93646408839779,0.8445755650815018,0.832133981621038,0.93646408839779,
digits_0136,digits,dense_rbf,1.0,9.91906574589092,9.91906574589092,0.005081927518411336,11,0.987533927173271,4,0.016083957681830907,1.0,0.04330408299999533,0.93646408839779,0.8445755650815018,0.832133981621038,0.93646408839779,
digits_0136,digits,dense_rbf,1.0,9.91906574589092,9.91906574589092,0.005081927518411336,12,0.9893760429048033,4,0.016083957681830907,1.0,0.04330408299999533,0.93646408839779,0.8445755650815018,0.832133981621038,0.93646408839779,
digits_0136,digits,dense_rbf,1.4,9.91906574589092,13.886692044247289,0.002592820162454763,1,-2.220446049250313e-16,4,0.008338692877881249,1.0,0.04969662500000993,0.9295580110497238,0.8277948703035595,0.8127587795701869,0.9295580110497238,
digits_0136,digits,dense_rbf,1.4,9.91906574589092,13.886692044247289,0.002592820162454763,2,0.951907267785308,4,0.008338692877881249,1.0,0.04969662500000993,0.9295580110497238,0.8277948703035595,0.8127587795701869,0.9295580110497238,
digits_0136,digits,dense_rbf,1.4,9.91906574589092,13.886692044247289,0.002592820162454763,3,0.9557835271566896,4,0.008338692877881249,1.0,0.04969662500000993,0.9295580110497238,0.8277948703035595,0.8127587795701869,0.9295580110497238,
digits_0136,digits,dense_rbf,1.4,9.91906574589092,13.886692044247289,0.002592820162454763,4,0.9726531661245619,4,0.008338692877881249,1.0,0.04969662500000993,0.9295580110497238,0.8277948703035595,0.8127587795701869,0.9295580110497238,
digits_0136,digits,dense_rbf,1.4,9.91906574589092,13.886692044247289,0.002592820162454763,5,0.9809918590024431,4,0.008338692877881249,1.0,0.04969662500000993,0.9295580110497238,0.8277948703035595,0.8127587795701869,0.9295580110497238,
digits_0136,digits,dense_rbf,1.4,9.91906574589092,13.886692044247289,0.002592820162454763,6,0.988138522193844,4,0.008338692877881249,1.0,0.04969662500000993,0.9295580110497238,0.8277948703035595,0.8127587795701869,0.9295580110497238,
digits_0136,digits,dense_rbf,1.4,9.91906574589092,13.886692044247289,0.002592820162454763,7,0.9902661798662611,4,0.008338692877881249,1.0,0.04969662500000993,0.9295580110497238,0.8277948703035595,0.8127587795701869,0.9295580110497238,
digits_0136,digits,dense_rbf,1.4,9.91906574589092,13.886692044247289,0.002592820162454763,8,0.9923025574057988,4,0.008338692877881249,1.0,0.04969662500000993,0.9295580110497238,0.8277948703035595,0.8127587795701869,0.9295580110497238,
digits_0136,digits,dense_rbf,1.4,9.91906574589092,13.886692044247289,0.002592820162454763,9,0.9929202856586478,4,0.008338692877881249,1.0,0.04969662500000993,0.9295580110497238,0.8277948703035595,0.8127587795701869,0.9295580110497238,
digits_0136,digits,dense_rbf,1.4,9.91906574589092,13.886692044247289,0.002592820162454763,10,0.9939433350260775,4,0.008338692877881249,1.0,0.04969662500000993,0.9295580110497238,0.8277948703035595,0.8127587795701869,0.9295580110497238,
digits_0136,digits,dense_rbf,1.4,9.91906574589092,13.886692044247289,0.002592820162454763,11,0.9947886930820737,4,0.008338692877881249,1.0,0.04969662500000993,0.9295580110497238,0.8277948703035595,0.8127587795701869,0.9295580110497238,
digits_0136,digits,dense_rbf,1.4,9.91906574589092,13.886692044247289,0.002592820162454763,12,0.9956848572582517,4,0.008338692877881249,1.0,0.04969662500000993,0.9295580110497238,0.8277948703035595,0.8127587795701869,0.9295580110497238,
digits_0136,digits,dense_rbf,2.0,9.91906574589092,19.83813149178184,0.001270481879602834,1,1.1102230246251565e-15,4,0.004128652584780901,1.0,0.048278707999998005,0.925414364640884,0.8181924899947548,0.8042900710000085,0.925414364640884,
digits_0136,digits,dense_rbf,2.0,9.91906574589092,19.83813149178184,0.001270481879602834,2,0.9773329991541687,4,0.004128652584780901,1.0,0.048278707999998005,0.925414364640884,0.8181924899947548,0.8042900710000085,0.925414364640884,
digits_0136,digits,dense_rbf,2.0,9.91906574589092,19.83813149178184,0.001270481879602834,3,0.9789605525986689,4,0.004128652584780901,1.0,0.048278707999998005,0.925414364640884,0.8181924899947548,0.8042900710000085,0.925414364640884,
digits_0136,digits,dense_rbf,2.0,9.91906574589092,19.83813149178184,0.001270481879602834,4,0.9874837569046083,4,0.004128652584780901,1.0,0.048278707999998005,0.925414364640884,0.8181924899947548,0.8042900710000085,0.925414364640884,
digits_0136,digits,dense_rbf,2.0,9.91906574589092,19.83813149178184,0.001270481879602834,5,0.9916124094893892,4,0.004128652584780901,1.0,0.048278707999998005,0.925414364640884,0.8181924899947548,0.8042900710000085,0.925414364640884,
digits_0136,digits,dense_rbf,2.0,9.91906574589092,19.83813149178184,0.001270481879602834,6,0.9952162232725253,4,0.004128652584780901,1.0,0.048278707999998005,0.925414364640884,0.8181924899947548,0.8042900710000085,0.925414364640884,
digits_0136,digits,dense_rbf,2.0,9.91906574589092,19.83813149178184,0.001270481879602834,7,0.9960870735702518,4,0.004128652584780901,1.0,0.048278707999998005,0.925414364640884,0.8181924899947548,0.8042900710000085,0.925414364640884,
digits_0136,digits,dense_rbf,2.0,9.91906574589092,19.83813149178184,0.001270481879602834,8,0.9970075172457155,4,0.004128652584780901,1.0,0.048278707999998005,0.925414364640884,0.8181924899947548,0.8042900710000085,0.925414364640884,
digits_0136,digits,dense_rbf,2.0,9.91906574589092,19.83813149178184,0.001270481879602834,9,0.9973103875003998,4,0.004128652584780901,1.0,0.048278707999998005,0.925414364640884,0.8181924899947548,0.8042900710000085,0.925414364640884,
digits_0136,digits,dense_rbf,2.0,9.91906574589092,19.83813149178184,0.001270481879602834,10,0.9978026547668554,4,0.004128652584780901,1.0,0.048278707999998005,0.925414364640884,0.8181924899947548,0.8042900710000085,0.925414364640884,
digits_0136,digits,dense_rbf,2.0,9.91906574589092,19.83813149178184,0.001270481879602834,11,0.998224790548393,4,0.004128652584780901,1.0,0.048278707999998005,0.925414364640884,0.8181924899947548,0.8042900710000085,0.925414364640884,
digits_0136,digits,dense_rbf,2.0,9.91906574589092,19.83813149178184,0.001270481879602834,12,0.9986629953623772,4,0.004128652584780901,1.0,0.048278707999998005,0.925414364640884,0.8181924899947548,0.8042900710000085,0.925414364640884,
digits_0136,digits,dense_rbf,3.0,9.91906574589092,29.757197237672763,0.000564658613156815,1,2.220446049250313e-16,4,0.0018481436240578297,1.0,0.04405404199999907,0.925414364640884,0.8181924899947548,0.8042900710000085,0.925414364640884,
digits_0136,digits,dense_rbf,3.0,9.91906574589092,29.757197237672763,0.000564658613156815,2,0.990743416407059,4,0.0018481436240578297,1.0,0.04405404199999907,0.925414364640884,0.8181924899947548,0.8042900710000085,0.925414364640884,
digits_0136,digits,dense_rbf,3.0,9.91906574589092,29.757197237672763,0.000564658613156815,3,0.9913914977935432,4,0.0018481436240578297,1.0,0.04405404199999907,0.925414364640884,0.8181924899947548,0.8042900710000085,0.925414364640884,
digits_0136,digits,dense_rbf,3.0,9.91906574589092,29.757197237672763,0.000564658613156815,4,0.9952418133076578,4,0.0018481436240578297,1.0,0.04405404199999907,0.925414364640884,0.8181924899947548,0.8042900710000085,0.925414364640884,
digits_0136,digits,dense_rbf,3.0,9.91906574589092,29.757197237672763,0.000564658613156815,5,0.9970899569317156,4,0.0018481436240578297,1.0,0.04405404199999907,0.925414364640884,0.8181924899947548,0.8042900710000085,0.925414364640884,
digits_0136,digits,dense_rbf,3.0,9.91906574589092,29.757197237672763,0.000564658613156815,6,0.9987120192224628,4,0.0018481436240578297,1.0,0.04405404199999907,0.925414364640884,0.8181924899947548,0.8042900710000085,0.925414364640884,
digits_0136,digits,dense_rbf,3.0,9.91906574589092,29.757197237672763,0.000564658613156815,7,0.9990391464594264,4,0.0018481436240578297,1.0,0.04405404199999907,0.925414364640884,0.8181924899947548,0.8042900710000085,0.925414364640884,
digits_0136,digits,dense_rbf,3.0,9.91906574589092,29.757197237672763,0.000564658613156815,8,0.9994372164714155,4,0.0018481436240578297,1.0,0.04405404199999907,0.925414364640884,0.8181924899947548,0.8042900710000085,0.925414364640884,
digits_0136,digits,dense_rbf,3.0,9.91906574589092,29.757197237672763,0.000564658613156815,9,0.9995716612683426,4,0.0018481436240578297,1.0,0.04405404199999907,0.925414364640884,0.8181924899947548,0.8042900710000085,0.925414364640884,
digits_0136,digits,dense_rbf,3.0,9.91906574589092,29.757197237672763,0.000564658613156815,10,0.999796971617627,4,0.0018481436240578297,1.0,0.04405404199999907,0.925414364640884,0.8181924899947548,0.8042900710000085,0.925414364640884,
digits_0136,digits,dense_rbf,3.0,9.91906574589092,29.757197237672763,0.000564658613156815,11,0.9999796094996954,4,0.0018481436240578297,1.0,0.04405404199999907,0.925414364640884,0.8181924899947548,0.8042900710000085,0.925414364640884,
digits_0136,digits,dense_rbf,3.0,9.91906574589092,29.757197237672763,0.000564658613156815,12,1.0001816599266322,4,0.0018481436240578297,1.0,0.04405404199999907,0.925414364640884,0.8181924899947548,0.8042900710000085,0.925414364640884,
digits_0136,digits,dense_rbf,5.0,9.91906574589092,49.5953287294546,0.00020327710073645344,1,2.220446049250313e-16,4,0.0006681415458338336,1.0,0.0587072910000046,0.925414364640884,0.8181924899947548,0.8042900710000085,0.925414364640884,
digits_0136,digits,dense_rbf,5.0,9.91906574589092,49.5953287294546,0.00020327710073645344,2,0.9975619285930463,4,0.0006681415458338336,1.0,0.0587072910000046,0.925414364640884,0.8181924899947548,0.8042900710000085,0.925414364640884,
digits_0136,digits,dense_rbf,5.0,9.91906574589092,49.5953287294546,0.00020327710073645344,3,0.9977806431310839,4,0.0006681415458338336,1.0,0.0587072910000046,0.925414364640884,0.8181924899947548,0.8042900710000085,0.925414364640884,
digits_0136,digits,dense_rbf,5.0,9.91906574589092,49.5953287294546,0.00020327710073645344,4,0.999178110158865,4,0.0006681415458338336,1.0,0.0587072910000046,0.925414364640884,0.8181924899947548,0.8042900710000085,0.925414364640884,
digits_0136,digits,dense_rbf,5.0,9.91906574589092,49.5953287294546,0.00020327710073645344,5,0.9998462517046989,4,0.0006681415458338336,1.0,0.0587072910000046,0.925414364640884,0.8181924899947548,0.8042900710000085,0.925414364640884,
digits_0136,digits,dense_rbf,5.0,9.91906574589092,49.5953287294546,0.00020327710073645344,6,1.0004327493040994,4,0.0006681415458338336,1.0,0.0587072910000046,0.925414364640884,0.8181924899947548,0.8042900710000085,0.925414364640884,
digits_0136,digits,dense_rbf,5.0,9.91906574589092,49.5953287294546,0.00020327710073645344,7,1.000534693864663,4,0.0006681415458338336,1.0,0.0587072910000046,0.925414364640884,0.8181924899947548,0.8042900710000085,0.925414364640884,
digits_0136,digits,dense_rbf,5.0,9.91906574589092,49.5953287294546,0.00020327710073645344,8,1.0006748509802148,4,0.0006681415458338336,1.0,0.0587072910000046,0.925414364640884,0.8181924899947548,0.8042900710000085,0.925414364640884,
digits_0136,digits,dense_rbf,5.0,9.91906574589092,49.5953287294546,0.00020327710073645344,9,1.000726717704537,4,0.0006681415458338336,1.0,0.0587072910000046,0.925414364640884,0.8181924899947548,0.8042900710000085,0.925414364640884,
digits_0136,digits,dense_rbf,5.0,9.91906574589092,49.5953287294546,0.00020327710073645344,10,1.0008103960160377,4,0.0006681415458338336,1.0,0.0587072910000046,0.925414364640884,0.8181924899947548,0.8042900710000085,0.925414364640884,
digits_0136,digits,dense_rbf,5.0,9.91906574589092,49.5953287294546,0.00020327710073645344,11,1.0008748958931253,4,0.0006681415458338336,1.0,0.0587072910000046,0.925414364640884,0.8181924899947548,0.8042900710000085,0.925414364640884,
digits_0136,digits,dense_rbf,5.0,9.91906574589092,49.5953287294546,0.00020327710073645344,12,1.000946652420495,4,0.0006681415458338336,1.0,0.0587072910000046,0.925414364640884,0.8181924899947548,0.8042900710000085,0.925414364640884,
digits_0136,digits,knn_rbf,0.1,4.174915680111579,0.41749156801115794,2.868630338799195,1,,4,,,0.0256574169999908,,,,,"ARPACK error -1: No convergence (7241 iterations, 0/12 eigenvectors converged)"
digits_0136,digits,knn_rbf,0.1,4.174915680111579,0.41749156801115794,2.868630338799195,2,,4,,,0.0256574169999908,,,,,"ARPACK error -1: No convergence (7241 iterations, 0/12 eigenvectors converged)"
digits_0136,digits,knn_rbf,0.1,4.174915680111579,0.41749156801115794,2.868630338799195,3,,4,,,0.0256574169999908,,,,,"ARPACK error -1: No convergence (7241 iterations, 0/12 eigenvectors converged)"
digits_0136,digits,knn_rbf,0.1,4.174915680111579,0.41749156801115794,2.868630338799195,4,,4,,,0.0256574169999908,,,,,"ARPACK error -1: No convergence (7241 iterations, 0/12 eigenvectors converged)"
digits_0136,digits,knn_rbf,0.1,4.174915680111579,0.41749156801115794,2.868630338799195,5,,4,,,0.0256574169999908,,,,,"ARPACK error -1: No convergence (7241 iterations, 0/12 eigenvectors converged)"
digits_0136,digits,knn_rbf,0.1,4.174915680111579,0.41749156801115794,2.868630338799195,6,,4,,,0.0256574169999908,,,,,"ARPACK error -1: No convergence (7241 iterations, 0/12 eigenvectors converged)"
digits_0136,digits,knn_rbf,0.1,4.174915680111579,0.41749156801115794,2.868630338799195,7,,4,,,0.0256574169999908,,,,,"ARPACK error -1: No convergence (7241 iterations, 0/12 eigenvectors converged)"
digits_0136,digits,knn_rbf,0.1,4.174915680111579,0.41749156801115794,2.868630338799195,8,,4,,,0.0256574169999908,,,,,"ARPACK error -1: No convergence (7241 iterations, 0/12 eigenvectors converged)"
digits_0136,digits,knn_rbf,0.1,4.174915680111579,0.41749156801115794,2.868630338799195,9,,4,,,0.0256574169999908,,,,,"ARPACK error -1: No convergence (7241 iterations, 0/12 eigenvectors converged)"
digits_0136,digits,knn_rbf,0.1,4.174915680111579,0.41749156801115794,2.868630338799195,10,,4,,,0.0256574169999908,,,,,"ARPACK error -1: No convergence (7241 iterations, 0/12 eigenvectors converged)"
digits_0136,digits,knn_rbf,0.1,4.174915680111579,0.41749156801115794,2.868630338799195,11,,4,,,0.0256574169999908,,,,,"ARPACK error -1: No convergence (7241 iterations, 0/12 eigenvectors converged)"
digits_0136,digits,knn_rbf,0.1,4.174915680111579,0.41749156801115794,2.868630338799195,12,,4,,,0.0256574169999908,,,,,"ARPACK error -1: No convergence (7241 iterations, 0/12 eigenvectors converged)"
digits_0136,digits,knn_rbf,0.2,4.174915680111579,0.8349831360223159,0.7171575846997987,1,7.818554958085833e-14,4,3.3595853236145455e-07,7.0,0.0027311669999932064,0.5303867403314917,0.327471264998627,0.5396877941298179,0.5303867403314917,
digits_0136,digits,knn_rbf,0.2,4.174915680111579,0.8349831360223159,0.7171575846997987,2,6.484734701962133e-13,4,3.3595853236145455e-07,7.0,0.0027311669999932064,0.5303867403314917,0.327471264998627,0.5396877941298179,0.5303867403314917,
digits_0136,digits,knn_rbf,0.2,4.174915680111579,0.8349831360223159,0.7171575846997987,3,6.93140988587167e-09,4,3.3595853236145455e-07,7.0,0.0027311669999932064,0.5303867403314917,0.327471264998627,0.5396877941298179,0.5303867403314917,
digits_0136,digits,knn_rbf,0.2,4.174915680111579,0.8349831360223159,0.7171575846997987,4,2.3031408630182382e-08,4,3.3595853236145455e-07,7.0,0.0027311669999932064,0.5303867403314917,0.327471264998627,0.5396877941298179,0.5303867403314917,
digits_0136,digits,knn_rbf,0.2,4.174915680111579,0.8349831360223159,0.7171575846997987,5,3.5898994099163694e-07,4,3.3595853236145455e-07,7.0,0.0027311669999932064,0.5303867403314917,0.327471264998627,0.5396877941298179,0.5303867403314917,
digits_0136,digits,knn_rbf,0.2,4.174915680111579,0.8349831360223159,0.7171575846997987,6,1.413770377895169e-06,4,3.3595853236145455e-07,7.0,0.0027311669999932064,0.5303867403314917,0.327471264998627,0.5396877941298179,0.5303867403314917,
digits_0136,digits,knn_rbf,0.2,4.174915680111579,0.8349831360223159,0.7171575846997987,7,9.624593717430693e-06,4,3.3595853236145455e-07,7.0,0.0027311669999932064,0.5303867403314917,0.327471264998627,0.5396877941298179,0.5303867403314917,
digits_0136,digits,knn_rbf,0.2,4.174915680111579,0.8349831360223159,0.7171575846997987,8,0.00013695228782155663,4,3.3595853236145455e-07,7.0,0.0027311669999932064,0.5303867403314917,0.327471264998627,0.5396877941298179,0.5303867403314917,
digits_0136,digits,knn_rbf,0.2,4.174915680111579,0.8349831360223159,0.7171575846997987,9,0.00020340996898546204,4,3.3595853236145455e-07,7.0,0.0027311669999932064,0.5303867403314917,0.327471264998627,0.5396877941298179,0.5303867403314917,
digits_0136,digits,knn_rbf,0.2,4.174915680111579,0.8349831360223159,0.7171575846997987,10,0.00032946538910156713,4,3.3595853236145455e-07,7.0,0.0027311669999932064,0.5303867403314917,0.327471264998627,0.5396877941298179,0.5303867403314917,
digits_0136,digits,knn_rbf,0.2,4.174915680111579,0.8349831360223159,0.7171575846997987,11,0.0004329750306725576,4,3.3595853236145455e-07,7.0,0.0027311669999932064,0.5303867403314917,0.327471264998627,0.5396877941298179,0.5303867403314917,
digits_0136,digits,knn_rbf,0.2,4.174915680111579,0.8349831360223159,0.7171575846997987,12,0.0004623894332749084,4,3.3595853236145455e-07,7.0,0.0027311669999932064,0.5303867403314917,0.327471264998627,0.5396877941298179,0.5303867403314917,
digits_0136,digits,knn_rbf,0.35,4.174915680111579,1.4612204880390525,0.23417390520809767,1,6.651874783773232e-17,4,0.0005878637667405472,8.0,0.00961470799998665,0.7831491712707183,0.6975670699262948,0.8208239968978257,0.7831491712707183,
digits_0136,digits,knn_rbf,0.35,4.174915680111579,1.4612204880390525,0.23417390520809767,2,1.9501216361660327e-05,4,0.0005878637667405472,8.0,0.00961470799998665,0.7831491712707183,0.6975670699262948,0.8208239968978257,0.7831491712707183,
digits_0136,digits,knn_rbf,0.35,4.174915680111579,1.4612204880390525,0.23417390520809767,3,8.758156927978519e-05,4,0.0005878637667405472,8.0,0.00961470799998665,0.7831491712707183,0.6975670699262948,0.8208239968978257,0.7831491712707183,
digits_0136,digits,knn_rbf,0.35,4.174915680111579,1.4612204880390525,0.23417390520809767,4,0.00019492035084552905,4,0.0005878637667405472,8.0,0.00961470799998665,0.7831491712707183,0.6975670699262948,0.8208239968978257,0.7831491712707183,
digits_0136,digits,knn_rbf,0.35,4.174915680111579,1.4612204880390525,0.23417390520809767,5,0.0007827841175860763,4,0.0005878637667405472,8.0,0.00961470799998665,0.7831491712707183,0.6975670699262948,0.8208239968978257,0.7831491712707183,
digits_0136,digits,knn_rbf,0.35,4.174915680111579,1.4612204880390525,0.23417390520809767,6,0.0026910525620075345,4,0.0005878637667405472,8.0,0.00961470799998665,0.7831491712707183,0.6975670699262948,0.8208239968978257,0.7831491712707183,
digits_0136,digits,knn_rbf,0.35,4.174915680111579,1.4612204880390525,0.23417390520809767,7,0.006550591971496462,4,0.0005878637667405472,8.0,0.00961470799998665,0.7831491712707183,0.6975670699262948,0.8208239968978257,0.7831491712707183,
digits_0136,digits,knn_rbf,0.35,4.174915680111579,1.4612204880390525,0.23417390520809767,8,0.016493998593663534,4,0.0005878637667405472,8.0,0.00961470799998665,0.7831491712707183,0.6975670699262948,0.8208239968978257,0.7831491712707183,
digits_0136,digits,knn_rbf,0.35,4.174915680111579,1.4612204880390525,0.23417390520809767,9,0.032760644183838714,4,0.0005878637667405472,8.0,0.00961470799998665,0.7831491712707183,0.6975670699262948,0.8208239968978257,0.7831491712707183,
digits_0136,digits,knn_rbf,0.35,4.174915680111579,1.4612204880390525,0.23417390520809767,10,0.04202534734976526,4,0.0005878637667405472,8.0,0.00961470799998665,0.7831491712707183,0.6975670699262948,0.8208239968978257,0.7831491712707183,
digits_0136,digits,knn_rbf,0.35,4.174915680111579,1.4612204880390525,0.23417390520809767,11,0.04694978245036396,4,0.0005878637667405472,8.0,0.00961470799998665,0.7831491712707183,0.6975670699262948,0.8208239968978257,0.7831491712707183,
digits_0136,digits,knn_rbf,0.35,4.174915680111579,1.4612204880390525,0.23417390520809767,12,0.05444421960937632,4,0.0005878637667405472,8.0,0.00961470799998665,0.7831491712707183,0.6975670699262948,0.8208239968978257,0.7831491712707183,
digits_0136,digits,knn_rbf,0.5,4.174915680111579,2.0874578400557895,0.11474521355196782,1,1.0171880227218186e-16,4,2.6096560848949506e-05,8.0,0.004558875000000739,0.7790055248618785,0.687445526360356,0.7985974202100212,0.7790055248618785,
digits_0136,digits,knn_rbf,0.5,4.174915680111579,2.0874578400557895,0.11474521355196782,2,2.338622363635191e-10,4,2.6096560848949506e-05,8.0,0.004558875000000739,0.7790055248618785,0.687445526360356,0.7985974202100212,0.7790055248618785,
digits_0136,digits,knn_rbf,0.5,4.174915680111579,2.0874578400557895,0.11474521355196782,3,0.0007035763292248037,4,2.6096560848949506e-05,8.0,0.004558875000000739,0.7790055248618785,0.687445526360356,0.7985974202100212,0.7790055248618785,
digits_0136,digits,knn_rbf,0.5,4.174915680111579,2.0874578400557895,0.11474521355196782,4,0.0009046319203115619,4,2.6096560848949506e-05,8.0,0.004558875000000739,0.7790055248618785,0.687445526360356,0.7985974202100212,0.7790055248618785,
digits_0136,digits,knn_rbf,0.5,4.174915680111579,2.0874578400557895,0.11474521355196782,5,0.0009307284811605114,4,2.6096560848949506e-05,8.0,0.004558875000000739,0.7790055248618785,0.687445526360356,0.7985974202100212,0.7790055248618785,
digits_0136,digits,knn_rbf,0.5,4.174915680111579,2.0874578400557895,0.11474521355196782,6,0.002543475427128247,4,2.6096560848949506e-05,8.0,0.004558875000000739,0.7790055248618785,0.687445526360356,0.7985974202100212,0.7790055248618785,
digits_0136,digits,knn_rbf,0.5,4.174915680111579,2.0874578400557895,0.11474521355196782,7,0.012248376269934,4,2.6096560848949506e-05,8.0,0.004558875000000739,0.7790055248618785,0.687445526360356,0.7985974202100212,0.7790055248618785,
digits_0136,digits,knn_rbf,0.5,4.174915680111579,2.0874578400557895,0.11474521355196782,8,0.032072015887577056,4,2.6096560848949506e-05,8.0,0.004558875000000739,0.7790055248618785,0.687445526360356,0.7985974202100212,0.7790055248618785,
digits_0136,digits,knn_rbf,0.5,4.174915680111579,2.0874578400557895,0.11474521355196782,9,0.07656697857654297,4,2.6096560848949506e-05,8.0,0.004558875000000739,0.7790055248618785,0.687445526360356,0.7985974202100212,0.7790055248618785,
digits_0136,digits,knn_rbf,0.5,4.174915680111579,2.0874578400557895,0.11474521355196782,10,0.07702735766926845,4,2.6096560848949506e-05,8.0,0.004558875000000739,0.7790055248618785,0.687445526360356,0.7985974202100212,0.7790055248618785,
digits_0136,digits,knn_rbf,0.5,4.174915680111579,2.0874578400557895,0.11474521355196782,11,0.10248673276744708,4,2.6096560848949506e-05,8.0,0.004558875000000739,0.7790055248618785,0.687445526360356,0.7985974202100212,0.7790055248618785,
digits_0136,digits,knn_rbf,0.5,4.174915680111579,2.0874578400557895,0.11474521355196782,12,0.1070769078335404,4,2.6096560848949506e-05,8.0,0.004558875000000739,0.7790055248618785,0.687445526360356,0.7985974202100212,0.7790055248618785,
digits_0136,digits,knn_rbf,0.7,4.174915680111579,2.922440976078105,0.058543476302024416,1,-5.601031666975805e-17,4,0.001267591745023785,7.0,0.03147516599999278,0.9502762430939227,0.8766105786686594,0.8722415557966933,0.9502762430939227,
digits_0136,digits,knn_rbf,0.7,4.174915680111579,2.922440976078105,0.058543476302024416,2,2.29423319109471e-05,4,0.001267591745023785,7.0,0.03147516599999278,0.9502762430939227,0.8766105786686594,0.8722415557966933,0.9502762430939227,
digits_0136,digits,knn_rbf,0.7,4.174915680111579,2.922440976078105,0.058543476302024416,3,0.001769201708138045,4,0.001267591745023785,7.0,0.03147516599999278,0.9502762430939227,0.8766105786686594,0.8722415557966933,0.9502762430939227,
digits_0136,digits,knn_rbf,0.7,4.174915680111579,2.922440976078105,0.058543476302024416,4,0.002166840233141196,4,0.001267591745023785,7.0,0.03147516599999278,0.9502762430939227,0.8766105786686594,0.8722415557966933,0.9502762430939227,
digits_0136,digits,knn_rbf,0.7,4.174915680111579,2.922440976078105,0.058543476302024416,5,0.0034344319781649812,4,0.001267591745023785,7.0,0.03147516599999278,0.9502762430939227,0.8766105786686594,0.8722415557966933,0.9502762430939227,
digits_0136,digits,knn_rbf,0.7,4.174915680111579,2.922440976078105,0.058543476302024416,6,0.005250935608239988,4,0.001267591745023785,7.0,0.03147516599999278,0.9502762430939227,0.8766105786686594,0.8722415557966933,0.9502762430939227,
digits_0136,digits,knn_rbf,0.7,4.174915680111579,2.922440976078105,0.058543476302024416,7,0.01709420492249672,4,0.001267591745023785,7.0,0.03147516599999278,0.9502762430939227,0.8766105786686594,0.8722415557966933,0.9502762430939227,
digits_0136,digits,knn_rbf,0.7,4.174915680111579,2.922440976078105,0.058543476302024416,8,0.08481961622390974,4,0.001267591745023785,7.0,0.03147516599999278,0.9502762430939227,0.8766105786686594,0.8722415557966933,0.9502762430939227,
digits_0136,digits,knn_rbf,0.7,4.174915680111579,2.922440976078105,0.058543476302024416,9,0.09610294500041067,4,0.001267591745023785,7.0,0.03147516599999278,0.9502762430939227,0.8766105786686594,0.8722415557966933,0.9502762430939227,
digits_0136,digits,knn_rbf,0.7,4.174915680111579,2.922440976078105,0.058543476302024416,10,0.10437020428249684,4,0.001267591745023785,7.0,0.03147516599999278,0.9502762430939227,0.8766105786686594,0.8722415557966933,0.9502762430939227,
digits_0136,digits,knn_rbf,0.7,4.174915680111579,2.922440976078105,0.058543476302024416,11,0.12135947716930588,4,0.001267591745023785,7.0,0.03147516599999278,0.9502762430939227,0.8766105786686594,0.8722415557966933,0.9502762430939227,
digits_0136,digits,knn_rbf,0.7,4.174915680111579,2.922440976078105,0.058543476302024416,12,0.14275420269274708,4,0.001267591745023785,7.0,0.03147516599999278,0.9502762430939227,0.8766105786686594,0.8722415557966933,0.9502762430939227,
digits_0136,digits,knn_rbf,0.7071067811865475,4.174915680111579,2.9521111882889444,0.057372606775983916,1,3.4758333887127515e-16,4,0.0012918524964384659,7.0,0.005833584000001224,0.9571823204419889,0.8946385284061508,0.9003010397967328,0.9571823204419889,
digits_0136,digits,knn_rbf,0.7071067811865475,4.174915680111579,2.9521111882889444,0.057372606775983916,2,2.9214593075626433e-05,4,0.0012918524964384659,7.0,0.005833584000001224,0.9571823204419889,0.8946385284061508,0.9003010397967328,0.9571823204419889,
digits_0136,digits,knn_rbf,0.7071067811865475,4.174915680111579,2.9521111882889444,0.057372606775983916,3,0.0018012553821880675,4,0.0012918524964384659,7.0,0.005833584000001224,0.9571823204419889,0.8946385284061508,0.9003010397967328,0.9571823204419889,
digits_0136,digits,knn_rbf,0.7071067811865475,4.174915680111579,2.9521111882889444,0.057372606775983916,4,0.002209266754925405,4,0.0012918524964384659,7.0,0.005833584000001224,0.9571823204419889,0.8946385284061508,0.9003010397967328,0.9571823204419889,
digits_0136,digits,knn_rbf,0.7071067811865475,4.174915680111579,2.9521111882889444,0.057372606775983916,5,0.0035011192513638707,4,0.0012918524964384659,7.0,0.005833584000001224,0.9571823204419889,0.8946385284061508,0.9003010397967328,0.9571823204419889,
digits_0136,digits,knn_rbf,0.7071067811865475,4.174915680111579,2.9521111882889444,0.057372606775983916,6,0.005359816680800818,4,0.0012918524964384659,7.0,0.005833584000001224,0.9571823204419889,0.8946385284061508,0.9003010397967328,0.9571823204419889,
digits_0136,digits,knn_rbf,0.7071067811865475,4.174915680111579,2.9521111882889444,0.057372606775983916,7,0.01723060271917675,4,0.0012918524964384659,7.0,0.005833584000001224,0.9571823204419889,0.8946385284061508,0.9003010397967328,0.9571823204419889,
digits_0136,digits,knn_rbf,0.7071067811865475,4.174915680111579,2.9521111882889444,0.057372606775983916,8,0.08525840292896625,4,0.0012918524964384659,7.0,0.005833584000001224,0.9571823204419889,0.8946385284061508,0.9003010397967328,0.9571823204419889,
digits_0136,digits,knn_rbf,0.7071067811865475,4.174915680111579,2.9521111882889444,0.057372606775983916,9,0.09631694228573076,4,0.0012918524964384659,7.0,0.005833584000001224,0.9571823204419889,0.8946385284061508,0.9003010397967328,0.9571823204419889,
digits_0136,digits,knn_rbf,0.7071067811865475,4.174915680111579,2.9521111882889444,0.057372606775983916,10,0.1068092288748865,4,0.0012918524964384659,7.0,0.005833584000001224,0.9571823204419889,0.8946385284061508,0.9003010397967328,0.9571823204419889,
digits_0136,digits,knn_rbf,0.7071067811865475,4.174915680111579,2.9521111882889444,0.057372606775983916,11,0.12172256199727763,4,0.0012918524964384659,7.0,0.005833584000001224,0.9571823204419889,0.8946385284061508,0.9003010397967328,0.9571823204419889,
digits_0136,digits,knn_rbf,0.7071067811865475,4.174915680111579,2.9521111882889444,0.057372606775983916,12,0.14345328774176308,4,0.0012918524964384659,7.0,0.005833584000001224,0.9571823204419889,0.8946385284061508,0.9003010397967328,0.9571823204419889,
digits_0136,digits,knn_rbf,1.0,4.174915680111579,4.174915680111579,0.028686303387991954,1,6.174630765590506e-17,4,0.0040130564372635015,7.0,0.005728417000000263,0.9571823204419889,0.8946385284061508,0.9003010397967328,0.9571823204419889,
digits_0136,digits,knn_rbf,1.0,4.174915680111579,4.174915680111579,0.028686303387991954,2,0.002786380893205883,4,0.0040130564372635015,7.0,0.005728417000000263,0.9571823204419889,0.8946385284061508,0.9003010397967328,0.9571823204419889,
digits_0136,digits,knn_rbf,1.0,4.174915680111579,4.174915680111579,0.028686303387991954,3,0.003574210780299386,4,0.0040130564372635015,7.0,0.005728417000000263,0.9571823204419889,0.8946385284061508,0.9003010397967328,0.9571823204419889,
digits_0136,digits,knn_rbf,1.0,4.174915680111579,4.174915680111579,0.028686303387991954,4,0.005177751821858729,4,0.0040130564372635015,7.0,0.005728417000000263,0.9571823204419889,0.8946385284061508,0.9003010397967328,0.9571823204419889,
digits_0136,digits,knn_rbf,1.0,4.174915680111579,4.174915680111579,0.028686303387991954,5,0.00919080825912223,4,0.0040130564372635015,7.0,0.005728417000000263,0.9571823204419889,0.8946385284061508,0.9003010397967328,0.9571823204419889,
digits_0136,digits,knn_rbf,1.0,4.174915680111579,4.174915680111579,0.028686303387991954,6,0.011204439135731454,4,0.0040130564372635015,7.0,0.005728417000000263,0.9571823204419889,0.8946385284061508,0.9003010397967328,0.9571823204419889,
digits_0136,digits,knn_rbf,1.0,4.174915680111579,4.174915680111579,0.028686303387991954,7,0.02135085507188475,4,0.0040130564372635015,7.0,0.005728417000000263,0.9571823204419889,0.8946385284061508,0.9003010397967328,0.9571823204419889,
digits_0136,digits,knn_rbf,1.0,4.174915680111579,4.174915680111579,0.028686303387991954,8,0.09180782099993309,4,0.0040130564372635015,7.0,0.005728417000000263,0.9571823204419889,0.8946385284061508,0.9003010397967328,0.9571823204419889,
digits_0136,digits,knn_rbf,1.0,4.174915680111579,4.174915680111579,0.028686303387991954,9,0.09786370079559485,4,0.0040130564372635015,7.0,0.005728417000000263,0.9571823204419889,0.8946385284061508,0.9003010397967328,0.9571823204419889,
digits_0136,digits,knn_rbf,1.0,4.174915680111579,4.174915680111579,0.028686303387991954,10,0.1291725288803818,4,0.0040130564372635015,7.0,0.005728417000000263,0.9571823204419889,0.8946385284061508,0.9003010397967328,0.9571823204419889,
digits_0136,digits,knn_rbf,1.0,4.174915680111579,4.174915680111579,0.028686303387991954,11,0.14936928604941424,4,0.0040130564372635015,7.0,0.005728417000000263,0.9571823204419889,0.8946385284061508,0.9003010397967328,0.9571823204419889,
digits_0136,digits,knn_rbf,1.0,4.174915680111579,4.174915680111579,0.028686303387991954,12,0.1556992747573389,4,0.0040130564372635015,7.0,0.005728417000000263,0.9571823204419889,0.8946385284061508,0.9003010397967328,0.9571823204419889,
digits_0136,digits,knn_rbf,1.4,4.174915680111579,5.84488195215621,0.014635869075506104,1,9.425517982988388e-17,4,0.005686806674405443,6.0,0.0036059579999943026,0.9571823204419889,0.8946385284061508,0.9003010397967328,0.9571823204419889,
digits_0136,digits,knn_rbf,1.4,4.174915680111579,5.84488195215621,0.014635869075506104,2,0.0034515983703162206,4,0.005686806674405443,6.0,0.0036059579999943026,0.9571823204419889,0.8946385284061508,0.9003010397967328,0.9571823204419889,
digits_0136,digits,knn_rbf,1.4,4.174915680111579,5.84488195215621,0.014635869075506104,3,0.004489551840168629,4,0.005686806674405443,6.0,0.0036059579999943026,0.9571823204419889,0.8946385284061508,0.9003010397967328,0.9571823204419889,
digits_0136,digits,knn_rbf,1.4,4.174915680111579,5.84488195215621,0.014635869075506104,4,0.006160920320968916,4,0.005686806674405443,6.0,0.0036059579999943026,0.9571823204419889,0.8946385284061508,0.9003010397967328,0.9571823204419889,
digits_0136,digits,knn_rbf,1.4,4.174915680111579,5.84488195215621,0.014635869075506104,5,0.011847726995374359,4,0.005686806674405443,6.0,0.0036059579999943026,0.9571823204419889,0.8946385284061508,0.9003010397967328,0.9571823204419889,
digits_0136,digits,knn_rbf,1.4,4.174915680111579,5.84488195215621,0.014635869075506104,6,0.024095317246176393,4,0.005686806674405443,6.0,0.0036059579999943026,0.9571823204419889,0.8946385284061508,0.9003010397967328,0.9571823204419889,
digits_0136,digits,knn_rbf,1.4,4.174915680111579,5.84488195215621,0.014635869075506104,7,0.09379404419908446,4,0.005686806674405443,6.0,0.0036059579999943026,0.9571823204419889,0.8946385284061508,0.9003010397967328,0.9571823204419889,
digits_0136,digits,knn_rbf,1.4,4.174915680111579,5.84488195215621,0.014635869075506104,8,0.0958923085898527,4,0.005686806674405443,6.0,0.0036059579999943026,0.9571823204419889,0.8946385284061508,0.9003010397967328,0.9571823204419889,
digits_0136,digits,knn_rbf,1.4,4.174915680111579,5.84488195215621,0.014635869075506104,9,0.13098791808078802,4,0.005686806674405443,6.0,0.0036059579999943026,0.9571823204419889,0.8946385284061508,0.9003010397967328,0.9571823204419889,
digits_0136,digits,knn_rbf,1.4,4.174915680111579,5.84488195215621,0.014635869075506104,10,0.15147252147203805,4,0.005686806674405443,6.0,0.0036059579999943026,0.9571823204419889,0.8946385284061508,0.9003010397967328,0.9571823204419889,
digits_0136,digits,knn_rbf,1.4,4.174915680111579,5.84488195215621,0.014635869075506104,11,0.155292843501231,4,0.005686806674405443,6.0,0.0036059579999943026,0.9571823204419889,0.8946385284061508,0.9003010397967328,0.9571823204419889,
digits_0136,digits,knn_rbf,1.4,4.174915680111579,5.84488195215621,0.014635869075506104,12,0.16763913050520923,4,0.005686806674405443,6.0,0.0036059579999943026,0.9571823204419889,0.8946385284061508,0.9003010397967328,0.9571823204419889,
digits_0136,digits,knn_rbf,2.0,4.174915680111579,8.349831360223158,0.007171575846997989,1,1.4938061299539687e-16,4,0.006624201632962643,6.0,0.012108666000003154,0.9571823204419889,0.8946385284061508,0.9003010397967328,0.9571823204419889,
digits_0136,digits,knn_rbf,2.0,4.174915680111579,8.349831360223158,0.007171575846997989,2,0.003867622553319379,4,0.006624201632962643,6.0,0.012108666000003154,0.9571823204419889,0.8946385284061508,0.9003010397967328,0.9571823204419889,
digits_0136,digits,knn_rbf,2.0,4.174915680111579,8.349831360223158,0.007171575846997989,3,0.005018272971541995,4,0.006624201632962643,6.0,0.012108666000003154,0.9571823204419889,0.8946385284061508,0.9003010397967328,0.9571823204419889,
digits_0136,digits,knn_rbf,2.0,4.174915680111579,8.349831360223158,0.007171575846997989,4,0.006798705959636446,4,0.006624201632962643,6.0,0.012108666000003154,0.9571823204419889,0.8946385284061508,0.9003010397967328,0.9571823204419889,
digits_0136,digits,knn_rbf,2.0,4.174915680111579,8.349831360223158,0.007171575846997989,5,0.01342290759259909,4,0.006624201632962643,6.0,0.012108666000003154,0.9571823204419889,0.8946385284061508,0.9003010397967328,0.9571823204419889,
digits_0136,digits,knn_rbf,2.0,4.174915680111579,8.349831360223158,0.007171575846997989,6,0.025808163808243335,4,0.006624201632962643,6.0,0.012108666000003154,0.9571823204419889,0.8946385284061508,0.9003010397967328,0.9571823204419889,
digits_0136,digits,knn_rbf,2.0,4.174915680111579,8.349831360223158,0.007171575846997989,7,0.09380298635578196,4,0.006624201632962643,6.0,0.012108666000003154,0.9571823204419889,0.8946385284061508,0.9003010397967328,0.9571823204419889,
digits_0136,digits,knn_rbf,2.0,4.174915680111579,8.349831360223158,0.007171575846997989,8,0.09457164327570843,4,0.006624201632962643,6.0,0.012108666000003154,0.9571823204419889,0.8946385284061508,0.9003010397967328,0.9571823204419889,
digits_0136,digits,knn_rbf,2.0,4.174915680111579,8.349831360223158,0.007171575846997989,9,0.13115724470484763,4,0.006624201632962643,6.0,0.012108666000003154,0.9571823204419889,0.8946385284061508,0.9003010397967328,0.9571823204419889,
digits_0136,digits,knn_rbf,2.0,4.174915680111579,8.349831360223158,0.007171575846997989,10,0.15226513973065336,4,0.006624201632962643,6.0,0.012108666000003154,0.9571823204419889,0.8946385284061508,0.9003010397967328,0.9571823204419889,
digits_0136,digits,knn_rbf,2.0,4.174915680111579,8.349831360223158,0.007171575846997989,11,0.1549168172560373,4,0.006624201632962643,6.0,0.012108666000003154,0.9571823204419889,0.8946385284061508,0.9003010397967328,0.9571823204419889,
digits_0136,digits,knn_rbf,2.0,4.174915680111579,8.349831360223158,0.007171575846997989,12,0.16733189325657127,4,0.006624201632962643,6.0,0.012108666000003154,0.9571823204419889,0.8946385284061508,0.9003010397967328,0.9571823204419889,
digits_0136,digits,knn_rbf,3.0,4.174915680111579,12.524747040334738,0.003187367043110217,1,2.488870035663542e-17,4,0.007088524037704979,6.0,0.008416916000001606,0.9571823204419889,0.8946385284061508,0.9003010397967328,0.9571823204419889,
digits_0136,digits,knn_rbf,3.0,4.174915680111579,12.524747040334738,0.003187367043110217,2,0.004110936172771463,4,0.007088524037704979,6.0,0.008416916000001606,0.9571823204419889,0.8946385284061508,0.9003010397967328,0.9571823204419889,
digits_0136,digits,knn_rbf,3.0,4.174915680111579,12.524747040334738,0.003187367043110217,3,0.005301176481644375,4,0.007088524037704979,6.0,0.008416916000001606,0.9571823204419889,0.8946385284061508,0.9003010397967328,0.9571823204419889,
digits_0136,digits,knn_rbf,3.0,4.174915680111579,12.524747040334738,0.003187367043110217,4,0.007207270167408703,4,0.007088524037704979,6.0,0.008416916000001606,0.9571823204419889,0.8946385284061508,0.9003010397967328,0.9571823204419889,
digits_0136,digits,knn_rbf,3.0,4.174915680111579,12.524747040334738,0.003187367043110217,5,0.014295794205113682,4,0.007088524037704979,6.0,0.008416916000001606,0.9571823204419889,0.8946385284061508,0.9003010397967328,0.9571823204419889,
digits_0136,digits,knn_rbf,3.0,4.174915680111579,12.524747040334738,0.003187367043110217,6,0.0268144531676536,4,0.007088524037704979,6.0,0.008416916000001606,0.9571823204419889,0.8946385284061508,0.9003010397967328,0.9571823204419889,
digits_0136,digits,knn_rbf,3.0,4.174915680111579,12.524747040334738,0.003187367043110217,7,0.09273909669305581,4,0.007088524037704979,6.0,0.008416916000001606,0.9571823204419889,0.8946385284061508,0.9003010397967328,0.9571823204419889,
digits_0136,digits,knn_rbf,3.0,4.174915680111579,12.524747040334738,0.003187367043110217,8,0.0943766047650693,4,0.007088524037704979,6.0,0.008416916000001606,0.9571823204419889,0.8946385284061508,0.9003010397967328,0.9571823204419889,
digits_0136,digits,knn_rbf,3.0,4.174915680111579,12.524747040334738,0.003187367043110217,9,0.13101665630190923,4,0.007088524037704979,6.0,0.008416916000001606,0.9571823204419889,0.8946385284061508,0.9003010397967328,0.9571823204419889,
digits_0136,digits,knn_rbf,3.0,4.174915680111579,12.524747040334738,0.003187367043110217,10,0.15237202876329511,4,0.007088524037704979,6.0,0.008416916000001606,0.9571823204419889,0.8946385284061508,0.9003010397967328,0.9571823204419889,
digits_0136,digits,knn_rbf,3.0,4.174915680111579,12.524747040334738,0.003187367043110217,11,0.1546611034393651,4,0.007088524037704979,6.0,0.008416916000001606,0.9571823204419889,0.8946385284061508,0.9003010397967328,0.9571823204419889,
digits_0136,digits,knn_rbf,3.0,4.174915680111579,12.524747040334738,0.003187367043110217,12,0.1665893960676262,4,0.007088524037704979,6.0,0.008416916000001606,0.9571823204419889,0.8946385284061508,0.9003010397967328,0.9571823204419889,
digits_0136,digits,knn_rbf,5.0,4.174915680111579,20.874578400557894,0.0011474521355196784,1,-4.846992695917103e-18,4,0.00721630384634341,6.0,0.003314750000001254,0.9571823204419889,0.8946385284061508,0.9003010397967328,0.9571823204419889,
digits_0136,digits,knn_rbf,5.0,4.174915680111579,20.874578400557894,0.0011474521355196784,2,0.004248007423287903,4,0.00721630384634341,6.0,0.003314750000001254,0.9571823204419889,0.8946385284061508,0.9003010397967328,0.9571823204419889,
digits_0136,digits,knn_rbf,5.0,4.174915680111579,20.874578400557894,0.0011474521355196784,3,0.005474563978425363,4,0.00721630384634341,6.0,0.003314750000001254,0.9571823204419889,0.8946385284061508,0.9003010397967328,0.9571823204419889,
digits_0136,digits,knn_rbf,5.0,4.174915680111579,20.874578400557894,0.0011474521355196784,4,0.007533312172953972,4,0.00721630384634341,6.0,0.003314750000001254,0.9571823204419889,0.8946385284061508,0.9003010397967328,0.9571823204419889,
digits_0136,digits,knn_rbf,5.0,4.174915680111579,20.874578400557894,0.0011474521355196784,5,0.014749616019297382,4,0.00721630384634341,6.0,0.003314750000001254,0.9571823204419889,0.8946385284061508,0.9003010397967328,0.9571823204419889,
digits_0136,digits,knn_rbf,5.0,4.174915680111579,20.874578400557894,0.0011474521355196784,6,0.027507329734559684,4,0.00721630384634341,6.0,0.003314750000001254,0.9571823204419889,0.8946385284061508,0.9003010397967328,0.9571823204419889,
digits_0136,digits,knn_rbf,5.0,4.174915680111579,20.874578400557894,0.0011474521355196784,7,0.0919889384528532,4,0.00721630384634341,6.0,0.003314750000001254,0.9571823204419889,0.8946385284061508,0.9003010397967328,0.9571823204419889,
digits_0136,digits,knn_rbf,5.0,4.174915680111579,20.874578400557894,0.0011474521355196784,8,0.09418935727364422,4,0.00721630384634341,6.0,0.003314750000001254,0.9571823204419889,0.8946385284061508,0.9003010397967328,0.9571823204419889,
digits_0136,digits,knn_rbf,5.0,4.174915680111579,20.874578400557894,0.0011474521355196784,9,0.1309056086913473,4,0.00721630384634341,6.0,0.003314750000001254,0.9571823204419889,0.8946385284061508,0.9003010397967328,0.9571823204419889,
digits_0136,digits,knn_rbf,5.0,4.174915680111579,20.874578400557894,0.0011474521355196784,10,0.15233082792230182,4,0.00721630384634341,6.0,0.003314750000001254,0.9571823204419889,0.8946385284061508,0.9003010397967328,0.9571823204419889,
digits_0136,digits,knn_rbf,5.0,4.174915680111579,20.874578400557894,0.0011474521355196784,11,0.15451059952837345,4,0.00721630384634341,6.0,0.003314750000001254,0.9571823204419889,0.8946385284061508,0.9003010397967328,0.9571823204419889,
digits_0136,digits,knn_rbf,5.0,4.174915680111579,20.874578400557894,0.0011474521355196784,12,0.16604301331471727,4,0.00721630384634341,6.0,0.003314750000001254,0.9571823204419889,0.8946385284061508,0.9003010397967328,0.9571823204419889,
digits_all,digits,dense_rbf,0.1,9.837168335180378,0.9837168335180378,0.5166896926853478,1,1.3996901328701711e-14,10,3.1995129240596416e-06,10.0,0.8084003750000051,0.39677239844184753,0.17452191508146248,0.5328196631872696,0.41235392320534225,
digits_all,digits,dense_rbf,0.1,9.837168335180378,0.9837168335180378,0.5166896926853478,2,9.661206289602342e-11,10,3.1995129240596416e-06,10.0,0.8084003750000051,0.39677239844184753,0.17452191508146248,0.5328196631872696,0.41235392320534225,
digits_all,digits,dense_rbf,0.1,9.837168335180378,0.9837168335180378,0.5166896926853478,3,1.2143465376154227e-08,10,3.1995129240596416e-06,10.0,0.8084003750000051,0.39677239844184753,0.17452191508146248,0.5328196631872696,0.41235392320534225,
digits_all,digits,dense_rbf,0.1,9.837168335180378,0.9837168335180378,0.5166896926853478,4,6.38965692343514e-08,10,3.1995129240596416e-06,10.0,0.8084003750000051,0.39677239844184753,0.17452191508146248,0.5328196631872696,0.41235392320534225,
digits_all,digits,dense_rbf,0.1,9.837168335180378,0.9837168335180378,0.5166896926853478,5,6.372235538624949e-07,10,3.1995129240596416e-06,10.0,0.8084003750000051,0.39677239844184753,0.17452191508146248,0.5328196631872696,0.41235392320534225,
digits_all,digits,dense_rbf,0.1,9.837168335180378,0.9837168335180378,0.5166896926853478,6,2.0591709996864385e-06,10,3.1995129240596416e-06,10.0,0.8084003750000051,0.39677239844184753,0.17452191508146248,0.5328196631872696,0.41235392320534225,
digits_all,digits,dense_rbf,0.1,9.837168335180378,0.9837168335180378,0.5166896926853478,7,4.540605380124228e-06,10,3.1995129240596416e-06,10.0,0.8084003750000051,0.39677239844184753,0.17452191508146248,0.5328196631872696,0.41235392320534225,
digits_all,digits,dense_rbf,0.1,9.837168335180378,0.9837168335180378,0.5166896926853478,8,5.601360946753452e-06,10,3.1995129240596416e-06,10.0,0.8084003750000051,0.39677239844184753,0.17452191508146248,0.5328196631872696,0.41235392320534225,
digits_all,digits,dense_rbf,0.1,9.837168335180378,0.9837168335180378,0.5166896926853478,9,6.8557780452375025e-06,10,3.1995129240596416e-06,10.0,0.8084003750000051,0.39677239844184753,0.17452191508146248,0.5328196631872696,0.41235392320534225,
digits_all,digits,dense_rbf,0.1,9.837168335180378,0.9837168335180378,0.5166896926853478,10,9.520411854290078e-06,10,3.1995129240596416e-06,10.0,0.8084003750000051,0.39677239844184753,0.17452191508146248,0.5328196631872696,0.41235392320534225,
digits_all,digits,dense_rbf,0.1,9.837168335180378,0.9837168335180378,0.5166896926853478,11,1.271992477834972e-05,10,3.1995129240596416e-06,10.0,0.8084003750000051,0.39677239844184753,0.17452191508146248,0.5328196631872696,0.41235392320534225,
digits_all,digits,dense_rbf,0.1,9.837168335180378,0.9837168335180378,0.5166896926853478,12,2.0493405141138508e-05,10,3.1995129240596416e-06,10.0,0.8084003750000051,0.39677239844184753,0.17452191508146248,0.5328196631872696,0.41235392320534225,
digits_all,digits,dense_rbf,0.2,9.837168335180378,1.9674336670360757,0.12917242317133695,1,-2.348912821948857e-15,10,0.0074431887356190725,9.0,0.3158221670000074,0.3639398998330551,0.20716558986514338,0.515295659467579,0.39232053422370616,
digits_all,digits,dense_rbf,0.2,9.837168335180378,1.9674336670360757,0.12917242317133695,2,-1.7763555772865373e-15,10,0.0074431887356190725,9.0,0.3158221670000074,0.3639398998330551,0.20716558986514338,0.515295659467579,0.39232053422370616,
digits_all,digits,dense_rbf,0.2,9.837168335180378,1.9674336670360757,0.12917242317133695,3,5.698722806998594e-06,10,0.0074431887356190725,9.0,0.3158221670000074,0.3639398998330551,0.20716558986514338,0.515295659467579,0.39232053422370616,
digits_all,digits,dense_rbf,0.2,9.837168335180378,1.9674336670360757,0.12917242317133695,4,2.2975352426143857e-05,10,0.0074431887356190725,9.0,0.3158221670000074,0.3639398998330551,0.20716558986514338,0.515295659467579,0.39232053422370616,
digits_all,digits,dense_rbf,0.2,9.837168335180378,1.9674336670360757,0.12917242317133695,5,0.00034884087989462163,10,0.0074431887356190725,9.0,0.3158221670000074,0.3639398998330551,0.20716558986514338,0.515295659467579,0.39232053422370616,
digits_all,digits,dense_rbf,0.2,9.837168335180378,1.9674336670360757,0.12917242317133695,6,0.004263204803116397,10,0.0074431887356190725,9.0,0.3158221670000074,0.3639398998330551,0.20716558986514338,0.515295659467579,0.39232053422370616,
digits_all,digits,dense_rbf,0.2,9.837168335180378,1.9674336670360757,0.12917242317133695,7,0.006277999039377267,10,0.0074431887356190725,9.0,0.3158221670000074,0.3639398998330551,0.20716558986514338,0.515295659467579,0.39232053422370616,
digits_all,digits,dense_rbf,0.2,9.837168335180378,1.9674336670360757,0.12917242317133695,8,0.007171724013768368,10,0.0074431887356190725,9.0,0.3158221670000074,0.3639398998330551,0.20716558986514338,0.515295659467579,0.39232053422370616,
digits_all,digits,dense_rbf,0.2,9.837168335180378,1.9674336670360757,0.12917242317133695,9,0.011607679229427032,10,0.0074431887356190725,9.0,0.3158221670000074,0.3639398998330551,0.20716558986514338,0.515295659467579,0.39232053422370616,
digits_all,digits,dense_rbf,0.2,9.837168335180378,1.9674336670360757,0.12917242317133695,10,0.02239126636233305,10,0.0074431887356190725,9.0,0.3158221670000074,0.3639398998330551,0.20716558986514338,0.515295659467579,0.39232053422370616,
digits_all,digits,dense_rbf,0.2,9.837168335180378,1.9674336670360757,0.12917242317133695,11,0.02983445509795212,10,0.0074431887356190725,9.0,0.3158221670000074,0.3639398998330551,0.20716558986514338,0.515295659467579,0.39232053422370616,
digits_all,digits,dense_rbf,0.2,9.837168335180378,1.9674336670360757,0.12917242317133695,12,0.03727238119145821,10,0.0074431887356190725,9.0,0.3158221670000074,0.3639398998330551,0.20716558986514338,0.515295659467579,0.39232053422370616,
digits_all,digits,dense_rbf,0.35,9.837168335180378,3.443008917313132,0.04217875042329371,1,-5.514239355035321e-16,10,0.03158740914995295,7.0,0.25788625000001275,0.6060100166944908,0.45808778215290163,0.5804219366068726,0.6316082359488036,
digits_all,digits,dense_rbf,0.35,9.837168335180378,3.443008917313132,0.04217875042329371,2,3.798384192428185e-08,10,0.03158740914995295,7.0,0.25788625000001275,0.6060100166944908,0.45808778215290163,0.5804219366068726,0.6316082359488036,
digits_all,digits,dense_rbf,0.35,9.837168335180378,3.443008917313132,0.04217875042329371,3,0.031567383678181314,10,0.03158740914995295,7.0,0.25788625000001275,0.6060100166944908,0.45808778215290163,0.5804219366068726,0.6316082359488036,
digits_all,digits,dense_rbf,0.35,9.837168335180378,3.443008917313132,0.04217875042329371,4,0.09618242801739767,10,0.03158740914995295,7.0,0.25788625000001275,0.6060100166944908,0.45808778215290163,0.5804219366068726,0.6316082359488036,
digits_all,digits,dense_rbf,0.35,9.837168335180378,3.443008917313132,0.04217875042329371,5,0.18097755031631033,10,0.03158740914995295,7.0,0.25788625000001275,0.6060100166944908,0.45808778215290163,0.5804219366068726,0.6316082359488036,
digits_all,digits,dense_rbf,0.35,9.837168335180378,3.443008917313132,0.04217875042329371,6,0.20412324736137202,10,0.03158740914995295,7.0,0.25788625000001275,0.6060100166944908,0.45808778215290163,0.5804219366068726,0.6316082359488036,
digits_all,digits,dense_rbf,0.35,9.837168335180378,3.443008917313132,0.04217875042329371,7,0.29314637165921026,10,0.03158740914995295,7.0,0.25788625000001275,0.6060100166944908,0.45808778215290163,0.5804219366068726,0.6316082359488036,
digits_all,digits,dense_rbf,0.35,9.837168335180378,3.443008917313132,0.04217875042329371,8,0.3965342648663308,10,0.03158740914995295,7.0,0.25788625000001275,0.6060100166944908,0.45808778215290163,0.5804219366068726,0.6316082359488036,
digits_all,digits,dense_rbf,0.35,9.837168335180378,3.443008917313132,0.04217875042329371,9,0.45564588101588527,10,0.03158740914995295,7.0,0.25788625000001275,0.6060100166944908,0.45808778215290163,0.5804219366068726,0.6316082359488036,
digits_all,digits,dense_rbf,0.35,9.837168335180378,3.443008917313132,0.04217875042329371,10,0.4838360054961094,10,0.03158740914995295,7.0,0.25788625000001275,0.6060100166944908,0.45808778215290163,0.5804219366068726,0.6316082359488036,
digits_all,digits,dense_rbf,0.35,9.837168335180378,3.443008917313132,0.04217875042329371,11,0.5154234146460623,10,0.03158740914995295,7.0,0.25788625000001275,0.6060100166944908,0.45808778215290163,0.5804219366068726,0.6316082359488036,
digits_all,digits,dense_rbf,0.35,9.837168335180378,3.443008917313132,0.04217875042329371,12,0.5463287924378035,10,0.03158740914995295,7.0,0.25788625000001275,0.6060100166944908,0.45808778215290163,0.5804219366068726,0.6316082359488036,
digits_all,digits,dense_rbf,0.5,9.837168335180378,4.918584167590189,0.02066758770741391,1,-9.68858526577848e-16,10,0.030931850308982378,2.0,0.333936499999993,0.5598219254312743,0.3885135078010315,0.5070807287561898,0.5692821368948247,
digits_all,digits,dense_rbf,0.5,9.837168335180378,4.918584167590189,0.02066758770741391,2,0.0012483019225359873,10,0.030931850308982378,2.0,0.333936499999993,0.5598219254312743,0.3885135078010315,0.5070807287561898,0.5692821368948247,
digits_all,digits,dense_rbf,0.5,9.837168335180378,4.918584167590189,0.02066758770741391,3,0.2854842977222998,10,0.030931850308982378,2.0,0.333936499999993,0.5598219254312743,0.3885135078010315,0.5070807287561898,0.5692821368948247,
digits_all,digits,dense_rbf,0.5,9.837168335180378,4.918584167590189,0.02066758770741391,4,0.3702996997271313,10,0.030931850308982378,2.0,0.333936499999993,0.5598219254312743,0.3885135078010315,0.5070807287561898,0.5692821368948247,
digits_all,digits,dense_rbf,0.5,9.837168335180378,4.918584167590189,0.02066758770741391,5,0.4967417705125753,10,0.030931850308982378,2.0,0.333936499999993,0.5598219254312743,0.3885135078010315,0.5070807287561898,0.5692821368948247,
digits_all,digits,dense_rbf,0.5,9.837168335180378,4.918584167590189,0.02066758770741391,6,0.6351534503830317,10,0.030931850308982378,2.0,0.333936499999993,0.5598219254312743,0.3885135078010315,0.5070807287561898,0.5692821368948247,
digits_all,digits,dense_rbf,0.5,9.837168335180378,4.918584167590189,0.02066758770741391,7,0.6710698080290121,10,0.030931850308982378,2.0,0.333936499999993,0.5598219254312743,0.3885135078010315,0.5070807287561898,0.5692821368948247,
digits_all,digits,dense_rbf,0.5,9.837168335180378,4.918584167590189,0.02066758770741391,8,0.7235572868298148,10,0.030931850308982378,2.0,0.333936499999993,0.5598219254312743,0.3885135078010315,0.5070807287561898,0.5692821368948247,
digits_all,digits,dense_rbf,0.5,9.837168335180378,4.918584167590189,0.02066758770741391,9,0.7339903038968137,10,0.030931850308982378,2.0,0.333936499999993,0.5598219254312743,0.3885135078010315,0.5070807287561898,0.5692821368948247,
digits_all,digits,dense_rbf,0.5,9.837168335180378,4.918584167590189,0.02066758770741391,10,0.7498540589053521,10,0.030931850308982378,2.0,0.333936499999993,0.5598219254312743,0.3885135078010315,0.5070807287561898,0.5692821368948247,
digits_all,digits,dense_rbf,0.5,9.837168335180378,4.918584167590189,0.02066758770741391,11,0.7807859092143344,10,0.030931850308982378,2.0,0.333936499999993,0.5598219254312743,0.3885135078010315,0.5070807287561898,0.5692821368948247,
digits_all,digits,dense_rbf,0.5,9.837168335180378,4.918584167590189,0.02066758770741391,12,0.827400331733547,10,0.030931850308982378,2.0,0.333936499999993,0.5598219254312743,0.3885135078010315,0.5070807287561898,0.5692821368948247,
digits_all,digits,dense_rbf,0.7,9.837168335180378,6.886017834626264,0.010544687605823427,1,2.689122404579608e-15,10,0.023077621591706454,2.0,0.35907187500001214,0.6176961602671118,0.46814921170108287,0.5743019236764013,0.6432943795214245,
digits_all,digits,dense_rbf,0.7,9.837168335180378,6.886017834626264,0.010544687605823427,2,0.30670039731464827,10,0.023077621591706454,2.0,0.35907187500001214,0.6176961602671118,0.46814921170108287,0.5743019236764013,0.6432943795214245,
digits_all,digits,dense_rbf,0.7,9.837168335180378,6.886017834626264,0.010544687605823427,3,0.8564467388576379,10,0.023077621591706454,2.0,0.35907187500001214,0.6176961602671118,0.46814921170108287,0.5743019236764013,0.6432943795214245,
digits_all,digits,dense_rbf,0.7,9.837168335180378,6.886017834626264,0.010544687605823427,4,0.8691558794704468,10,0.023077621591706454,2.0,0.35907187500001214,0.6176961602671118,0.46814921170108287,0.5743019236764013,0.6432943795214245,
digits_all,digits,dense_rbf,0.7,9.837168335180378,6.886017834626264,0.010544687605823427,5,0.8744416202923883,10,0.023077621591706454,2.0,0.35907187500001214,0.6176961602671118,0.46814921170108287,0.5743019236764013,0.6432943795214245,
digits_all,digits,dense_rbf,0.7,9.837168335180378,6.886017834626264,0.010544687605823427,6,0.881781685067473,10,0.023077621591706454,2.0,0.35907187500001214,0.6176961602671118,0.46814921170108287,0.5743019236764013,0.6432943795214245,
digits_all,digits,dense_rbf,0.7,9.837168335180378,6.886017834626264,0.010544687605823427,7,0.8886655191902842,10,0.023077621591706454,2.0,0.35907187500001214,0.6176961602671118,0.46814921170108287,0.5743019236764013,0.6432943795214245,
digits_all,digits,dense_rbf,0.7,9.837168335180378,6.886017834626264,0.010544687605823427,8,0.8934441484348006,10,0.023077621591706454,2.0,0.35907187500001214,0.6176961602671118,0.46814921170108287,0.5743019236764013,0.6432943795214245,
digits_all,digits,dense_rbf,0.7,9.837168335180378,6.886017834626264,0.010544687605823427,9,0.9068978746873841,10,0.023077621591706454,2.0,0.35907187500001214,0.6176961602671118,0.46814921170108287,0.5743019236764013,0.6432943795214245,
digits_all,digits,dense_rbf,0.7,9.837168335180378,6.886017834626264,0.010544687605823427,10,0.9169876196886877,10,0.023077621591706454,2.0,0.35907187500001214,0.6176961602671118,0.46814921170108287,0.5743019236764013,0.6432943795214245,
digits_all,digits,dense_rbf,0.7,9.837168335180378,6.886017834626264,0.010544687605823427,11,0.9400652412803941,10,0.023077621591706454,2.0,0.35907187500001214,0.6176961602671118,0.46814921170108287,0.5743019236764013,0.6432943795214245,
digits_all,digits,dense_rbf,0.7,9.837168335180378,6.886017834626264,0.010544687605823427,12,0.942583692069715,10,0.023077621591706454,2.0,0.35907187500001214,0.6176961602671118,0.46814921170108287,0.5743019236764013,0.6432943795214245,
digits_all,digits,dense_rbf,0.7071067811865475,9.837168335180378,6.955928437479625,0.010333793853706957,1,6.661837295990303e-16,10,0.022845088859927865,2.0,0.2566913750000026,0.6221480244852532,0.4724481839653733,0.5768903242136203,0.6471897607122983,
digits_all,digits,dense_rbf,0.7071067811865475,9.837168335180378,6.955928437479625,0.010333793853706957,2,0.3354849873297765,10,0.022845088859927865,2.0,0.2566913750000026,0.6221480244852532,0.4724481839653733,0.5768903242136203,0.6471897607122983,
digits_all,digits,dense_rbf,0.7071067811865475,9.837168335180378,6.955928437479625,0.010333793853706957,3,0.8592969681978455,10,0.022845088859927865,2.0,0.2566913750000026,0.6221480244852532,0.4724481839653733,0.5768903242136203,0.6471897607122983,
digits_all,digits,dense_rbf,0.7071067811865475,9.837168335180378,6.955928437479625,0.010333793853706957,4,0.8764146885024475,10,0.022845088859927865,2.0,0.2566913750000026,0.6221480244852532,0.4724481839653733,0.5768903242136203,0.6471897607122983,
digits_all,digits,dense_rbf,0.7071067811865475,9.837168335180378,6.955928437479625,0.010333793853706957,5,0.8796372383260933,10,0.022845088859927865,2.0,0.2566913750000026,0.6221480244852532,0.4724481839653733,0.5768903242136203,0.6471897607122983,
digits_all,digits,dense_rbf,0.7071067811865475,9.837168335180378,6.955928437479625,0.010333793853706957,6,0.885990616767414,10,0.022845088859927865,2.0,0.2566913750000026,0.6221480244852532,0.4724481839653733,0.5768903242136203,0.6471897607122983,
digits_all,digits,dense_rbf,0.7071067811865475,9.837168335180378,6.955928437479625,0.010333793853706957,7,0.8951430342483133,10,0.022845088859927865,2.0,0.2566913750000026,0.6221480244852532,0.4724481839653733,0.5768903242136203,0.6471897607122983,
digits_all,digits,dense_rbf,0.7071067811865475,9.837168335180378,6.955928437479625,0.010333793853706957,8,0.8966443416205492,10,0.022845088859927865,2.0,0.2566913750000026,0.6221480244852532,0.4724481839653733,0.5768903242136203,0.6471897607122983,
digits_all,digits,dense_rbf,0.7071067811865475,9.837168335180378,6.955928437479625,0.010333793853706957,9,0.9135521972159972,10,0.022845088859927865,2.0,0.2566913750000026,0.6221480244852532,0.4724481839653733,0.5768903242136203,0.6471897607122983,
digits_all,digits,dense_rbf,0.7071067811865475,9.837168335180378,6.955928437479625,0.010333793853706957,10,0.9187253570960077,10,0.022845088859927865,2.0,0.2566913750000026,0.6221480244852532,0.4724481839653733,0.5768903242136203,0.6471897607122983,
digits_all,digits,dense_rbf,0.7071067811865475,9.837168335180378,6.955928437479625,0.010333793853706957,11,0.9415704459559355,10,0.022845088859927865,2.0,0.2566913750000026,0.6221480244852532,0.4724481839653733,0.5768903242136203,0.6471897607122983,
digits_all,digits,dense_rbf,0.7071067811865475,9.837168335180378,6.955928437479625,0.010333793853706957,12,0.9439499929995682,10,0.022845088859927865,2.0,0.2566913750000026,0.6221480244852532,0.4724481839653733,0.5768903242136203,0.6471897607122983,
digits_all,digits,dense_rbf,1.0,9.837168335180378,9.837168335180378,0.0051668969268534775,1,2.220446049250313e-16,10,0.002432818203194187,1.0,0.32795245900000225,0.6310517529215359,0.5289478235799501,0.6344061723215793,0.6855870895937674,
digits_all,digits,dense_rbf,1.0,9.837168335180378,9.837168335180378,0.0051668969268534775,2,0.9287693124132622,10,0.002432818203194187,1.0,0.32795245900000225,0.6310517529215359,0.5289478235799501,0.6344061723215793,0.6855870895937674,
digits_all,digits,dense_rbf,1.0,9.837168335180378,9.837168335180378,0.0051668969268534775,3,0.9413529962986873,10,0.002432818203194187,1.0,0.32795245900000225,0.6310517529215359,0.5289478235799501,0.6344061723215793,0.6855870895937674,
digits_all,digits,dense_rbf,1.0,9.837168335180378,9.837168335180378,0.0051668969268534775,4,0.9463240589100655,10,0.002432818203194187,1.0,0.32795245900000225,0.6310517529215359,0.5289478235799501,0.6344061723215793,0.6855870895937674,
digits_all,digits,dense_rbf,1.0,9.837168335180378,9.837168335180378,0.0051668969268534775,5,0.9531898820484018,10,0.002432818203194187,1.0,0.32795245900000225,0.6310517529215359,0.5289478235799501,0.6344061723215793,0.6855870895937674,
digits_all,digits,dense_rbf,1.0,9.837168335180378,9.837168335180378,0.0051668969268534775,6,0.959980478920153,10,0.002432818203194187,1.0,0.32795245900000225,0.6310517529215359,0.5289478235799501,0.6344061723215793,0.6855870895937674,
digits_all,digits,dense_rbf,1.0,9.837168335180378,9.837168335180378,0.0051668969268534775,7,0.9701875399991203,10,0.002432818203194187,1.0,0.32795245900000225,0.6310517529215359,0.5289478235799501,0.6344061723215793,0.6855870895937674,
digits_all,digits,dense_rbf,1.0,9.837168335180378,9.837168335180378,0.0051668969268534775,8,0.9742879993829321,10,0.002432818203194187,1.0,0.32795245900000225,0.6310517529215359,0.5289478235799501,0.6344061723215793,0.6855870895937674,
digits_all,digits,dense_rbf,1.0,9.837168335180378,9.837168335180378,0.0051668969268534775,9,0.9757220058309047,10,0.002432818203194187,1.0,0.32795245900000225,0.6310517529215359,0.5289478235799501,0.6344061723215793,0.6855870895937674,
digits_all,digits,dense_rbf,1.0,9.837168335180378,9.837168335180378,0.0051668969268534775,10,0.9769855404119785,10,0.002432818203194187,1.0,0.32795245900000225,0.6310517529215359,0.5289478235799501,0.6344061723215793,0.6855870895937674,
digits_all,digits,dense_rbf,1.0,9.837168335180378,9.837168335180378,0.0051668969268534775,11,0.9794183586151727,10,0.002432818203194187,1.0,0.32795245900000225,0.6310517529215359,0.5289478235799501,0.6344061723215793,0.6855870895937674,
digits_all,digits,dense_rbf,1.0,9.837168335180378,9.837168335180378,0.0051668969268534775,12,0.9827088756367724,10,0.002432818203194187,1.0,0.32795245900000225,0.6310517529215359,0.5289478235799501,0.6344061723215793,0.6855870895937674,
digits_all,digits,dense_rbf,1.4,9.837168335180378,13.772035669252528,0.0026361719014558567,1,1.1102230246251565e-15,10,0.0013103999579123782,1.0,0.2514826250000084,0.6499721758486366,0.5274105948523823,0.6348630257224214,0.6716750139120757,
digits_all,digits,dense_rbf,1.4,9.837168335180378,13.772035669252528,0.0026361719014558567,2,0.9634035012818382,10,0.0013103999579123782,1.0,0.2514826250000084,0.6499721758486366,0.5274105948523823,0.6348630257224214,0.6716750139120757,
digits_all,digits,dense_rbf,1.4,9.837168335180378,13.772035669252528,0.0026361719014558567,3,0.9704444100799848,10,0.0013103999579123782,1.0,0.2514826250000084,0.6499721758486366,0.5274105948523823,0.6348630257224214,0.6716750139120757,
digits_all,digits,dense_rbf,1.4,9.837168335180378,13.772035669252528,0.0026361719014558567,4,0.9730837671630855,10,0.0013103999579123782,1.0,0.2514826250000084,0.6499721758486366,0.5274105948523823,0.6348630257224214,0.6716750139120757,
digits_all,digits,dense_rbf,1.4,9.837168335180378,13.772035669252528,0.0026361719014558567,5,0.9798848714042222,10,0.0013103999579123782,1.0,0.2514826250000084,0.6499721758486366,0.5274105948523823,0.6348630257224214,0.6716750139120757,
digits_all,digits,dense_rbf,1.4,9.837168335180378,13.772035669252528,0.0026361719014558567,6,0.9856219571190394,10,0.0013103999579123782,1.0,0.2514826250000084,0.6499721758486366,0.5274105948523823,0.6348630257224214,0.6716750139120757,
digits_all,digits,dense_rbf,1.4,9.837168335180378,13.772035669252528,0.0026361719014558567,7,0.9876414431942374,10,0.0013103999579123782,1.0,0.2514826250000084,0.6499721758486366,0.5274105948523823,0.6348630257224214,0.6716750139120757,
digits_all,digits,dense_rbf,1.4,9.837168335180378,13.772035669252528,0.0026361719014558567,8,0.9885823010262604,10,0.0013103999579123782,1.0,0.2514826250000084,0.6499721758486366,0.5274105948523823,0.6348630257224214,0.6716750139120757,
digits_all,digits,dense_rbf,1.4,9.837168335180378,13.772035669252528,0.0026361719014558567,9,0.9893011855108969,10,0.0013103999579123782,1.0,0.2514826250000084,0.6499721758486366,0.5274105948523823,0.6348630257224214,0.6716750139120757,
digits_all,digits,dense_rbf,1.4,9.837168335180378,13.772035669252528,0.0026361719014558567,10,0.9905541908590179,10,0.0013103999579123782,1.0,0.2514826250000084,0.6499721758486366,0.5274105948523823,0.6348630257224214,0.6716750139120757,
digits_all,digits,dense_rbf,1.4,9.837168335180378,13.772035669252528,0.0026361719014558567,11,0.9918645908169302,10,0.0013103999579123782,1.0,0.2514826250000084,0.6499721758486366,0.5274105948523823,0.6348630257224214,0.6716750139120757,
digits_all,digits,dense_rbf,1.4,9.837168335180378,13.772035669252528,0.0026361719014558567,12,0.992642201799175,10,0.0013103999579123782,1.0,0.2514826250000084,0.6499721758486366,0.5274105948523823,0.6348630257224214,0.6716750139120757,
digits_all,digits,dense_rbf,2.0,9.837168335180378,19.674336670360756,0.0012917242317133694,1,-2.220446049250313e-16,10,0.0005803466734896068,1.0,0.2454100829999959,0.6516416249304396,0.5259781147485795,0.6344283497369625,0.6705620478575404,
digits_all,digits,dense_rbf,2.0,9.837168335180378,19.674336670360756,0.0012917242317133694,2,0.9821206551569266,10,0.0005803466734896068,1.0,0.2454100829999959,0.6516416249304396,0.5259781147485795,0.6344283497369625,0.6705620478575404,
digits_all,digits,dense_rbf,2.0,9.837168335180378,19.674336670360756,0.0012917242317133694,3,0.9857343807258514,10,0.0005803466734896068,1.0,0.2454100829999959,0.6516416249304396,0.5259781147485795,0.6344283497369625,0.6705620478575404,
digits_all,digits,dense_rbf,2.0,9.837168335180378,19.674336670360756,0.0012917242317133694,4,0.987187157645843,10,0.0005803466734896068,1.0,0.2454100829999959,0.6516416249304396,0.5259781147485795,0.6344283497369625,0.6705620478575404,
digits_all,digits,dense_rbf,2.0,9.837168335180378,19.674336670360756,0.0012917242317133694,5,0.9904261493703669,10,0.0005803466734896068,1.0,0.2454100829999959,0.6516416249304396,0.5259781147485795,0.6344283497369625,0.6705620478575404,
digits_all,digits,dense_rbf,2.0,9.837168335180378,19.674336670360756,0.0012917242317133694,6,0.9932415613749105,10,0.0005803466734896068,1.0,0.2454100829999959,0.6516416249304396,0.5259781147485795,0.6344283497369625,0.6705620478575404,
digits_all,digits,dense_rbf,2.0,9.837168335180378,19.674336670360756,0.0012917242317133694,7,0.9943411117770983,10,0.0005803466734896068,1.0,0.2454100829999959,0.6516416249304396,0.5259781147485795,0.6344283497369625,0.6705620478575404,
digits_all,digits,dense_rbf,2.0,9.837168335180378,19.674336670360756,0.0012917242317133694,8,0.9947545042353123,10,0.0005803466734896068,1.0,0.2454100829999959,0.6516416249304396,0.5259781147485795,0.6344283497369625,0.6705620478575404,
digits_all,digits,dense_rbf,2.0,9.837168335180378,19.674336670360756,0.0012917242317133694,9,0.9951979807561815,10,0.0005803466734896068,1.0,0.2454100829999959,0.6516416249304396,0.5259781147485795,0.6344283497369625,0.6705620478575404,
digits_all,digits,dense_rbf,2.0,9.837168335180378,19.674336670360756,0.0012917242317133694,10,0.9958238849435768,10,0.0005803466734896068,1.0,0.2454100829999959,0.6516416249304396,0.5259781147485795,0.6344283497369625,0.6705620478575404,
digits_all,digits,dense_rbf,2.0,9.837168335180378,19.674336670360756,0.0012917242317133694,11,0.9964042316170664,10,0.0005803466734896068,1.0,0.2454100829999959,0.6516416249304396,0.5259781147485795,0.6344283497369625,0.6705620478575404,
digits_all,digits,dense_rbf,2.0,9.837168335180378,19.674336670360756,0.0012917242317133694,12,0.9967441796440608,10,0.0005803466734896068,1.0,0.2454100829999959,0.6516416249304396,0.5259781147485795,0.6344283497369625,0.6705620478575404,
digits_all,digits,dense_rbf,3.0,9.837168335180378,29.51150500554113,0.0005740996585392754,1,-6.661338147750939e-16,10,0.0002142468199091141,1.0,0.24125179099999627,0.6521981079577073,0.5252401583562514,0.6341918484174506,0.6705620478575404,
digits_all,digits,dense_rbf,3.0,9.837168335180378,29.51150500554113,0.0005740996585392754,2,0.9922790887792006,10,0.0002142468199091141,1.0,0.24125179099999627,0.6521981079577073,0.5252401583562514,0.6341918484174506,0.6705620478575404,
digits_all,digits,dense_rbf,3.0,9.837168335180378,29.51150500554113,0.0005740996585392754,3,0.99393771464714,10,0.0002142468199091141,1.0,0.24125179099999627,0.6521981079577073,0.5252401583562514,0.6341918484174506,0.6705620478575404,
digits_all,digits,dense_rbf,3.0,9.837168335180378,29.51150500554113,0.0005740996585392754,4,0.9946458386106942,10,0.0002142468199091141,1.0,0.24125179099999627,0.6521981079577073,0.5252401583562514,0.6341918484174506,0.6705620478575404,
digits_all,digits,dense_rbf,3.0,9.837168335180378,29.51150500554113,0.0005740996585392754,5,0.9960526925295299,10,0.0002142468199091141,1.0,0.24125179099999627,0.6521981079577073,0.5252401583562514,0.6341918484174506,0.6705620478575404,
digits_all,digits,dense_rbf,3.0,9.837168335180378,29.51150500554113,0.0005740996585392754,6,0.997279332118757,10,0.0002142468199091141,1.0,0.24125179099999627,0.6521981079577073,0.5252401583562514,0.6341918484174506,0.6705620478575404,
digits_all,digits,dense_rbf,3.0,9.837168335180378,29.51150500554113,0.0005740996585392754,7,0.9978153871777876,10,0.0002142468199091141,1.0,0.24125179099999627,0.6521981079577073,0.5252401583562514,0.6341918484174506,0.6705620478575404,
digits_all,digits,dense_rbf,3.0,9.837168335180378,29.51150500554113,0.0005740996585392754,8,0.9979469071392315,10,0.0002142468199091141,1.0,0.24125179099999627,0.6521981079577073,0.5252401583562514,0.6341918484174506,0.6705620478575404,
digits_all,digits,dense_rbf,3.0,9.837168335180378,29.51150500554113,0.0005740996585392754,9,0.9982095132667662,10,0.0002142468199091141,1.0,0.24125179099999627,0.6521981079577073,0.5252401583562514,0.6341918484174506,0.6705620478575404,
digits_all,digits,dense_rbf,3.0,9.837168335180378,29.51150500554113,0.0005740996585392754,10,0.9984899474010819,10,0.0002142468199091141,1.0,0.24125179099999627,0.6521981079577073,0.5252401583562514,0.6341918484174506,0.6705620478575404,
digits_all,digits,dense_rbf,3.0,9.837168335180378,29.51150500554113,0.0005740996585392754,11,0.998704194220991,10,0.0002142468199091141,1.0,0.24125179099999627,0.6521981079577073,0.5252401583562514,0.6341918484174506,0.6705620478575404,
digits_all,digits,dense_rbf,3.0,9.837168335180378,29.51150500554113,0.0005740996585392754,12,0.9988554064591781,10,0.0002142468199091141,1.0,0.24125179099999627,0.6521981079577073,0.5252401583562514,0.6341918484174506,0.6705620478575404,
digits_all,digits,dense_rbf,5.0,9.837168335180378,49.18584167590189,0.00020667587707413914,1,-4.440892098500626e-16,10,6.329569573915172e-05,1.0,0.4640070829999985,0.674457429048414,0.5412881086834179,0.6467680770984426,0.6828046744574291,
digits_all,digits,dense_rbf,5.0,9.837168335180378,49.18584167590189,0.00020667587707413914,2,0.9975554044289059,10,6.329569573915172e-05,1.0,0.4640070829999985,0.674457429048414,0.5412881086834179,0.6467680770984426,0.6828046744574291,
digits_all,digits,dense_rbf,5.0,9.837168335180378,49.18584167590189,0.00020667587707413914,3,0.9981667289378091,10,6.329569573915172e-05,1.0,0.4640070829999985,0.674457429048414,0.5412881086834179,0.6467680770984426,0.6828046744574291,
digits_all,digits,dense_rbf,5.0,9.837168335180378,49.18584167590189,0.00020667587707413914,4,0.9984358533635033,10,6.329569573915172e-05,1.0,0.4640070829999985,0.674457429048414,0.5412881086834179,0.6467680770984426,0.6828046744574291,
digits_all,digits,dense_rbf,5.0,9.837168335180378,49.18584167590189,0.00020667587707413914,5,0.998934655443098,10,6.329569573915172e-05,1.0,0.4640070829999985,0.674457429048414,0.5412881086834179,0.6467680770984426,0.6828046744574291,
digits_all,digits,dense_rbf,5.0,9.837168335180378,49.18584167590189,0.00020667587707413914,6,0.9993680681498036,10,6.329569573915172e-05,1.0,0.4640070829999985,0.674457429048414,0.5412881086834179,0.6467680770984426,0.6828046744574291,
digits_all,digits,dense_rbf,5.0,9.837168335180378,49.18584167590189,0.00020667587707413914,7,0.9995701210610232,10,6.329569573915172e-05,1.0,0.4640070829999985,0.674457429048414,0.5412881086834179,0.6467680770984426,0.6828046744574291,
digits_all,digits,dense_rbf,5.0,9.837168335180378,49.18584167590189,0.00020667587707413914,8,0.9995969430854964,10,6.329569573915172e-05,1.0,0.4640070829999985,0.674457429048414,0.5412881086834179,0.6467680770984426,0.6828046744574291,
digits_all,digits,dense_rbf,5.0,9.837168335180378,49.18584167590189,0.00020667587707413914,9,0.999717671332904,10,6.329569573915172e-05,1.0,0.4640070829999985,0.674457429048414,0.5412881086834179,0.6467680770984426,0.6828046744574291,
digits_all,digits,dense_rbf,5.0,9.837168335180378,49.18584167590189,0.00020667587707413914,10,0.9998194199385985,10,6.329569573915172e-05,1.0,0.4640070829999985,0.674457429048414,0.5412881086834179,0.6467680770984426,0.6828046744574291,
digits_all,digits,dense_rbf,5.0,9.837168335180378,49.18584167590189,0.00020667587707413914,11,0.9998827156343376,10,6.329569573915172e-05,1.0,0.4640070829999985,0.674457429048414,0.5412881086834179,0.6467680770984426,0.6828046744574291,
digits_all,digits,dense_rbf,5.0,9.837168335180378,49.18584167590189,0.00020667587707413914,12,0.9999350767658033,10,6.329569573915172e-05,1.0,0.4640070829999985,0.674457429048414,0.5412881086834179,0.6467680770984426,0.6828046744574291,
digits_all,digits,knn_rbf,0.1,4.363738912583038,0.43637389125830384,2.625744639904654,1,,10,,,0.007807959000004416,,,,,"ARPACK error -1: No convergence (17971 iterations, 0/12 eigenvectors converged)"
digits_all,digits,knn_rbf,0.1,4.363738912583038,0.43637389125830384,2.625744639904654,2,,10,,,0.007807959000004416,,,,,"ARPACK error -1: No convergence (17971 iterations, 0/12 eigenvectors converged)"
digits_all,digits,knn_rbf,0.1,4.363738912583038,0.43637389125830384,2.625744639904654,3,,10,,,0.007807959000004416,,,,,"ARPACK error -1: No convergence (17971 iterations, 0/12 eigenvectors converged)"
digits_all,digits,knn_rbf,0.1,4.363738912583038,0.43637389125830384,2.625744639904654,4,,10,,,0.007807959000004416,,,,,"ARPACK error -1: No convergence (17971 iterations, 0/12 eigenvectors converged)"
digits_all,digits,knn_rbf,0.1,4.363738912583038,0.43637389125830384,2.625744639904654,5,,10,,,0.007807959000004416,,,,,"ARPACK error -1: No convergence (17971 iterations, 0/12 eigenvectors converged)"
digits_all,digits,knn_rbf,0.1,4.363738912583038,0.43637389125830384,2.625744639904654,6,,10,,,0.007807959000004416,,,,,"ARPACK error -1: No convergence (17971 iterations, 0/12 eigenvectors converged)"
digits_all,digits,knn_rbf,0.1,4.363738912583038,0.43637389125830384,2.625744639904654,7,,10,,,0.007807959000004416,,,,,"ARPACK error -1: No convergence (17971 iterations, 0/12 eigenvectors converged)"
digits_all,digits,knn_rbf,0.1,4.363738912583038,0.43637389125830384,2.625744639904654,8,,10,,,0.007807959000004416,,,,,"ARPACK error -1: No convergence (17971 iterations, 0/12 eigenvectors converged)"
digits_all,digits,knn_rbf,0.1,4.363738912583038,0.43637389125830384,2.625744639904654,9,,10,,,0.007807959000004416,,,,,"ARPACK error -1: No convergence (17971 iterations, 0/12 eigenvectors converged)"
digits_all,digits,knn_rbf,0.1,4.363738912583038,0.43637389125830384,2.625744639904654,10,,10,,,0.007807959000004416,,,,,"ARPACK error -1: No convergence (17971 iterations, 0/12 eigenvectors converged)"
digits_all,digits,knn_rbf,0.1,4.363738912583038,0.43637389125830384,2.625744639904654,11,,10,,,0.007807959000004416,,,,,"ARPACK error -1: No convergence (17971 iterations, 0/12 eigenvectors converged)"
digits_all,digits,knn_rbf,0.1,4.363738912583038,0.43637389125830384,2.625744639904654,12,,10,,,0.007807959000004416,,,,,"ARPACK error -1: No convergence (17971 iterations, 0/12 eigenvectors converged)"
digits_all,digits,knn_rbf,0.2,4.363738912583038,0.8727477825166077,0.6564361599761634,1,,10,,,0.0071394580000117,,,,,"ARPACK error -1: No convergence (17971 iterations, 0/12 eigenvectors converged)"
digits_all,digits,knn_rbf,0.2,4.363738912583038,0.8727477825166077,0.6564361599761634,2,,10,,,0.0071394580000117,,,,,"ARPACK error -1: No convergence (17971 iterations, 0/12 eigenvectors converged)"
digits_all,digits,knn_rbf,0.2,4.363738912583038,0.8727477825166077,0.6564361599761634,3,,10,,,0.0071394580000117,,,,,"ARPACK error -1: No convergence (17971 iterations, 0/12 eigenvectors converged)"
digits_all,digits,knn_rbf,0.2,4.363738912583038,0.8727477825166077,0.6564361599761634,4,,10,,,0.0071394580000117,,,,,"ARPACK error -1: No convergence (17971 iterations, 0/12 eigenvectors converged)"
digits_all,digits,knn_rbf,0.2,4.363738912583038,0.8727477825166077,0.6564361599761634,5,,10,,,0.0071394580000117,,,,,"ARPACK error -1: No convergence (17971 iterations, 0/12 eigenvectors converged)"
digits_all,digits,knn_rbf,0.2,4.363738912583038,0.8727477825166077,0.6564361599761634,6,,10,,,0.0071394580000117,,,,,"ARPACK error -1: No convergence (17971 iterations, 0/12 eigenvectors converged)"
digits_all,digits,knn_rbf,0.2,4.363738912583038,0.8727477825166077,0.6564361599761634,7,,10,,,0.0071394580000117,,,,,"ARPACK error -1: No convergence (17971 iterations, 0/12 eigenvectors converged)"
digits_all,digits,knn_rbf,0.2,4.363738912583038,0.8727477825166077,0.6564361599761634,8,,10,,,0.0071394580000117,,,,,"ARPACK error -1: No convergence (17971 iterations, 0/12 eigenvectors converged)"
digits_all,digits,knn_rbf,0.2,4.363738912583038,0.8727477825166077,0.6564361599761634,9,,10,,,0.0071394580000117,,,,,"ARPACK error -1: No convergence (17971 iterations, 0/12 eigenvectors converged)"
digits_all,digits,knn_rbf,0.2,4.363738912583038,0.8727477825166077,0.6564361599761634,10,,10,,,0.0071394580000117,,,,,"ARPACK error -1: No convergence (17971 iterations, 0/12 eigenvectors converged)"
digits_all,digits,knn_rbf,0.2,4.363738912583038,0.8727477825166077,0.6564361599761634,11,,10,,,0.0071394580000117,,,,,"ARPACK error -1: No convergence (17971 iterations, 0/12 eigenvectors converged)"
digits_all,digits,knn_rbf,0.2,4.363738912583038,0.8727477825166077,0.6564361599761634,12,,10,,,0.0071394580000117,,,,,"ARPACK error -1: No convergence (17971 iterations, 0/12 eigenvectors converged)"
digits_all,digits,knn_rbf,0.35,4.363738912583038,1.5273086194040633,0.2143465012167065,1,2.7933907184116505e-16,10,9.556197560896653e-05,7.0,0.006052167000007103,0.5865331107401224,0.3844042205827175,0.7058488158181163,0.5926544240400667,
digits_all,digits,knn_rbf,0.35,4.363738912583038,1.5273086194040633,0.2143465012167065,2,1.1180328713125303e-15,10,9.556197560896653e-05,7.0,0.006052167000007103,0.5865331107401224,0.3844042205827175,0.7058488158181163,0.5926544240400667,
digits_all,digits,knn_rbf,0.35,4.363738912583038,1.5273086194040633,0.2143465012167065,3,1.3633100237094418e-09,10,9.556197560896653e-05,7.0,0.006052167000007103,0.5865331107401224,0.3844042205827175,0.7058488158181163,0.5926544240400667,
digits_all,digits,knn_rbf,0.35,4.363738912583038,1.5273086194040633,0.2143465012167065,4,1.7433367364375897e-07,10,9.556197560896653e-05,7.0,0.006052167000007103,0.5865331107401224,0.3844042205827175,0.7058488158181163,0.5926544240400667,
digits_all,digits,knn_rbf,0.35,4.363738912583038,1.5273086194040633,0.2143465012167065,5,6.868958859640868e-05,10,9.556197560896653e-05,7.0,0.006052167000007103,0.5865331107401224,0.3844042205827175,0.7058488158181163,0.5926544240400667,
digits_all,digits,knn_rbf,0.35,4.363738912583038,1.5273086194040633,0.2143465012167065,6,0.00010080528110188832,10,9.556197560896653e-05,7.0,0.006052167000007103,0.5865331107401224,0.3844042205827175,0.7058488158181163,0.5926544240400667,
digits_all,digits,knn_rbf,0.35,4.363738912583038,1.5273086194040633,0.2143465012167065,7,0.00021774324419474616,10,9.556197560896653e-05,7.0,0.006052167000007103,0.5865331107401224,0.3844042205827175,0.7058488158181163,0.5926544240400667,
digits_all,digits,knn_rbf,0.35,4.363738912583038,1.5273086194040633,0.2143465012167065,8,0.000408548111316509,10,9.556197560896653e-05,7.0,0.006052167000007103,0.5865331107401224,0.3844042205827175,0.7058488158181163,0.5926544240400667,
digits_all,digits,knn_rbf,0.35,4.363738912583038,1.5273086194040633,0.2143465012167065,9,0.00044403946658704577,10,9.556197560896653e-05,7.0,0.006052167000007103,0.5865331107401224,0.3844042205827175,0.7058488158181163,0.5926544240400667,
digits_all,digits,knn_rbf,0.35,4.363738912583038,1.5273086194040633,0.2143465012167065,10,0.0005961292554060167,10,9.556197560896653e-05,7.0,0.006052167000007103,0.5865331107401224,0.3844042205827175,0.7058488158181163,0.5926544240400667,
digits_all,digits,knn_rbf,0.35,4.363738912583038,1.5273086194040633,0.2143465012167065,11,0.0006916912310149832,10,9.556197560896653e-05,7.0,0.006052167000007103,0.5865331107401224,0.3844042205827175,0.7058488158181163,0.5926544240400667,
digits_all,digits,knn_rbf,0.35,4.363738912583038,1.5273086194040633,0.2143465012167065,12,0.001226220139950813,10,9.556197560896653e-05,7.0,0.006052167000007103,0.5865331107401224,0.3844042205827175,0.7058488158181163,0.5926544240400667,
digits_all,digits,knn_rbf,0.5,4.363738912583038,2.181869456291519,0.10502978559618617,1,-1.3259841151547264e-16,10,0.00462002556806805,10.0,0.01684970799999519,0.7106288258208124,0.612019125090762,0.7747520422287175,0.7256538675570395,
digits_all,digits,knn_rbf,0.5,4.363738912583038,2.181869456291519,0.10502978559618617,2,4.6308041422920006e-14,10,0.00462002556806805,10.0,0.01684970799999519,0.7106288258208124,0.612019125090762,0.7747520422287175,0.7256538675570395,
digits_all,digits,knn_rbf,0.5,4.363738912583038,2.181869456291519,0.10502978559618617,3,6.116306458024095e-05,10,0.00462002556806805,10.0,0.01684970799999519,0.7106288258208124,0.612019125090762,0.7747520422287175,0.7256538675570395,
digits_all,digits,knn_rbf,0.5,4.363738912583038,2.181869456291519,0.10502978559618617,4,0.00015295922950967478,10,0.00462002556806805,10.0,0.01684970799999519,0.7106288258208124,0.612019125090762,0.7747520422287175,0.7256538675570395,
digits_all,digits,knn_rbf,0.5,4.363738912583038,2.181869456291519,0.10502978559618617,5,0.0010951487913036626,10,0.00462002556806805,10.0,0.01684970799999519,0.7106288258208124,0.612019125090762,0.7747520422287175,0.7256538675570395,
digits_all,digits,knn_rbf,0.5,4.363738912583038,2.181869456291519,0.10502978559618617,6,0.0013148904268959112,10,0.00462002556806805,10.0,0.01684970799999519,0.7106288258208124,0.612019125090762,0.7747520422287175,0.7256538675570395,
digits_all,digits,knn_rbf,0.5,4.363738912583038,2.181869456291519,0.10502978559618617,7,0.0024095150276960205,10,0.00462002556806805,10.0,0.01684970799999519,0.7106288258208124,0.612019125090762,0.7747520422287175,0.7256538675570395,
digits_all,digits,knn_rbf,0.5,4.363738912583038,2.181869456291519,0.10502978559618617,8,0.003046948687058712,10,0.00462002556806805,10.0,0.01684970799999519,0.7106288258208124,0.612019125090762,0.7747520422287175,0.7256538675570395,
digits_all,digits,knn_rbf,0.5,4.363738912583038,2.181869456291519,0.10502978559618617,9,0.0037897005885435243,10,0.00462002556806805,10.0,0.01684970799999519,0.7106288258208124,0.612019125090762,0.7747520422287175,0.7256538675570395,
digits_all,digits,knn_rbf,0.5,4.363738912583038,2.181869456291519,0.10502978559618617,10,0.004530396446186116,10,0.00462002556806805,10.0,0.01684970799999519,0.7106288258208124,0.612019125090762,0.7747520422287175,0.7256538675570395,
digits_all,digits,knn_rbf,0.5,4.363738912583038,2.181869456291519,0.10502978559618617,11,0.009150422014254166,10,0.00462002556806805,10.0,0.01684970799999519,0.7106288258208124,0.612019125090762,0.7747520422287175,0.7256538675570395,
digits_all,digits,knn_rbf,0.5,4.363738912583038,2.181869456291519,0.10502978559618617,12,0.01042670359968175,10,0.00462002556806805,10.0,0.01684970799999519,0.7106288258208124,0.612019125090762,0.7747520422287175,0.7256538675570395,
digits_all,digits,knn_rbf,0.7,4.363738912583038,3.0546172388081265,0.05358662530417663,1,-8.752581760746572e-17,10,0.001393754800138463,8.0,0.017840417000002162,0.7545909849749582,0.6625272610948304,0.8186535042544636,0.7696160267111853,
digits_all,digits,knn_rbf,0.7,4.363738912583038,3.0546172388081265,0.05358662530417663,2,2.4540438313788595e-10,10,0.001393754800138463,8.0,0.017840417000002162,0.7545909849749582,0.6625272610948304,0.8186535042544636,0.7696160267111853,
digits_all,digits,knn_rbf,0.7,4.363738912583038,3.0546172388081265,0.05358662530417663,3,0.0023315802491540687,10,0.001393754800138463,8.0,0.017840417000002162,0.7545909849749582,0.6625272610948304,0.8186535042544636,0.7696160267111853,
digits_all,digits,knn_rbf,0.7,4.363738912583038,3.0546172388081265,0.05358662530417663,4,0.004455013779677321,10,0.001393754800138463,8.0,0.017840417000002162,0.7545909849749582,0.6625272610948304,0.8186535042544636,0.7696160267111853,
digits_all,digits,knn_rbf,0.7,4.363738912583038,3.0546172388081265,0.05358662530417663,5,0.005871189977808489,10,0.001393754800138463,8.0,0.017840417000002162,0.7545909849749582,0.6625272610948304,0.8186535042544636,0.7696160267111853,
digits_all,digits,knn_rbf,0.7,4.363738912583038,3.0546172388081265,0.05358662530417663,6,0.00800279346099261,10,0.001393754800138463,8.0,0.017840417000002162,0.7545909849749582,0.6625272610948304,0.8186535042544636,0.7696160267111853,
digits_all,digits,knn_rbf,0.7,4.363738912583038,3.0546172388081265,0.05358662530417663,7,0.00979618244506537,10,0.001393754800138463,8.0,0.017840417000002162,0.7545909849749582,0.6625272610948304,0.8186535042544636,0.7696160267111853,
digits_all,digits,knn_rbf,0.7,4.363738912583038,3.0546172388081265,0.05358662530417663,8,0.010127561384423455,10,0.001393754800138463,8.0,0.017840417000002162,0.7545909849749582,0.6625272610948304,0.8186535042544636,0.7696160267111853,
digits_all,digits,knn_rbf,0.7,4.363738912583038,3.0546172388081265,0.05358662530417663,9,0.01606803892169801,10,0.001393754800138463,8.0,0.017840417000002162,0.7545909849749582,0.6625272610948304,0.8186535042544636,0.7696160267111853,
digits_all,digits,knn_rbf,0.7,4.363738912583038,3.0546172388081265,0.05358662530417663,10,0.017524119019620196,10,0.001393754800138463,8.0,0.017840417000002162,0.7545909849749582,0.6625272610948304,0.8186535042544636,0.7696160267111853,
digits_all,digits,knn_rbf,0.7,4.363738912583038,3.0546172388081265,0.05358662530417663,11,0.01891787381975866,10,0.001393754800138463,8.0,0.017840417000002162,0.7545909849749582,0.6625272610948304,0.8186535042544636,0.7696160267111853,
digits_all,digits,knn_rbf,0.7,4.363738912583038,3.0546172388081265,0.05358662530417663,12,0.025412453080355873,10,0.001393754800138463,8.0,0.017840417000002162,0.7545909849749582,0.6625272610948304,0.8186535042544636,0.7696160267111853,
digits_all,digits,knn_rbf,0.7071067811865475,4.363738912583038,3.085629376415077,0.05251489279809309,1,-2.386379968608945e-16,10,9.945424645671844e-05,8.0,0.020160166000010804,0.7484696716750139,0.6581938191348702,0.8118685521267412,0.7646076794657763,
digits_all,digits,knn_rbf,0.7071067811865475,4.363738912583038,3.085629376415077,0.05251489279809309,2,3.911450633438661e-10,10,9.945424645671844e-05,8.0,0.020160166000010804,0.7484696716750139,0.6581938191348702,0.8118685521267412,0.7646076794657763,
digits_all,digits,knn_rbf,0.7071067811865475,4.363738912583038,3.085629376415077,0.05251489279809309,3,0.0023692444410531024,10,9.945424645671844e-05,8.0,0.020160166000010804,0.7484696716750139,0.6581938191348702,0.8118685521267412,0.7646076794657763,
digits_all,digits,knn_rbf,0.7071067811865475,4.363738912583038,3.085629376415077,0.05251489279809309,4,0.004513725590637618,10,9.945424645671844e-05,8.0,0.020160166000010804,0.7484696716750139,0.6581938191348702,0.8118685521267412,0.7646076794657763,
digits_all,digits,knn_rbf,0.7071067811865475,4.363738912583038,3.085629376415077,0.05251489279809309,5,0.00595101572997766,10,9.945424645671844e-05,8.0,0.020160166000010804,0.7484696716750139,0.6581938191348702,0.8118685521267412,0.7646076794657763,
digits_all,digits,knn_rbf,0.7071067811865475,4.363738912583038,3.085629376415077,0.05251489279809309,6,0.008126729851807148,10,9.945424645671844e-05,8.0,0.020160166000010804,0.7484696716750139,0.6581938191348702,0.8118685521267412,0.7646076794657763,
digits_all,digits,knn_rbf,0.7071067811865475,4.363738912583038,3.085629376415077,0.05251489279809309,7,0.010261022374668891,10,9.945424645671844e-05,8.0,0.020160166000010804,0.7484696716750139,0.6581938191348702,0.8118685521267412,0.7646076794657763,
digits_all,digits,knn_rbf,0.7071067811865475,4.363738912583038,3.085629376415077,0.05251489279809309,8,0.010885851763671801,10,9.945424645671844e-05,8.0,0.020160166000010804,0.7484696716750139,0.6581938191348702,0.8118685521267412,0.7646076794657763,
digits_all,digits,knn_rbf,0.7071067811865475,4.363738912583038,3.085629376415077,0.05251489279809309,9,0.016265174895258524,10,9.945424645671844e-05,8.0,0.020160166000010804,0.7484696716750139,0.6581938191348702,0.8118685521267412,0.7646076794657763,
digits_all,digits,knn_rbf,0.7071067811865475,4.363738912583038,3.085629376415077,0.05251489279809309,10,0.01921119260223904,10,9.945424645671844e-05,8.0,0.020160166000010804,0.7484696716750139,0.6581938191348702,0.8118685521267412,0.7646076794657763,
digits_all,digits,knn_rbf,0.7071067811865475,4.363738912583038,3.085629376415077,0.05251489279809309,11,0.019310646848695757,10,9.945424645671844e-05,8.0,0.020160166000010804,0.7484696716750139,0.6581938191348702,0.8118685521267412,0.7646076794657763,
digits_all,digits,knn_rbf,0.7071067811865475,4.363738912583038,3.085629376415077,0.05251489279809309,12,0.025593170119022585,10,9.945424645671844e-05,8.0,0.020160166000010804,0.7484696716750139,0.6581938191348702,0.8118685521267412,0.7646076794657763,
digits_all,digits,knn_rbf,1.0,4.363738912583038,4.363738912583038,0.026257446399046543,1,2.442470140750843e-17,10,0.002907082738298185,7.0,0.02025558299999375,0.778519755147468,0.7024945390247619,0.8063083521424413,0.7935447968836951,
digits_all,digits,knn_rbf,1.0,4.363738912583038,4.363738912583038,0.026257446399046543,2,4.387893228812455e-05,10,0.002907082738298185,7.0,0.02025558299999375,0.778519755147468,0.7024945390247619,0.8063083521424413,0.7935447968836951,
digits_all,digits,knn_rbf,1.0,4.363738912583038,4.363738912583038,0.026257446399046543,3,0.003548891724807665,10,0.002907082738298185,7.0,0.02025558299999375,0.778519755147468,0.7024945390247619,0.8063083521424413,0.7935447968836951,
digits_all,digits,knn_rbf,1.0,4.363738912583038,4.363738912583038,0.026257446399046543,4,0.006238569079683751,10,0.002907082738298185,7.0,0.02025558299999375,0.778519755147468,0.7024945390247619,0.8063083521424413,0.7935447968836951,
digits_all,digits,knn_rbf,1.0,4.363738912583038,4.363738912583038,0.026257446399046543,5,0.008338547895101737,10,0.002907082738298185,7.0,0.02025558299999375,0.778519755147468,0.7024945390247619,0.8063083521424413,0.7935447968836951,
digits_all,digits,knn_rbf,1.0,4.363738912583038,4.363738912583038,0.026257446399046543,6,0.011884153858278642,10,0.002907082738298185,7.0,0.02025558299999375,0.778519755147468,0.7024945390247619,0.8063083521424413,0.7935447968836951,
digits_all,digits,knn_rbf,1.0,4.363738912583038,4.363738912583038,0.026257446399046543,7,0.013846725811740679,10,0.002907082738298185,7.0,0.02025558299999375,0.778519755147468,0.7024945390247619,0.8063083521424413,0.7935447968836951,
digits_all,digits,knn_rbf,1.0,4.363738912583038,4.363738912583038,0.026257446399046543,8,0.02168820117186524,10,0.002907082738298185,7.0,0.02025558299999375,0.778519755147468,0.7024945390247619,0.8063083521424413,0.7935447968836951,
digits_all,digits,knn_rbf,1.0,4.363738912583038,4.363738912583038,0.026257446399046543,9,0.028679963515214887,10,0.002907082738298185,7.0,0.02025558299999375,0.778519755147468,0.7024945390247619,0.8063083521424413,0.7935447968836951,
digits_all,digits,knn_rbf,1.0,4.363738912583038,4.363738912583038,0.026257446399046543,10,0.030443047575016542,10,0.002907082738298185,7.0,0.02025558299999375,0.778519755147468,0.7024945390247619,0.8063083521424413,0.7935447968836951,
digits_all,digits,knn_rbf,1.0,4.363738912583038,4.363738912583038,0.026257446399046543,11,0.03335013031331473,10,0.002907082738298185,7.0,0.02025558299999375,0.778519755147468,0.7024945390247619,0.8063083521424413,0.7935447968836951,
digits_all,digits,knn_rbf,1.0,4.363738912583038,4.363738912583038,0.026257446399046543,12,0.05806502265374736,10,0.002907082738298185,7.0,0.02025558299999375,0.778519755147468,0.7024945390247619,0.8063083521424413,0.7935447968836951,
digits_all,digits,knn_rbf,1.4,4.363738912583038,6.109234477616253,0.013396656326044157,1,-7.750444827743073e-17,10,0.002814704211179672,7.0,0.015833041999997022,0.7696160267111853,0.6972858464996199,0.8016081486435197,0.7868670005564831,
digits_all,digits,knn_rbf,1.4,4.363738912583038,6.109234477616253,0.013396656326044157,2,0.004399247463445064,10,0.002814704211179672,7.0,0.015833041999997022,0.7696160267111853,0.6972858464996199,0.8016081486435197,0.7868670005564831,
digits_all,digits,knn_rbf,1.4,4.363738912583038,6.109234477616253,0.013396656326044157,3,0.007298534054333285,10,0.002814704211179672,7.0,0.015833041999997022,0.7696160267111853,0.6972858464996199,0.8016081486435197,0.7868670005564831,
digits_all,digits,knn_rbf,1.4,4.363738912583038,6.109234477616253,0.013396656326044157,4,0.009894493743256525,10,0.002814704211179672,7.0,0.015833041999997022,0.7696160267111853,0.6972858464996199,0.8016081486435197,0.7868670005564831,
digits_all,digits,knn_rbf,1.4,4.363738912583038,6.109234477616253,0.013396656326044157,5,0.014382139264931874,10,0.002814704211179672,7.0,0.015833041999997022,0.7696160267111853,0.6972858464996199,0.8016081486435197,0.7868670005564831,
digits_all,digits,knn_rbf,1.4,4.363738912583038,6.109234477616253,0.013396656326044157,6,0.014824456241043341,10,0.002814704211179672,7.0,0.015833041999997022,0.7696160267111853,0.6972858464996199,0.8016081486435197,0.7868670005564831,
digits_all,digits,knn_rbf,1.4,4.363738912583038,6.109234477616253,0.013396656326044157,7,0.016065570891101912,10,0.002814704211179672,7.0,0.015833041999997022,0.7696160267111853,0.6972858464996199,0.8016081486435197,0.7868670005564831,
digits_all,digits,knn_rbf,1.4,4.363738912583038,6.109234477616253,0.013396656326044157,8,0.024866545361265854,10,0.002814704211179672,7.0,0.015833041999997022,0.7696160267111853,0.6972858464996199,0.8016081486435197,0.7868670005564831,
digits_all,digits,knn_rbf,1.4,4.363738912583038,6.109234477616253,0.013396656326044157,9,0.033154866510944944,10,0.002814704211179672,7.0,0.015833041999997022,0.7696160267111853,0.6972858464996199,0.8016081486435197,0.7868670005564831,
digits_all,digits,knn_rbf,1.4,4.363738912583038,6.109234477616253,0.013396656326044157,10,0.034742939835054436,10,0.002814704211179672,7.0,0.015833041999997022,0.7696160267111853,0.6972858464996199,0.8016081486435197,0.7868670005564831,
digits_all,digits,knn_rbf,1.4,4.363738912583038,6.109234477616253,0.013396656326044157,11,0.03755764404623411,10,0.002814704211179672,7.0,0.015833041999997022,0.7696160267111853,0.6972858464996199,0.8016081486435197,0.7868670005564831,
digits_all,digits,knn_rbf,1.4,4.363738912583038,6.109234477616253,0.013396656326044157,12,0.06231679209203814,10,0.002814704211179672,7.0,0.015833041999997022,0.7696160267111853,0.6972858464996199,0.8016081486435197,0.7868670005564831,
digits_all,digits,knn_rbf,2.0,4.363738912583038,8.727477825166076,0.006564361599761636,1,-4.441497118500334e-17,10,0.020846234391631246,10.0,0.01936287499998457,0.763494713411241,0.6907716684692253,0.7953374318004016,0.7829716193656093,
digits_all,digits,knn_rbf,2.0,4.363738912583038,8.727477825166076,0.006564361599761636,2,0.004979701629303466,10,0.020846234391631246,10.0,0.01936287499998457,0.763494713411241,0.6907716684692253,0.7953374318004016,0.7829716193656093,
digits_all,digits,knn_rbf,2.0,4.363738912583038,8.727477825166076,0.006564361599761636,3,0.007904106612886647,10,0.020846234391631246,10.0,0.01936287499998457,0.763494713411241,0.6907716684692253,0.7953374318004016,0.7829716193656093,
digits_all,digits,knn_rbf,2.0,4.363738912583038,8.727477825166076,0.006564361599761636,4,0.01084053172676354,10,0.020846234391631246,10.0,0.01936287499998457,0.763494713411241,0.6907716684692253,0.7953374318004016,0.7829716193656093,
digits_all,digits,knn_rbf,2.0,4.363738912583038,8.727477825166076,0.006564361599761636,5,0.016019437330845605,10,0.020846234391631246,10.0,0.01936287499998457,0.763494713411241,0.6907716684692253,0.7953374318004016,0.7829716193656093,
digits_all,digits,knn_rbf,2.0,4.363738912583038,8.727477825166076,0.006564361599761636,6,0.017601457314959025,10,0.020846234391631246,10.0,0.01936287499998457,0.763494713411241,0.6907716684692253,0.7953374318004016,0.7829716193656093,
digits_all,digits,knn_rbf,2.0,4.363738912583038,8.727477825166076,0.006564361599761636,7,0.026763290371317056,10,0.020846234391631246,10.0,0.01936287499998457,0.763494713411241,0.6907716684692253,0.7953374318004016,0.7829716193656093,
digits_all,digits,knn_rbf,2.0,4.363738912583038,8.727477825166076,0.006564361599761636,8,0.034997792280440636,10,0.020846234391631246,10.0,0.01936287499998457,0.763494713411241,0.6907716684692253,0.7953374318004016,0.7829716193656093,
digits_all,digits,knn_rbf,2.0,4.363738912583038,8.727477825166076,0.006564361599761636,9,0.037894674755277594,10,0.020846234391631246,10.0,0.01936287499998457,0.763494713411241,0.6907716684692253,0.7953374318004016,0.7829716193656093,
digits_all,digits,knn_rbf,2.0,4.363738912583038,8.727477825166076,0.006564361599761636,10,0.040378024568367386,10,0.020846234391631246,10.0,0.01936287499998457,0.763494713411241,0.6907716684692253,0.7953374318004016,0.7829716193656093,
digits_all,digits,knn_rbf,2.0,4.363738912583038,8.727477825166076,0.006564361599761636,11,0.06122425895999863,10,0.020846234391631246,10.0,0.01936287499998457,0.763494713411241,0.6907716684692253,0.7953374318004016,0.7829716193656093,
digits_all,digits,knn_rbf,2.0,4.363738912583038,8.727477825166076,0.006564361599761636,12,0.06508105608087232,10,0.020846234391631246,10.0,0.01936287499998457,0.763494713411241,0.6907716684692253,0.7953374318004016,0.7829716193656093,
digits_all,digits,knn_rbf,3.0,4.363738912583038,13.091216737749114,0.0029174940443385047,1,1.8757810562960264e-17,10,0.017276958012911972,10.0,0.028337625000006028,0.7623817473567056,0.6903824140694239,0.7976306760845912,0.7835281023928771,
digits_all,digits,knn_rbf,3.0,4.363738912583038,13.091216737749114,0.0029174940443385047,2,0.00534166007869755,10,0.017276958012911972,10.0,0.028337625000006028,0.7623817473567056,0.6903824140694239,0.7976306760845912,0.7835281023928771,
digits_all,digits,knn_rbf,3.0,4.363738912583038,13.091216737749114,0.0029174940443385047,3,0.008241343985754917,10,0.017276958012911972,10.0,0.028337625000006028,0.7623817473567056,0.6903824140694239,0.7976306760845912,0.7835281023928771,
digits_all,digits,knn_rbf,3.0,4.363738912583038,13.091216737749114,0.0029174940443385047,4,0.011398907776250576,10,0.017276958012911972,10.0,0.028337625000006028,0.7623817473567056,0.6903824140694239,0.7976306760845912,0.7835281023928771,
digits_all,digits,knn_rbf,3.0,4.363738912583038,13.091216737749114,0.0029174940443385047,5,0.01714253645645354,10,0.017276958012911972,10.0,0.028337625000006028,0.7623817473567056,0.6903824140694239,0.7976306760845912,0.7835281023928771,
digits_all,digits,knn_rbf,3.0,4.363738912583038,13.091216737749114,0.0029174940443385047,6,0.01873466036186601,10,0.017276958012911972,10.0,0.028337625000006028,0.7623817473567056,0.6903824140694239,0.7976306760845912,0.7835281023928771,
digits_all,digits,knn_rbf,3.0,4.363738912583038,13.091216737749114,0.0029174940443385047,7,0.027954745498439983,10,0.017276958012911972,10.0,0.028337625000006028,0.7623817473567056,0.6903824140694239,0.7976306760845912,0.7835281023928771,
digits_all,digits,knn_rbf,3.0,4.363738912583038,13.091216737749114,0.0029174940443385047,8,0.03624181932856407,10,0.017276958012911972,10.0,0.028337625000006028,0.7623817473567056,0.6903824140694239,0.7976306760845912,0.7835281023928771,
digits_all,digits,knn_rbf,3.0,4.363738912583038,13.091216737749114,0.0029174940443385047,9,0.03956744367727303,10,0.017276958012911972,10.0,0.028337625000006028,0.7623817473567056,0.6903824140694239,0.7976306760845912,0.7835281023928771,
digits_all,digits,knn_rbf,3.0,4.363738912583038,13.091216737749114,0.0029174940443385047,10,0.04225721846799269,10,0.017276958012911972,10.0,0.028337625000006028,0.7623817473567056,0.6903824140694239,0.7976306760845912,0.7835281023928771,
digits_all,digits,knn_rbf,3.0,4.363738912583038,13.091216737749114,0.0029174940443385047,11,0.059534176480904664,10,0.017276958012911972,10.0,0.028337625000006028,0.7623817473567056,0.6903824140694239,0.7976306760845912,0.7835281023928771,
digits_all,digits,knn_rbf,3.0,4.363738912583038,13.091216737749114,0.0029174940443385047,12,0.0666978981620403,10,0.017276958012911972,10.0,0.028337625000006028,0.7623817473567056,0.6903824140694239,0.7976306760845912,0.7835281023928771,
digits_all,digits,knn_rbf,5.0,4.363738912583038,21.81869456291519,0.0010502978559618617,1,6.782892679789797e-17,10,0.014904608065108182,10.0,0.01498808300001997,0.7623817473567056,0.6905839102369442,0.7966359974269519,0.7835281023928771,
digits_all,digits,knn_rbf,5.0,4.363738912583038,21.81869456291519,0.0010502978559618617,2,0.005545937084714887,10,0.014904608065108182,10.0,0.01498808300001997,0.7623817473567056,0.6905839102369442,0.7966359974269519,0.7835281023928771,
digits_all,digits,knn_rbf,5.0,4.363738912583038,21.81869456291519,0.0010502978559618617,3,0.008508827146729708,10,0.014904608065108182,10.0,0.01498808300001997,0.7623817473567056,0.6905839102369442,0.7966359974269519,0.7835281023928771,
digits_all,digits,knn_rbf,5.0,4.363738912583038,21.81869456291519,0.0010502978559618617,4,0.011848917495426917,10,0.014904608065108182,10.0,0.01498808300001997,0.7623817473567056,0.6905839102369442,0.7966359974269519,0.7835281023928771,
digits_all,digits,knn_rbf,5.0,4.363738912583038,21.81869456291519,0.0010502978559618617,5,0.017960473801928056,10,0.014904608065108182,10.0,0.01498808300001997,0.7623817473567056,0.6905839102369442,0.7966359974269519,0.7835281023928771,
digits_all,digits,knn_rbf,5.0,4.363738912583038,21.81869456291519,0.0010502978559618617,6,0.019592454442043137,10,0.014904608065108182,10.0,0.01498808300001997,0.7623817473567056,0.6905839102369442,0.7966359974269519,0.7835281023928771,
digits_all,digits,knn_rbf,5.0,4.363738912583038,21.81869456291519,0.0010502978559618617,7,0.028924888308275484,10,0.014904608065108182,10.0,0.01498808300001997,0.7623817473567056,0.6905839102369442,0.7966359974269519,0.7835281023928771,
digits_all,digits,knn_rbf,5.0,4.363738912583038,21.81869456291519,0.0010502978559618617,8,0.03721340631304502,10,0.014904608065108182,10.0,0.01498808300001997,0.7623817473567056,0.6905839102369442,0.7966359974269519,0.7835281023928771,
digits_all,digits,knn_rbf,5.0,4.363738912583038,21.81869456291519,0.0010502978559618617,9,0.04053941430028942,10,0.014904608065108182,10.0,0.01498808300001997,0.7623817473567056,0.6905839102369442,0.7966359974269519,0.7835281023928771,
digits_all,digits,knn_rbf,5.0,4.363738912583038,21.81869456291519,0.0010502978559618617,10,0.043446885640441,10,0.014904608065108182,10.0,0.01498808300001997,0.7623817473567056,0.6905839102369442,0.7966359974269519,0.7835281023928771,
digits_all,digits,knn_rbf,5.0,4.363738912583038,21.81869456291519,0.0010502978559618617,11,0.058351493705549186,10,0.014904608065108182,10.0,0.01498808300001997,0.7623817473567056,0.6905839102369442,0.7966359974269519,0.7835281023928771,
digits_all,digits,knn_rbf,5.0,4.363738912583038,21.81869456291519,0.0010502978559618617,12,0.06767316836307316,10,0.014904608065108182,10.0,0.01498808300001997,0.7623817473567056,0.6905839102369442,0.7966359974269519,0.7835281023928771,
two_moons,synthetic,dense_rbf,0.1,1.1542582661123855,0.11542582661123856,37.52874293897118,1,-1.3938853615608685e-16,2,0.006824802682177314,10.0,0.005087042000013753,1.0,1.0,1.0,1.0,
two_moons,synthetic,dense_rbf,0.1,1.1542582661123855,0.11542582661123856,37.52874293897118,2,0.0005738118238893676,2,0.006824802682177314,10.0,0.005087042000013753,1.0,1.0,1.0,1.0,
two_moons,synthetic,dense_rbf,0.1,1.1542582661123855,0.11542582661123856,37.52874293897118,3,0.007398614506066682,2,0.006824802682177314,10.0,0.005087042000013753,1.0,1.0,1.0,1.0,
two_moons,synthetic,dense_rbf,0.1,1.1542582661123855,0.11542582661123856,37.52874293897118,4,0.007786171453830457,2,0.006824802682177314,10.0,0.005087042000013753,1.0,1.0,1.0,1.0,
two_moons,synthetic,dense_rbf,0.1,1.1542582661123855,0.11542582661123856,37.52874293897118,5,0.029111510611830378,2,0.006824802682177314,10.0,0.005087042000013753,1.0,1.0,1.0,1.0,
two_moons,synthetic,dense_rbf,0.1,1.1542582661123855,0.11542582661123856,37.52874293897118,6,0.03128826190598527,2,0.006824802682177314,10.0,0.005087042000013753,1.0,1.0,1.0,1.0,
two_moons,synthetic,dense_rbf,0.1,1.1542582661123855,0.11542582661123856,37.52874293897118,7,0.06261123996330843,2,0.006824802682177314,10.0,0.005087042000013753,1.0,1.0,1.0,1.0,
two_moons,synthetic,dense_rbf,0.1,1.1542582661123855,0.11542582661123856,37.52874293897118,8,0.06426662735836393,2,0.006824802682177314,10.0,0.005087042000013753,1.0,1.0,1.0,1.0,
two_moons,synthetic,dense_rbf,0.1,1.1542582661123855,0.11542582661123856,37.52874293897118,9,0.10526927795878528,2,0.006824802682177314,10.0,0.005087042000013753,1.0,1.0,1.0,1.0,
two_moons,synthetic,dense_rbf,0.1,1.1542582661123855,0.11542582661123856,37.52874293897118,10,0.11238814823697992,2,0.006824802682177314,10.0,0.005087042000013753,1.0,1.0,1.0,1.0,
two_moons,synthetic,dense_rbf,0.1,1.1542582661123855,0.11542582661123856,37.52874293897118,11,0.158728969255393,2,0.006824802682177314,10.0,0.005087042000013753,1.0,1.0,1.0,1.0,
two_moons,synthetic,dense_rbf,0.1,1.1542582661123855,0.11542582661123856,37.52874293897118,12,0.1611694610835213,2,0.006824802682177314,10.0,0.005087042000013753,1.0,1.0,1.0,1.0,
two_moons,synthetic,dense_rbf,0.2,1.1542582661123855,0.2308516532224771,9.382185734742794,1,3.6345662384774914e-18,2,0.029262442812762097,8.0,0.005714166999979398,0.922,0.7117632603127806,0.6232536240823136,0.922,
two_moons,synthetic,dense_rbf,0.2,1.1542582661123855,0.2308516532224771,9.382185734742794,2,0.015545994444544606,2,0.029262442812762097,8.0,0.005714166999979398,0.922,0.7117632603127806,0.6232536240823136,0.922,
two_moons,synthetic,dense_rbf,0.2,1.1542582661123855,0.2308516532224771,9.382185734742794,3,0.0448084372573067,2,0.029262442812762097,8.0,0.005714166999979398,0.922,0.7117632603127806,0.6232536240823136,0.922,
two_moons,synthetic,dense_rbf,0.2,1.1542582661123855,0.2308516532224771,9.382185734742794,4,0.06117676470327161,2,0.029262442812762097,8.0,0.005714166999979398,0.922,0.7117632603127806,0.6232536240823136,0.922,
two_moons,synthetic,dense_rbf,0.2,1.1542582661123855,0.2308516532224771,9.382185734742794,5,0.1275624475042803,2,0.029262442812762097,8.0,0.005714166999979398,0.922,0.7117632603127806,0.6232536240823136,0.922,
two_moons,synthetic,dense_rbf,0.2,1.1542582661123855,0.2308516532224771,9.382185734742794,6,0.16295557934453145,2,0.029262442812762097,8.0,0.005714166999979398,0.922,0.7117632603127806,0.6232536240823136,0.922,
two_moons,synthetic,dense_rbf,0.2,1.1542582661123855,0.2308516532224771,9.382185734742794,7,0.2680025901231489,2,0.029262442812762097,8.0,0.005714166999979398,0.922,0.7117632603127806,0.6232536240823136,0.922,
two_moons,synthetic,dense_rbf,0.2,1.1542582661123855,0.2308516532224771,9.382185734742794,8,0.27185721176981126,2,0.029262442812762097,8.0,0.005714166999979398,0.922,0.7117632603127806,0.6232536240823136,0.922,
two_moons,synthetic,dense_rbf,0.2,1.1542582661123855,0.2308516532224771,9.382185734742794,9,0.3934326066708439,2,0.029262442812762097,8.0,0.005714166999979398,0.922,0.7117632603127806,0.6232536240823136,0.922,
two_moons,synthetic,dense_rbf,0.2,1.1542582661123855,0.2308516532224771,9.382185734742794,10,0.41243319704369363,2,0.029262442812762097,8.0,0.005714166999979398,0.922,0.7117632603127806,0.6232536240823136,0.922,
two_moons,synthetic,dense_rbf,0.2,1.1542582661123855,0.2308516532224771,9.382185734742794,11,0.5276365875368393,2,0.029262442812762097,8.0,0.005714166999979398,0.922,0.7117632603127806,0.6232536240823136,0.922,
two_moons,synthetic,dense_rbf,0.2,1.1542582661123855,0.2308516532224771,9.382185734742794,12,0.543561658311338,2,0.029262442812762097,8.0,0.005714166999979398,0.922,0.7117632603127806,0.6232536240823136,0.922,
two_moons,synthetic,dense_rbf,0.35,1.1542582661123855,0.4039903931393349,3.0635708521609137,1,5.862076789985308e-16,2,0.12511469249883553,6.0,0.0044783749999908196,0.812,0.3881501619147762,0.30287697311312367,0.812,
two_moons,synthetic,dense_rbf,0.35,1.1542582661123855,0.4039903931393349,3.0635708521609137,2,0.07694425603729704,2,0.12511469249883553,6.0,0.0044783749999908196,0.812,0.3881501619147762,0.30287697311312367,0.812,
two_moons,synthetic,dense_rbf,0.35,1.1542582661123855,0.4039903931393349,3.0635708521609137,3,0.20205894853613257,2,0.12511469249883553,6.0,0.0044783749999908196,0.812,0.3881501619147762,0.30287697311312367,0.812,
two_moons,synthetic,dense_rbf,0.35,1.1542582661123855,0.4039903931393349,3.0635708521609137,4,0.29222670548099505,2,0.12511469249883553,6.0,0.0044783749999908196,0.812,0.3881501619147762,0.30287697311312367,0.812,
two_moons,synthetic,dense_rbf,0.35,1.1542582661123855,0.4039903931393349,3.0635708521609137,5,0.45396318766230553,2,0.12511469249883553,6.0,0.0044783749999908196,0.812,0.3881501619147762,0.30287697311312367,0.812,
two_moons,synthetic,dense_rbf,0.35,1.1542582661123855,0.4039903931393349,3.0635708521609137,6,0.47699281541951993,2,0.12511469249883553,6.0,0.0044783749999908196,0.812,0.3881501619147762,0.30287697311312367,0.812,
two_moons,synthetic,dense_rbf,0.35,1.1542582661123855,0.4039903931393349,3.0635708521609137,7,0.6509693487375249,2,0.12511469249883553,6.0,0.0044783749999908196,0.812,0.3881501619147762,0.30287697311312367,0.812,
two_moons,synthetic,dense_rbf,0.35,1.1542582661123855,0.4039903931393349,3.0635708521609137,8,0.6698934708303422,2,0.12511469249883553,6.0,0.0044783749999908196,0.812,0.3881501619147762,0.30287697311312367,0.812,
two_moons,synthetic,dense_rbf,0.35,1.1542582661123855,0.4039903931393349,3.0635708521609137,9,0.7996475188866584,2,0.12511469249883553,6.0,0.0044783749999908196,0.812,0.3881501619147762,0.30287697311312367,0.812,
two_moons,synthetic,dense_rbf,0.35,1.1542582661123855,0.4039903931393349,3.0635708521609137,10,0.8057378320029336,2,0.12511469249883553,6.0,0.0044783749999908196,0.812,0.3881501619147762,0.30287697311312367,0.812,
two_moons,synthetic,dense_rbf,0.35,1.1542582661123855,0.4039903931393349,3.0635708521609137,11,0.8922053535746737,2,0.12511469249883553,6.0,0.0044783749999908196,0.812,0.3881501619147762,0.30287697311312367,0.812,
two_moons,synthetic,dense_rbf,0.35,1.1542582661123855,0.4039903931393349,3.0635708521609137,12,0.9032175226721199,2,0.12511469249883553,6.0,0.0044783749999908196,0.812,0.3881501619147762,0.30287697311312367,0.812,
two_moons,synthetic,dense_rbf,0.5,1.1542582661123855,0.5771291330561927,1.5011497175588475,1,1.3045336677834192e-15,2,0.25071450685222835,2.0,0.007895499999989397,0.78,0.31222168674698797,0.23983249703803525,0.78,
two_moons,synthetic,dense_rbf,0.5,1.1542582661123855,0.5771291330561927,1.5011497175588475,2,0.18171480633238335,2,0.25071450685222835,2.0,0.007895499999989397,0.78,0.31222168674698797,0.23983249703803525,0.78,
two_moons,synthetic,dense_rbf,0.5,1.1542582661123855,0.5771291330561927,1.5011497175588475,3,0.4324293131846117,2,0.25071450685222835,2.0,0.007895499999989397,0.78,0.31222168674698797,0.23983249703803525,0.78,
two_moons,synthetic,dense_rbf,0.5,1.1542582661123855,0.5771291330561927,1.5011497175588475,4,0.530101347915169,2,0.25071450685222835,2.0,0.007895499999989397,0.78,0.31222168674698797,0.23983249703803525,0.78,
two_moons,synthetic,dense_rbf,0.5,1.1542582661123855,0.5771291330561927,1.5011497175588475,5,0.7210436529397493,2,0.25071450685222835,2.0,0.007895499999989397,0.78,0.31222168674698797,0.23983249703803525,0.78,
two_moons,synthetic,dense_rbf,0.5,1.1542582661123855,0.5771291330561927,1.5011497175588475,6,0.7508534626469345,2,0.25071450685222835,2.0,0.007895499999989397,0.78,0.31222168674698797,0.23983249703803525,0.78,
two_moons,synthetic,dense_rbf,0.5,1.1542582661123855,0.5771291330561927,1.5011497175588475,7,0.8674456331797626,2,0.25071450685222835,2.0,0.007895499999989397,0.78,0.31222168674698797,0.23983249703803525,0.78,
two_moons,synthetic,dense_rbf,0.5,1.1542582661123855,0.5771291330561927,1.5011497175588475,8,0.8855326241927257,2,0.25071450685222835,2.0,0.007895499999989397,0.78,0.31222168674698797,0.23983249703803525,0.78,
two_moons,synthetic,dense_rbf,0.5,1.1542582661123855,0.5771291330561927,1.5011497175588475,9,0.9517613738076053,2,0.25071450685222835,2.0,0.007895499999989397,0.78,0.31222168674698797,0.23983249703803525,0.78,
two_moons,synthetic,dense_rbf,0.5,1.1542582661123855,0.5771291330561927,1.5011497175588475,10,0.9527879240947903,2,0.25071450685222835,2.0,0.007895499999989397,0.78,0.31222168674698797,0.23983249703803525,0.78,
two_moons,synthetic,dense_rbf,0.5,1.1542582661123855,0.5771291330561927,1.5011497175588475,11,0.984305569603034,2,0.25071450685222835,2.0,0.007895499999989397,0.78,0.31222168674698797,0.23983249703803525,0.78,
two_moons,synthetic,dense_rbf,0.5,1.1542582661123855,0.5771291330561927,1.5011497175588475,12,0.9871031602402649,2,0.25071450685222835,2.0,0.007895499999989397,0.78,0.31222168674698797,0.23983249703803525,0.78,
two_moons,synthetic,dense_rbf,0.7,1.1542582661123855,0.8079807862786698,0.7658927130402284,1,1.3307706059699195e-15,2,0.3407820097374833,1.0,0.005713416999981291,0.764,0.2773366109520323,0.21187988589453186,0.764,
two_moons,synthetic,dense_rbf,0.7,1.1542582661123855,0.8079807862786698,0.7658927130402284,2,0.3448643538926136,2,0.3407820097374833,1.0,0.005713416999981291,0.764,0.2773366109520323,0.21187988589453186,0.764,
two_moons,synthetic,dense_rbf,0.7,1.1542582661123855,0.8079807862786698,0.7658927130402284,3,0.6856463636300969,2,0.3407820097374833,1.0,0.005713416999981291,0.764,0.2773366109520323,0.21187988589453186,0.764,
two_moons,synthetic,dense_rbf,0.7,1.1542582661123855,0.8079807862786698,0.7658927130402284,4,0.733760326163203,2,0.3407820097374833,1.0,0.005713416999981291,0.764,0.2773366109520323,0.21187988589453186,0.764,
two_moons,synthetic,dense_rbf,0.7,1.1542582661123855,0.8079807862786698,0.7658927130402284,5,0.8841462494101612,2,0.3407820097374833,1.0,0.005713416999981291,0.764,0.2773366109520323,0.21187988589453186,0.764,
two_moons,synthetic,dense_rbf,0.7,1.1542582661123855,0.8079807862786698,0.7658927130402284,6,0.9229742937055239,2,0.3407820097374833,1.0,0.005713416999981291,0.764,0.2773366109520323,0.21187988589453186,0.764,
two_moons,synthetic,dense_rbf,0.7,1.1542582661123855,0.8079807862786698,0.7658927130402284,7,0.9655254473066601,2,0.3407820097374833,1.0,0.005713416999981291,0.764,0.2773366109520323,0.21187988589453186,0.764,
two_moons,synthetic,dense_rbf,0.7,1.1542582661123855,0.8079807862786698,0.7658927130402284,8,0.9736211966547643,2,0.3407820097374833,1.0,0.005713416999981291,0.764,0.2773366109520323,0.21187988589453186,0.764,
two_moons,synthetic,dense_rbf,0.7,1.1542582661123855,0.8079807862786698,0.7658927130402284,9,0.9944995785209394,2,0.3407820097374833,1.0,0.005713416999981291,0.764,0.2773366109520323,0.21187988589453186,0.764,
two_moons,synthetic,dense_rbf,0.7,1.1542582661123855,0.8079807862786698,0.7658927130402284,10,0.9956937589533876,2,0.3407820097374833,1.0,0.005713416999981291,0.764,0.2773366109520323,0.21187988589453186,0.764,
two_moons,synthetic,dense_rbf,0.7,1.1542582661123855,0.8079807862786698,0.7658927130402284,11,1.001231534533542,2,0.3407820097374833,1.0,0.005713416999981291,0.764,0.2773366109520323,0.21187988589453186,0.764,
two_moons,synthetic,dense_rbf,0.7,1.1542582661123855,0.8079807862786698,0.7658927130402284,12,1.002483719473439,2,0.3407820097374833,1.0,0.005713416999981291,0.764,0.2773366109520323,0.21187988589453186,0.764,
two_moons,synthetic,dense_rbf,0.7071067811865475,1.1542582661123855,0.8161838472086942,0.750574858779424,1,1.1095265859852426e-15,2,0.34201518476981585,1.0,0.006223167000001695,0.764,0.2773366109520323,0.21187988589453186,0.764,
two_moons,synthetic,dense_rbf,0.7071067811865475,1.1542582661123855,0.8161838472086942,0.750574858779424,2,0.35060064668745927,2,0.34201518476981585,1.0,0.006223167000001695,0.764,0.2773366109520323,0.21187988589453186,0.764,
two_moons,synthetic,dense_rbf,0.7071067811865475,1.1542582661123855,0.8161838472086942,0.750574858779424,3,0.6926158314572751,2,0.34201518476981585,1.0,0.006223167000001695,0.764,0.2773366109520323,0.21187988589453186,0.764,
two_moons,synthetic,dense_rbf,0.7071067811865475,1.1542582661123855,0.8161838472086942,0.750574858779424,4,0.7387452072250077,2,0.34201518476981585,1.0,0.006223167000001695,0.764,0.2773366109520323,0.21187988589453186,0.764,
two_moons,synthetic,dense_rbf,0.7071067811865475,1.1542582661123855,0.8161838472086942,0.750574858779424,5,0.8876023856468412,2,0.34201518476981585,1.0,0.006223167000001695,0.764,0.2773366109520323,0.21187988589453186,0.764,
two_moons,synthetic,dense_rbf,0.7071067811865475,1.1542582661123855,0.8161838472086942,0.750574858779424,6,0.9261955102477737,2,0.34201518476981585,1.0,0.006223167000001695,0.764,0.2773366109520323,0.21187988589453186,0.764,
two_moons,synthetic,dense_rbf,0.7071067811865475,1.1542582661123855,0.8161838472086942,0.750574858779424,7,0.9671539922683187,2,0.34201518476981585,1.0,0.006223167000001695,0.764,0.2773366109520323,0.21187988589453186,0.764,
two_moons,synthetic,dense_rbf,0.7071067811865475,1.1542582661123855,0.8161838472086942,0.750574858779424,8,0.9749216542636241,2,0.34201518476981585,1.0,0.006223167000001695,0.764,0.2773366109520323,0.21187988589453186,0.764,
two_moons,synthetic,dense_rbf,0.7071067811865475,1.1542582661123855,0.8161838472086942,0.750574858779424,9,0.994995063123572,2,0.34201518476981585,1.0,0.006223167000001695,0.764,0.2773366109520323,0.21187988589453186,0.764,
two_moons,synthetic,dense_rbf,0.7071067811865475,1.1542582661123855,0.8161838472086942,0.750574858779424,10,0.9961914759021595,2,0.34201518476981585,1.0,0.006223167000001695,0.764,0.2773366109520323,0.21187988589453186,0.764,
two_moons,synthetic,dense_rbf,0.7071067811865475,1.1542582661123855,0.8161838472086942,0.750574858779424,11,1.0013737535424894,2,0.34201518476981585,1.0,0.006223167000001695,0.764,0.2773366109520323,0.21187988589453186,0.764,
two_moons,synthetic,dense_rbf,0.7071067811865475,1.1542582661123855,0.8161838472086942,0.750574858779424,12,1.0025884272315988,2,0.34201518476981585,1.0,0.006223167000001695,0.764,0.2773366109520323,0.21187988589453186,0.764,
two_moons,synthetic,dense_rbf,1.0,1.1542582661123855,1.1542582661123855,0.3752874293897119,1,-6.661338147750939e-16,2,0.30944588050140065,1.0,0.00426041600002236,0.744,0.23661416867469878,0.17934987080228953,0.744,
two_moons,synthetic,dense_rbf,1.0,1.1542582661123855,1.1542582661123855,0.3752874293897119,2,0.5578669304371651,2,0.30944588050140065,1.0,0.00426041600002236,0.744,0.23661416867469878,0.17934987080228953,0.744,
two_moons,synthetic,dense_rbf,1.0,1.1542582661123855,1.1542582661123855,0.3752874293897119,3,0.8673128109385657,2,0.30944588050140065,1.0,0.00426041600002236,0.744,0.23661416867469878,0.17934987080228953,0.744,
two_moons,synthetic,dense_rbf,1.0,1.1542582661123855,1.1542582661123855,0.3752874293897119,4,0.879399806856145,2,0.30944588050140065,1.0,0.00426041600002236,0.744,0.23661416867469878,0.17934987080228953,0.744,
two_moons,synthetic,dense_rbf,1.0,1.1542582661123855,1.1542582661123855,0.3752874293897119,5,0.9650291302001128,2,0.30944588050140065,1.0,0.00426041600002236,0.744,0.23661416867469878,0.17934987080228953,0.744,
two_moons,synthetic,dense_rbf,1.0,1.1542582661123855,1.1542582661123855,0.3752874293897119,6,0.9877014618805074,2,0.30944588050140065,1.0,0.00426041600002236,0.744,0.23661416867469878,0.17934987080228953,0.744,
two_moons,synthetic,dense_rbf,1.0,1.1542582661123855,1.1542582661123855,0.3752874293897119,7,0.9964228522901504,2,0.30944588050140065,1.0,0.00426041600002236,0.744,0.23661416867469878,0.17934987080228953,0.744,
two_moons,synthetic,dense_rbf,1.0,1.1542582661123855,1.1542582661123855,0.3752874293897119,8,0.9969796559062262,2,0.30944588050140065,1.0,0.00426041600002236,0.744,0.23661416867469878,0.17934987080228953,0.744,
two_moons,synthetic,dense_rbf,1.0,1.1542582661123855,1.1542582661123855,0.3752874293897119,9,1.0020373858952025,2,0.30944588050140065,1.0,0.00426041600002236,0.744,0.23661416867469878,0.17934987080228953,0.744,
two_moons,synthetic,dense_rbf,1.0,1.1542582661123855,1.1542582661123855,0.3752874293897119,10,1.002637578284921,2,0.30944588050140065,1.0,0.00426041600002236,0.744,0.23661416867469878,0.17934987080228953,0.744,
two_moons,synthetic,dense_rbf,1.0,1.1542582661123855,1.1542582661123855,0.3752874293897119,11,1.0028366579069186,2,0.30944588050140065,1.0,0.00426041600002236,0.744,0.23661416867469878,0.17934987080228953,0.744,
two_moons,synthetic,dense_rbf,1.0,1.1542582661123855,1.1542582661123855,0.3752874293897119,12,1.0028638656921622,2,0.30944588050140065,1.0,0.00426041600002236,0.744,0.23661416867469878,0.17934987080228953,0.744,
two_moons,synthetic,dense_rbf,1.4,1.1542582661123855,1.6159615725573395,0.1914731782600571,1,8.881784197001252e-16,2,0.1982988394905344,1.0,0.004282375000002503,0.738,0.22502296465789673,0.17025493592226687,0.738,
two_moons,synthetic,dense_rbf,1.4,1.1542582661123855,1.6159615725573395,0.1914731782600571,2,0.7348061669477359,2,0.1982988394905344,1.0,0.004282375000002503,0.738,0.22502296465789673,0.17025493592226687,0.738,
two_moons,synthetic,dense_rbf,1.4,1.1542582661123855,1.6159615725573395,0.1914731782600571,3,0.9331050064382703,2,0.1982988394905344,1.0,0.004282375000002503,0.738,0.22502296465789673,0.17025493592226687,0.738,
two_moons,synthetic,dense_rbf,1.4,1.1542582661123855,1.6159615725573395,0.1914731782600571,4,0.9627405926727113,2,0.1982988394905344,1.0,0.004282375000002503,0.738,0.22502296465789673,0.17025493592226687,0.738,
two_moons,synthetic,dense_rbf,1.4,1.1542582661123855,1.6159615725573395,0.1914731782600571,5,0.9914688097785993,2,0.1982988394905344,1.0,0.004282375000002503,0.738,0.22502296465789673,0.17025493592226687,0.738,
two_moons,synthetic,dense_rbf,1.4,1.1542582661123855,1.6159615725573395,0.1914731782600571,6,1.0002661885742332,2,0.1982988394905344,1.0,0.004282375000002503,0.738,0.22502296465789673,0.17025493592226687,0.738,
two_moons,synthetic,dense_rbf,1.4,1.1542582661123855,1.6159615725573395,0.1914731782600571,7,1.001154171865271,2,0.1982988394905344,1.0,0.004282375000002503,0.738,0.22502296465789673,0.17025493592226687,0.738,
two_moons,synthetic,dense_rbf,1.4,1.1542582661123855,1.6159615725573395,0.1914731782600571,8,1.0017210644379242,2,0.1982988394905344,1.0,0.004282375000002503,0.738,0.22502296465789673,0.17025493592226687,0.738,
two_moons,synthetic,dense_rbf,1.4,1.1542582661123855,1.6159615725573395,0.1914731782600571,9,1.002428995366845,2,0.1982988394905344,1.0,0.004282375000002503,0.738,0.22502296465789673,0.17025493592226687,0.738,
two_moons,synthetic,dense_rbf,1.4,1.1542582661123855,1.6159615725573395,0.1914731782600571,10,1.0024381668917108,2,0.1982988394905344,1.0,0.004282375000002503,0.738,0.22502296465789673,0.17025493592226687,0.738,
two_moons,synthetic,dense_rbf,1.4,1.1542582661123855,1.6159615725573395,0.1914731782600571,11,1.0024411187332696,2,0.1982988394905344,1.0,0.004282375000002503,0.738,0.22502296465789673,0.17025493592226687,0.738,
two_moons,synthetic,dense_rbf,1.4,1.1542582661123855,1.6159615725573395,0.1914731782600571,12,1.0024420412102741,2,0.1982988394905344,1.0,0.004282375000002503,0.738,0.22502296465789673,0.17025493592226687,0.738,
two_moons,synthetic,dense_rbf,2.0,1.1542582661123855,2.308516532224771,0.09382185734742797,1,-2.220446049250313e-16,2,0.10846151001016979,1.0,0.004400042000014537,0.738,0.22502296465789673,0.17025493592226687,0.738,
two_moons,synthetic,dense_rbf,2.0,1.1542582661123855,2.308516532224771,0.09382185734742797,2,0.8597687550837393,2,0.10846151001016979,1.0,0.004400042000014537,0.738,0.22502296465789673,0.17025493592226687,0.738,
two_moons,synthetic,dense_rbf,2.0,1.1542582661123855,2.308516532224771,0.09382185734742797,3,0.9682302650939091,2,0.10846151001016979,1.0,0.004400042000014537,0.738,0.22502296465789673,0.17025493592226687,0.738,
two_moons,synthetic,dense_rbf,2.0,1.1542582661123855,2.308516532224771,0.09382185734742797,4,0.9918665993773267,2,0.10846151001016979,1.0,0.004400042000014537,0.738,0.22502296465789673,0.17025493592226687,0.738,
two_moons,synthetic,dense_rbf,2.0,1.1542582661123855,2.308516532224771,0.09382185734742797,5,0.999538190170616,2,0.10846151001016979,1.0,0.004400042000014537,0.738,0.22502296465789673,0.17025493592226687,0.738,
two_moons,synthetic,dense_rbf,2.0,1.1542582661123855,2.308516532224771,0.09382185734742797,6,1.001975605436675,2,0.10846151001016979,1.0,0.004400042000014537,0.738,0.22502296465789673,0.17025493592226687,0.738,
two_moons,synthetic,dense_rbf,2.0,1.1542582661123855,2.308516532224771,0.09382185734742797,7,1.0020545829611749,2,0.10846151001016979,1.0,0.004400042000014537,0.738,0.22502296465789673,0.17025493592226687,0.738,
two_moons,synthetic,dense_rbf,2.0,1.1542582661123855,2.308516532224771,0.09382185734742797,8,1.00220875277353,2,0.10846151001016979,1.0,0.004400042000014537,0.738,0.22502296465789673,0.17025493592226687,0.738,
two_moons,synthetic,dense_rbf,2.0,1.1542582661123855,2.308516532224771,0.09382185734742797,9,1.0022139856222552,2,0.10846151001016979,1.0,0.004400042000014537,0.738,0.22502296465789673,0.17025493592226687,0.738,
two_moons,synthetic,dense_rbf,2.0,1.1542582661123855,2.308516532224771,0.09382185734742797,10,1.002214235557932,2,0.10846151001016979,1.0,0.004400042000014537,0.738,0.22502296465789673,0.17025493592226687,0.738,
two_moons,synthetic,dense_rbf,2.0,1.1542582661123855,2.308516532224771,0.09382185734742797,11,1.0022151872622265,2,0.10846151001016979,1.0,0.004400042000014537,0.738,0.22502296465789673,0.17025493592226687,0.738,
two_moons,synthetic,dense_rbf,2.0,1.1542582661123855,2.308516532224771,0.09382185734742797,12,1.0022166945629107,2,0.10846151001016979,1.0,0.004400042000014537,0.738,0.22502296465789673,0.17025493592226687,0.738,
two_moons,synthetic,dense_rbf,3.0,1.1542582661123855,3.4627747983371564,0.041698603265523534,1,2.220446049250313e-16,2,0.050801294082871484,1.0,0.0058780420000061895,0.734,0.21745600137818433,0.16437152750140568,0.734,
two_moons,synthetic,dense_rbf,3.0,1.1542582661123855,3.4627747983371564,0.041698603265523534,2,0.936191933524282,2,0.050801294082871484,1.0,0.0058780420000061895,0.734,0.21745600137818433,0.16437152750140568,0.734,
two_moons,synthetic,dense_rbf,3.0,1.1542582661123855,3.4627747983371564,0.041698603265523534,3,0.9869932276071535,2,0.050801294082871484,1.0,0.0058780420000061895,0.734,0.21745600137818433,0.16437152750140568,0.734,
two_moons,synthetic,dense_rbf,3.0,1.1542582661123855,3.4627747983371564,0.041698603265523534,4,1.00003291108373,2,0.050801294082871484,1.0,0.0058780420000061895,0.734,0.21745600137818433,0.16437152750140568,0.734,
two_moons,synthetic,dense_rbf,3.0,1.1542582661123855,3.4627747983371564,0.041698603265523534,5,1.0016079418658907,2,0.050801294082871484,1.0,0.0058780420000061895,0.734,0.21745600137818433,0.16437152750140568,0.734,
two_moons,synthetic,dense_rbf,3.0,1.1542582661123855,3.4627747983371564,0.041698603265523534,6,1.002072444333333,2,0.050801294082871484,1.0,0.0058780420000061895,0.734,0.21745600137818433,0.16437152750140568,0.734,
two_moons,synthetic,dense_rbf,3.0,1.1542582661123855,3.4627747983371564,0.041698603265523534,7,1.0020941482774757,2,0.050801294082871484,1.0,0.0058780420000061895,0.734,0.21745600137818433,0.16437152750140568,0.734,
two_moons,synthetic,dense_rbf,3.0,1.1542582661123855,3.4627747983371564,0.041698603265523534,8,1.0020963544992807,2,0.050801294082871484,1.0,0.0058780420000061895,0.734,0.21745600137818433,0.16437152750140568,0.734,
two_moons,synthetic,dense_rbf,3.0,1.1542582661123855,3.4627747983371564,0.041698603265523534,9,1.002096603220742,2,0.050801294082871484,1.0,0.0058780420000061895,0.734,0.21745600137818433,0.16437152750140568,0.734,
two_moons,synthetic,dense_rbf,3.0,1.1542582661123855,3.4627747983371564,0.041698603265523534,10,1.0020968194166182,2,0.050801294082871484,1.0,0.0058780420000061895,0.734,0.21745600137818433,0.16437152750140568,0.734,
two_moons,synthetic,dense_rbf,3.0,1.1542582661123855,3.4627747983371564,0.041698603265523534,11,1.0020979523974922,2,0.050801294082871484,1.0,0.0058780420000061895,0.734,0.21745600137818433,0.16437152750140568,0.734,
two_moons,synthetic,dense_rbf,3.0,1.1542582661123855,3.4627747983371564,0.041698603265523534,12,1.0020980107685409,2,0.050801294082871484,1.0,0.0058780420000061895,0.734,0.21745600137818433,0.16437152750140568,0.734,
two_moons,synthetic,dense_rbf,5.0,1.1542582661123855,5.771291330561928,0.015011497175588471,1,-2.220446049250313e-16,2,0.018744065119917663,1.0,0.004366375000017797,0.73,0.2100168928508629,0.15853937642080979,0.73,
two_moons,synthetic,dense_rbf,5.0,1.1542582661123855,5.771291330561928,0.015011497175588471,2,0.9778563129430716,2,0.018744065119917663,1.0,0.004366375000017797,0.73,0.2100168928508629,0.15853937642080979,0.73,
two_moons,synthetic,dense_rbf,5.0,1.1542582661123855,5.771291330561928,0.015011497175588471,3,0.9966003780629893,2,0.018744065119917663,1.0,0.004366375000017797,0.73,0.2100168928508629,0.15853937642080979,0.73,
two_moons,synthetic,dense_rbf,5.0,1.1542582661123855,5.771291330561928,0.015011497175588471,4,1.001791304392057,2,0.018744065119917663,1.0,0.004366375000017797,0.73,0.2100168928508629,0.15853937642080979,0.73,
two_moons,synthetic,dense_rbf,5.0,1.1542582661123855,5.771291330561928,0.015011497175588471,5,1.0019931748931141,2,0.018744065119917663,1.0,0.004366375000017797,0.73,0.2100168928508629,0.15853937642080979,0.73,
two_moons,synthetic,dense_rbf,5.0,1.1542582661123855,5.771291330561928,0.015011497175588471,6,1.0020362348405227,2,0.018744065119917663,1.0,0.004366375000017797,0.73,0.2100168928508629,0.15853937642080979,0.73,
two_moons,synthetic,dense_rbf,5.0,1.1542582661123855,5.771291330561928,0.015011497175588471,7,1.0020370519944604,2,0.018744065119917663,1.0,0.004366375000017797,0.73,0.2100168928508629,0.15853937642080979,0.73,
two_moons,synthetic,dense_rbf,5.0,1.1542582661123855,5.771291330561928,0.015011497175588471,8,1.0020371477660375,2,0.018744065119917663,1.0,0.004366375000017797,0.73,0.2100168928508629,0.15853937642080979,0.73,
two_moons,synthetic,dense_rbf,5.0,1.1542582661123855,5.771291330561928,0.015011497175588471,9,1.0020371918160609,2,0.018744065119917663,1.0,0.004366375000017797,0.73,0.2100168928508629,0.15853937642080979,0.73,
two_moons,synthetic,dense_rbf,5.0,1.1542582661123855,5.771291330561928,0.015011497175588471,10,1.0020376195778673,2,0.018744065119917663,1.0,0.004366375000017797,0.73,0.2100168928508629,0.15853937642080979,0.73,
two_moons,synthetic,dense_rbf,5.0,1.1542582661123855,5.771291330561928,0.015011497175588471,11,1.0020376442799468,2,0.018744065119917663,1.0,0.004366375000017797,0.73,0.2100168928508629,0.15853937642080979,0.73,
two_moons,synthetic,dense_rbf,5.0,1.1542582661123855,5.771291330561928,0.015011497175588471,12,1.002037689420606,2,0.018744065119917663,1.0,0.004366375000017797,0.73,0.2100168928508629,0.15853937642080979,0.73,
two_moons,synthetic,knn_rbf,0.1,0.08807835121027044,0.008807835121027044,6445.129558689536,1,,2,,,0.0016347920000043814,,,,,"ARPACK error -1: No convergence (5001 iterations, 0/12 eigenvectors converged)"
two_moons,synthetic,knn_rbf,0.1,0.08807835121027044,0.008807835121027044,6445.129558689536,2,,2,,,0.0016347920000043814,,,,,"ARPACK error -1: No convergence (5001 iterations, 0/12 eigenvectors converged)"
two_moons,synthetic,knn_rbf,0.1,0.08807835121027044,0.008807835121027044,6445.129558689536,3,,2,,,0.0016347920000043814,,,,,"ARPACK error -1: No convergence (5001 iterations, 0/12 eigenvectors converged)"
two_moons,synthetic,knn_rbf,0.1,0.08807835121027044,0.008807835121027044,6445.129558689536,4,,2,,,0.0016347920000043814,,,,,"ARPACK error -1: No convergence (5001 iterations, 0/12 eigenvectors converged)"
two_moons,synthetic,knn_rbf,0.1,0.08807835121027044,0.008807835121027044,6445.129558689536,5,,2,,,0.0016347920000043814,,,,,"ARPACK error -1: No convergence (5001 iterations, 0/12 eigenvectors converged)"
two_moons,synthetic,knn_rbf,0.1,0.08807835121027044,0.008807835121027044,6445.129558689536,6,,2,,,0.0016347920000043814,,,,,"ARPACK error -1: No convergence (5001 iterations, 0/12 eigenvectors converged)"
two_moons,synthetic,knn_rbf,0.1,0.08807835121027044,0.008807835121027044,6445.129558689536,7,,2,,,0.0016347920000043814,,,,,"ARPACK error -1: No convergence (5001 iterations, 0/12 eigenvectors converged)"
two_moons,synthetic,knn_rbf,0.1,0.08807835121027044,0.008807835121027044,6445.129558689536,8,,2,,,0.0016347920000043814,,,,,"ARPACK error -1: No convergence (5001 iterations, 0/12 eigenvectors converged)"
two_moons,synthetic,knn_rbf,0.1,0.08807835121027044,0.008807835121027044,6445.129558689536,9,,2,,,0.0016347920000043814,,,,,"ARPACK error -1: No convergence (5001 iterations, 0/12 eigenvectors converged)"
two_moons,synthetic,knn_rbf,0.1,0.08807835121027044,0.008807835121027044,6445.129558689536,10,,2,,,0.0016347920000043814,,,,,"ARPACK error -1: No convergence (5001 iterations, 0/12 eigenvectors converged)"
two_moons,synthetic,knn_rbf,0.1,0.08807835121027044,0.008807835121027044,6445.129558689536,11,,2,,,0.0016347920000043814,,,,,"ARPACK error -1: No convergence (5001 iterations, 0/12 eigenvectors converged)"
two_moons,synthetic,knn_rbf,0.1,0.08807835121027044,0.008807835121027044,6445.129558689536,12,,2,,,0.0016347920000043814,,,,,"ARPACK error -1: No convergence (5001 iterations, 0/12 eigenvectors converged)"
two_moons,synthetic,knn_rbf,0.2,0.08807835121027044,0.01761567024205409,1611.282389672384,1,,2,,,0.0010469590000070639,,,,,"ARPACK error -1: No convergence (5001 iterations, 0/12 eigenvectors converged)"
two_moons,synthetic,knn_rbf,0.2,0.08807835121027044,0.01761567024205409,1611.282389672384,2,,2,,,0.0010469590000070639,,,,,"ARPACK error -1: No convergence (5001 iterations, 0/12 eigenvectors converged)"
two_moons,synthetic,knn_rbf,0.2,0.08807835121027044,0.01761567024205409,1611.282389672384,3,,2,,,0.0010469590000070639,,,,,"ARPACK error -1: No convergence (5001 iterations, 0/12 eigenvectors converged)"
two_moons,synthetic,knn_rbf,0.2,0.08807835121027044,0.01761567024205409,1611.282389672384,4,,2,,,0.0010469590000070639,,,,,"ARPACK error -1: No convergence (5001 iterations, 0/12 eigenvectors converged)"
two_moons,synthetic,knn_rbf,0.2,0.08807835121027044,0.01761567024205409,1611.282389672384,5,,2,,,0.0010469590000070639,,,,,"ARPACK error -1: No convergence (5001 iterations, 0/12 eigenvectors converged)"
two_moons,synthetic,knn_rbf,0.2,0.08807835121027044,0.01761567024205409,1611.282389672384,6,,2,,,0.0010469590000070639,,,,,"ARPACK error -1: No convergence (5001 iterations, 0/12 eigenvectors converged)"
two_moons,synthetic,knn_rbf,0.2,0.08807835121027044,0.01761567024205409,1611.282389672384,7,,2,,,0.0010469590000070639,,,,,"ARPACK error -1: No convergence (5001 iterations, 0/12 eigenvectors converged)"
two_moons,synthetic,knn_rbf,0.2,0.08807835121027044,0.01761567024205409,1611.282389672384,8,,2,,,0.0010469590000070639,,,,,"ARPACK error -1: No convergence (5001 iterations, 0/12 eigenvectors converged)"
two_moons,synthetic,knn_rbf,0.2,0.08807835121027044,0.01761567024205409,1611.282389672384,9,,2,,,0.0010469590000070639,,,,,"ARPACK error -1: No convergence (5001 iterations, 0/12 eigenvectors converged)"
two_moons,synthetic,knn_rbf,0.2,0.08807835121027044,0.01761567024205409,1611.282389672384,10,,2,,,0.0010469590000070639,,,,,"ARPACK error -1: No convergence (5001 iterations, 0/12 eigenvectors converged)"
two_moons,synthetic,knn_rbf,0.2,0.08807835121027044,0.01761567024205409,1611.282389672384,11,,2,,,0.0010469590000070639,,,,,"ARPACK error -1: No convergence (5001 iterations, 0/12 eigenvectors converged)"
two_moons,synthetic,knn_rbf,0.2,0.08807835121027044,0.01761567024205409,1611.282389672384,12,,2,,,0.0010469590000070639,,,,,"ARPACK error -1: No convergence (5001 iterations, 0/12 eigenvectors converged)"
two_moons,synthetic,knn_rbf,0.35,0.08807835121027044,0.030827422923594652,526.1330251991459,1,-4.9281537054215114e-18,2,0.00012940343613440097,10.0,0.0008982909999986077,1.0,1.0,1.0,1.0,
two_moons,synthetic,knn_rbf,0.35,0.08807835121027044,0.030827422923594652,526.1330251991459,2,7.842874970589943e-17,2,0.00012940343613440097,10.0,0.0008982909999986077,1.0,1.0,1.0,1.0,
two_moons,synthetic,knn_rbf,0.35,0.08807835121027044,0.030827422923594652,526.1330251991459,3,0.0001294034361344794,2,0.00012940343613440097,10.0,0.0008982909999986077,1.0,1.0,1.0,1.0,
two_moons,synthetic,knn_rbf,0.35,0.08807835121027044,0.030827422923594652,526.1330251991459,4,0.00020834314600127947,2,0.00012940343613440097,10.0,0.0008982909999986077,1.0,1.0,1.0,1.0,
two_moons,synthetic,knn_rbf,0.35,0.08807835121027044,0.030827422923594652,526.1330251991459,5,0.0005944909456468527,2,0.00012940343613440097,10.0,0.0008982909999986077,1.0,1.0,1.0,1.0,
two_moons,synthetic,knn_rbf,0.35,0.08807835121027044,0.030827422923594652,526.1330251991459,6,0.0006574463492638035,2,0.00012940343613440097,10.0,0.0008982909999986077,1.0,1.0,1.0,1.0,
two_moons,synthetic,knn_rbf,0.35,0.08807835121027044,0.030827422923594652,526.1330251991459,7,0.0009779729639048643,2,0.00012940343613440097,10.0,0.0008982909999986077,1.0,1.0,1.0,1.0,
two_moons,synthetic,knn_rbf,0.35,0.08807835121027044,0.030827422923594652,526.1330251991459,8,0.0010231413463614681,2,0.00012940343613440097,10.0,0.0008982909999986077,1.0,1.0,1.0,1.0,
two_moons,synthetic,knn_rbf,0.35,0.08807835121027044,0.030827422923594652,526.1330251991459,9,0.0014553262966278701,2,0.00012940343613440097,10.0,0.0008982909999986077,1.0,1.0,1.0,1.0,
two_moons,synthetic,knn_rbf,0.35,0.08807835121027044,0.030827422923594652,526.1330251991459,10,0.0016478294322876223,2,0.00012940343613440097,10.0,0.0008982909999986077,1.0,1.0,1.0,1.0,
two_moons,synthetic,knn_rbf,0.35,0.08807835121027044,0.030827422923594652,526.1330251991459,11,0.002154108501010125,2,0.00012940343613440097,10.0,0.0008982909999986077,1.0,1.0,1.0,1.0,
two_moons,synthetic,knn_rbf,0.35,0.08807835121027044,0.030827422923594652,526.1330251991459,12,0.0027420177310978856,2,0.00012940343613440097,10.0,0.0008982909999986077,1.0,1.0,1.0,1.0,
two_moons,synthetic,knn_rbf,0.5,0.08807835121027044,0.04403917560513522,257.8051823475815,1,9.941392904934533e-17,2,0.0004921021568280761,10.0,0.0008723750000001473,1.0,1.0,1.0,1.0,
two_moons,synthetic,knn_rbf,0.5,0.08807835121027044,0.04403917560513522,257.8051823475815,2,1.3512235121648264e-10,2,0.0004921021568280761,10.0,0.0008723750000001473,1.0,1.0,1.0,1.0,
two_moons,synthetic,knn_rbf,0.5,0.08807835121027044,0.04403917560513522,257.8051823475815,3,0.0004921022919504274,2,0.0004921021568280761,10.0,0.0008723750000001473,1.0,1.0,1.0,1.0,
two_moons,synthetic,knn_rbf,0.5,0.08807835121027044,0.04403917560513522,257.8051823475815,4,0.0006904332120586514,2,0.0004921021568280761,10.0,0.0008723750000001473,1.0,1.0,1.0,1.0,
two_moons,synthetic,knn_rbf,0.5,0.08807835121027044,0.04403917560513522,257.8051823475815,5,0.0021744039415247615,2,0.0004921021568280761,10.0,0.0008723750000001473,1.0,1.0,1.0,1.0,
two_moons,synthetic,knn_rbf,0.5,0.08807835121027044,0.04403917560513522,257.8051823475815,6,0.0026690829836867095,2,0.0004921021568280761,10.0,0.0008723750000001473,1.0,1.0,1.0,1.0,
two_moons,synthetic,knn_rbf,0.5,0.08807835121027044,0.04403917560513522,257.8051823475815,7,0.004770084669017958,2,0.0004921021568280761,10.0,0.0008723750000001473,1.0,1.0,1.0,1.0,
two_moons,synthetic,knn_rbf,0.5,0.08807835121027044,0.04403917560513522,257.8051823475815,8,0.005201941519852885,2,0.0004921021568280761,10.0,0.0008723750000001473,1.0,1.0,1.0,1.0,
two_moons,synthetic,knn_rbf,0.5,0.08807835121027044,0.04403917560513522,257.8051823475815,9,0.0074623144277284024,2,0.0004921021568280761,10.0,0.0008723750000001473,1.0,1.0,1.0,1.0,
two_moons,synthetic,knn_rbf,0.5,0.08807835121027044,0.04403917560513522,257.8051823475815,10,0.009103820442295761,2,0.0004921021568280761,10.0,0.0008723750000001473,1.0,1.0,1.0,1.0,
two_moons,synthetic,knn_rbf,0.5,0.08807835121027044,0.04403917560513522,257.8051823475815,11,0.011715879847943117,2,0.0004921021568280761,10.0,0.0008723750000001473,1.0,1.0,1.0,1.0,
two_moons,synthetic,knn_rbf,0.5,0.08807835121027044,0.04403917560513522,257.8051823475815,12,0.013457195316807008,2,0.0004921021568280761,10.0,0.0008723750000001473,1.0,1.0,1.0,1.0,
two_moons,synthetic,knn_rbf,0.7,0.08807835121027044,0.061654845847189305,131.53325629978647,1,7.295636641577608e-17,2,0.0010653025802949538,10.0,0.0015442079999843372,1.0,1.0,1.0,1.0,
two_moons,synthetic,knn_rbf,0.7,0.08807835121027044,0.061654845847189305,131.53325629978647,2,4.836348981962344e-07,2,0.0010653025802949538,10.0,0.0015442079999843372,1.0,1.0,1.0,1.0,
two_moons,synthetic,knn_rbf,0.7,0.08807835121027044,0.061654845847189305,131.53325629978647,3,0.00106578621519315,2,0.0010653025802949538,10.0,0.0015442079999843372,1.0,1.0,1.0,1.0,
two_moons,synthetic,knn_rbf,0.7,0.08807835121027044,0.061654845847189305,131.53325629978647,4,0.0012294560526875937,2,0.0010653025802949538,10.0,0.0015442079999843372,1.0,1.0,1.0,1.0,
two_moons,synthetic,knn_rbf,0.7,0.08807835121027044,0.061654845847189305,131.53325629978647,5,0.004506890336922564,2,0.0010653025802949538,10.0,0.0015442079999843372,1.0,1.0,1.0,1.0,
two_moons,synthetic,knn_rbf,0.7,0.08807835121027044,0.061654845847189305,131.53325629978647,6,0.004811509133931246,2,0.0010653025802949538,10.0,0.0015442079999843372,1.0,1.0,1.0,1.0,
two_moons,synthetic,knn_rbf,0.7,0.08807835121027044,0.061654845847189305,131.53325629978647,7,0.009651719758455605,2,0.0010653025802949538,10.0,0.0015442079999843372,1.0,1.0,1.0,1.0,
two_moons,synthetic,knn_rbf,0.7,0.08807835121027044,0.061654845847189305,131.53325629978647,8,0.01006089979285184,2,0.0010653025802949538,10.0,0.0015442079999843372,1.0,1.0,1.0,1.0,
two_moons,synthetic,knn_rbf,0.7,0.08807835121027044,0.061654845847189305,131.53325629978647,9,0.0164842620383447,2,0.0010653025802949538,10.0,0.0015442079999843372,1.0,1.0,1.0,1.0,
two_moons,synthetic,knn_rbf,0.7,0.08807835121027044,0.061654845847189305,131.53325629978647,10,0.016912850835980927,2,0.0010653025802949538,10.0,0.0015442079999843372,1.0,1.0,1.0,1.0,
two_moons,synthetic,knn_rbf,0.7,0.08807835121027044,0.061654845847189305,131.53325629978647,11,0.025456255038733954,2,0.0010653025802949538,10.0,0.0015442079999843372,1.0,1.0,1.0,1.0,
two_moons,synthetic,knn_rbf,0.7,0.08807835121027044,0.061654845847189305,131.53325629978647,12,0.025477931037241885,2,0.0010653025802949538,10.0,0.0015442079999843372,1.0,1.0,1.0,1.0,
two_moons,synthetic,knn_rbf,0.7071067811865475,0.08807835121027044,0.06228079941651258,128.90259117379074,1,-1.0983735042506695e-16,2,0.0010833601654855033,10.0,0.001751374999997779,1.0,1.0,1.0,1.0,
two_moons,synthetic,knn_rbf,0.7071067811865475,0.08807835121027044,0.06228079941651258,128.90259117379074,2,5.720381721402056e-07,2,0.0010833601654855033,10.0,0.001751374999997779,1.0,1.0,1.0,1.0,
two_moons,synthetic,knn_rbf,0.7071067811865475,0.08807835121027044,0.06228079941651258,128.90259117379074,3,0.0010839322036576436,2,0.0010833601654855033,10.0,0.001751374999997779,1.0,1.0,1.0,1.0,
two_moons,synthetic,knn_rbf,0.7071067811865475,0.08807835121027044,0.06228079941651258,128.90259117379074,4,0.001244533774668703,2,0.0010833601654855033,10.0,0.001751374999997779,1.0,1.0,1.0,1.0,
two_moons,synthetic,knn_rbf,0.7071067811865475,0.08807835121027044,0.06228079941651258,128.90259117379074,5,0.004577505307480066,2,0.0010833601654855033,10.0,0.001751374999997779,1.0,1.0,1.0,1.0,
two_moons,synthetic,knn_rbf,0.7071067811865475,0.08807835121027044,0.06228079941651258,128.90259117379074,6,0.0048715716315887,2,0.0010833601654855033,10.0,0.001751374999997779,1.0,1.0,1.0,1.0,
two_moons,synthetic,knn_rbf,0.7071067811865475,0.08807835121027044,0.06228079941651258,128.90259117379074,7,0.00978302778232458,2,0.0010833601654855033,10.0,0.001751374999997779,1.0,1.0,1.0,1.0,
two_moons,synthetic,knn_rbf,0.7071067811865475,0.08807835121027044,0.06228079941651258,128.90259117379074,8,0.010219653241189175,2,0.0010833601654855033,10.0,0.001751374999997779,1.0,1.0,1.0,1.0,
two_moons,synthetic,knn_rbf,0.7071067811865475,0.08807835121027044,0.06228079941651258,128.90259117379074,9,0.01675501677999986,2,0.0010833601654855033,10.0,0.001751374999997779,1.0,1.0,1.0,1.0,
two_moons,synthetic,knn_rbf,0.7071067811865475,0.08807835121027044,0.06228079941651258,128.90259117379074,10,0.017137428749444468,2,0.0010833601654855033,10.0,0.001751374999997779,1.0,1.0,1.0,1.0,
two_moons,synthetic,knn_rbf,0.7071067811865475,0.08807835121027044,0.06228079941651258,128.90259117379074,11,0.025835503206843788,2,0.0010833601654855033,10.0,0.001751374999997779,1.0,1.0,1.0,1.0,
two_moons,synthetic,knn_rbf,0.7071067811865475,0.08807835121027044,0.06228079941651258,128.90259117379074,12,0.025868390500270618,2,0.0010833601654855033,10.0,0.001751374999997779,1.0,1.0,1.0,1.0,
two_moons,synthetic,knn_rbf,1.0,0.08807835121027044,0.08807835121027044,64.45129558689537,1,-5.1645347062337084e-17,2,0.0016264187854939445,10.0,0.0015602080000007845,1.0,1.0,1.0,1.0,
two_moons,synthetic,knn_rbf,1.0,0.08807835121027044,0.08807835121027044,64.45129558689537,2,3.124550760473908e-05,2,0.0016264187854939445,10.0,0.0015602080000007845,1.0,1.0,1.0,1.0,
two_moons,synthetic,knn_rbf,1.0,0.08807835121027044,0.08807835121027044,64.45129558689537,3,0.0016576642930986837,2,0.0016264187854939445,10.0,0.0015602080000007845,1.0,1.0,1.0,1.0,
two_moons,synthetic,knn_rbf,1.0,0.08807835121027044,0.08807835121027044,64.45129558689537,4,0.001666641834128599,2,0.0016264187854939445,10.0,0.0015602080000007845,1.0,1.0,1.0,1.0,
two_moons,synthetic,knn_rbf,1.0,0.08807835121027044,0.08807835121027044,64.45129558689537,5,0.006569560324141242,2,0.0016264187854939445,10.0,0.0015602080000007845,1.0,1.0,1.0,1.0,
two_moons,synthetic,knn_rbf,1.0,0.08807835121027044,0.08807835121027044,64.45129558689537,6,0.006631833407534215,2,0.0016264187854939445,10.0,0.0015602080000007845,1.0,1.0,1.0,1.0,
two_moons,synthetic,knn_rbf,1.0,0.08807835121027044,0.08807835121027044,64.45129558689537,7,0.01375098306865884,2,0.0016264187854939445,10.0,0.0015602080000007845,1.0,1.0,1.0,1.0,
two_moons,synthetic,knn_rbf,1.0,0.08807835121027044,0.08807835121027044,64.45129558689537,8,0.014810292489714886,2,0.0016264187854939445,10.0,0.0015602080000007845,1.0,1.0,1.0,1.0,
two_moons,synthetic,knn_rbf,1.0,0.08807835121027044,0.08807835121027044,64.45129558689537,9,0.023738033397331063,2,0.0016264187854939445,10.0,0.0015602080000007845,1.0,1.0,1.0,1.0,
two_moons,synthetic,knn_rbf,1.0,0.08807835121027044,0.08807835121027044,64.45129558689537,10,0.02450688632383835,2,0.0016264187854939445,10.0,0.0015602080000007845,1.0,1.0,1.0,1.0,
two_moons,synthetic,knn_rbf,1.0,0.08807835121027044,0.08807835121027044,64.45129558689537,11,0.03681637452516197,2,0.0016264187854939445,10.0,0.0015602080000007845,1.0,1.0,1.0,1.0,
two_moons,synthetic,knn_rbf,1.0,0.08807835121027044,0.08807835121027044,64.45129558689537,12,0.0379026461746346,2,0.0016264187854939445,10.0,0.0015602080000007845,1.0,1.0,1.0,1.0,
two_moons,synthetic,knn_rbf,1.4,0.08807835121027044,0.12330969169437861,32.88331407494662,1,2.1717534543112738e-17,2,0.0017156023431056044,10.0,0.001806999999985237,1.0,1.0,1.0,1.0,
two_moons,synthetic,knn_rbf,1.4,0.08807835121027044,0.12330969169437861,32.88331407494662,2,0.0001698832253477105,2,0.0017156023431056044,10.0,0.001806999999985237,1.0,1.0,1.0,1.0,
two_moons,synthetic,knn_rbf,1.4,0.08807835121027044,0.12330969169437861,32.88331407494662,3,0.001885485568453315,2,0.0017156023431056044,10.0,0.001806999999985237,1.0,1.0,1.0,1.0,
two_moons,synthetic,knn_rbf,1.4,0.08807835121027044,0.12330969169437861,32.88331407494662,4,0.002165527357656925,2,0.0017156023431056044,10.0,0.001806999999985237,1.0,1.0,1.0,1.0,
two_moons,synthetic,knn_rbf,1.4,0.08807835121027044,0.12330969169437861,32.88331407494662,5,0.007555154410477685,2,0.0017156023431056044,10.0,0.001806999999985237,1.0,1.0,1.0,1.0,
two_moons,synthetic,knn_rbf,1.4,0.08807835121027044,0.12330969169437861,32.88331407494662,6,0.007987683161479027,2,0.0017156023431056044,10.0,0.001806999999985237,1.0,1.0,1.0,1.0,
two_moons,synthetic,knn_rbf,1.4,0.08807835121027044,0.12330969169437861,32.88331407494662,7,0.016307237252426044,2,0.0017156023431056044,10.0,0.001806999999985237,1.0,1.0,1.0,1.0,
two_moons,synthetic,knn_rbf,1.4,0.08807835121027044,0.12330969169437861,32.88331407494662,8,0.017512283129751244,2,0.0017156023431056044,10.0,0.001806999999985237,1.0,1.0,1.0,1.0,
two_moons,synthetic,knn_rbf,1.4,0.08807835121027044,0.12330969169437861,32.88331407494662,9,0.027881245438044346,2,0.0017156023431056044,10.0,0.001806999999985237,1.0,1.0,1.0,1.0,
two_moons,synthetic,knn_rbf,1.4,0.08807835121027044,0.12330969169437861,32.88331407494662,10,0.029089491151596328,2,0.0017156023431056044,10.0,0.001806999999985237,1.0,1.0,1.0,1.0,
two_moons,synthetic,knn_rbf,1.4,0.08807835121027044,0.12330969169437861,32.88331407494662,11,0.044044017238401574,2,0.0017156023431056044,10.0,0.001806999999985237,1.0,1.0,1.0,1.0,
two_moons,synthetic,knn_rbf,1.4,0.08807835121027044,0.12330969169437861,32.88331407494662,12,0.04521622568569824,2,0.0017156023431056044,10.0,0.001806999999985237,1.0,1.0,1.0,1.0,
two_moons,synthetic,knn_rbf,2.0,0.08807835121027044,0.17615670242054088,16.112823896723842,1,-3.2840071205979245e-17,2,0.0016534482774716562,10.0,0.0017499579999764592,1.0,1.0,1.0,1.0,
two_moons,synthetic,knn_rbf,2.0,0.08807835121027044,0.17615670242054088,16.112823896723842,2,0.0003388024330197847,2,0.0016534482774716562,10.0,0.0017499579999764592,1.0,1.0,1.0,1.0,
two_moons,synthetic,knn_rbf,2.0,0.08807835121027044,0.17615670242054088,16.112823896723842,3,0.001992250710491441,2,0.0016534482774716562,10.0,0.0017499579999764592,1.0,1.0,1.0,1.0,
two_moons,synthetic,knn_rbf,2.0,0.08807835121027044,0.17615670242054088,16.112823896723842,4,0.002632604271709416,2,0.0016534482774716562,10.0,0.0017499579999764592,1.0,1.0,1.0,1.0,
two_moons,synthetic,knn_rbf,2.0,0.08807835121027044,0.17615670242054088,16.112823896723842,5,0.008053666158577048,2,0.0016534482774716562,10.0,0.0017499579999764592,1.0,1.0,1.0,1.0,
two_moons,synthetic,knn_rbf,2.0,0.08807835121027044,0.17615670242054088,16.112823896723842,6,0.009080828050640418,2,0.0016534482774716562,10.0,0.0017499579999764592,1.0,1.0,1.0,1.0,
two_moons,synthetic,knn_rbf,2.0,0.08807835121027044,0.17615670242054088,16.112823896723842,7,0.01781906927781804,2,0.0016534482774716562,10.0,0.0017499579999764592,1.0,1.0,1.0,1.0,
two_moons,synthetic,knn_rbf,2.0,0.08807835121027044,0.17615670242054088,16.112823896723842,8,0.019108099668355857,2,0.0016534482774716562,10.0,0.0017499579999764592,1.0,1.0,1.0,1.0,
two_moons,synthetic,knn_rbf,2.0,0.08807835121027044,0.17615670242054088,16.112823896723842,9,0.030302193013620485,2,0.0016534482774716562,10.0,0.0017499579999764592,1.0,1.0,1.0,1.0,
two_moons,synthetic,knn_rbf,2.0,0.08807835121027044,0.17615670242054088,16.112823896723842,10,0.03194042459781725,2,0.0016534482774716562,10.0,0.0017499579999764592,1.0,1.0,1.0,1.0,
two_moons,synthetic,knn_rbf,2.0,0.08807835121027044,0.17615670242054088,16.112823896723842,11,0.04839224602676237,2,0.0016534482774716562,10.0,0.0017499579999764592,1.0,1.0,1.0,1.0,
two_moons,synthetic,knn_rbf,2.0,0.08807835121027044,0.17615670242054088,16.112823896723842,12,0.04956681612548709,2,0.0016534482774716562,10.0,0.0017499579999764592,1.0,1.0,1.0,1.0,
two_moons,synthetic,knn_rbf,3.0,0.08807835121027044,0.26423505363081135,7.161255065210595,1,7.379068762168282e-18,2,0.001591459956699712,10.0,0.0012202909999814437,1.0,1.0,1.0,1.0,
two_moons,synthetic,knn_rbf,3.0,0.08807835121027044,0.26423505363081135,7.161255065210595,2,0.0004493392919528117,2,0.001591459956699712,10.0,0.0012202909999814437,1.0,1.0,1.0,1.0,
two_moons,synthetic,knn_rbf,3.0,0.08807835121027044,0.26423505363081135,7.161255065210595,3,0.0020407992486525237,2,0.001591459956699712,10.0,0.0012202909999814437,1.0,1.0,1.0,1.0,
two_moons,synthetic,knn_rbf,3.0,0.08807835121027044,0.26423505363081135,7.161255065210595,4,0.00296866289395098,2,0.001591459956699712,10.0,0.0012202909999814437,1.0,1.0,1.0,1.0,
two_moons,synthetic,knn_rbf,3.0,0.08807835121027044,0.26423505363081135,7.161255065210595,5,0.008289685597696215,2,0.001591459956699712,10.0,0.0012202909999814437,1.0,1.0,1.0,1.0,
two_moons,synthetic,knn_rbf,3.0,0.08807835121027044,0.26423505363081135,7.161255065210595,6,0.009885162345752466,2,0.001591459956699712,10.0,0.0012202909999814437,1.0,1.0,1.0,1.0,
two_moons,synthetic,knn_rbf,3.0,0.08807835121027044,0.26423505363081135,7.161255065210595,7,0.018643426931450872,2,0.001591459956699712,10.0,0.0012202909999814437,1.0,1.0,1.0,1.0,
two_moons,synthetic,knn_rbf,3.0,0.08807835121027044,0.26423505363081135,7.161255065210595,8,0.020050896006813933,2,0.001591459956699712,10.0,0.0012202909999814437,1.0,1.0,1.0,1.0,
two_moons,synthetic,knn_rbf,3.0,0.08807835121027044,0.26423505363081135,7.161255065210595,9,0.031595739443754316,2,0.001591459956699712,10.0,0.0012202909999814437,1.0,1.0,1.0,1.0,
two_moons,synthetic,knn_rbf,3.0,0.08807835121027044,0.26423505363081135,7.161255065210595,10,0.03372324540505601,2,0.001591459956699712,10.0,0.0012202909999814437,1.0,1.0,1.0,1.0,
two_moons,synthetic,knn_rbf,3.0,0.08807835121027044,0.26423505363081135,7.161255065210595,11,0.05081294515790735,2,0.001591459956699712,10.0,0.0012202909999814437,1.0,1.0,1.0,1.0,
two_moons,synthetic,knn_rbf,3.0,0.08807835121027044,0.26423505363081135,7.161255065210595,12,0.052058299190423325,2,0.001591459956699712,10.0,0.0012202909999814437,1.0,1.0,1.0,1.0,
two_moons,synthetic,knn_rbf,5.0,0.08807835121027044,0.44039175605135217,2.578051823475815,1,-1.484606449912846e-17,2,0.0015555239482232062,10.0,0.0016071670000030736,0.998,0.9919999681285151,0.981182940453905,0.998,
two_moons,synthetic,knn_rbf,5.0,0.08807835121027044,0.44039175605135217,2.578051823475815,2,0.0005066252862325643,2,0.0015555239482232062,10.0,0.0016071670000030736,0.998,0.9919999681285151,0.981182940453905,0.998,
two_moons,synthetic,knn_rbf,5.0,0.08807835121027044,0.44039175605135217,2.578051823475815,3,0.0020621492344557704,2,0.0015555239482232062,10.0,0.0016071670000030736,0.998,0.9919999681285151,0.981182940453905,0.998,
two_moons,synthetic,knn_rbf,5.0,0.08807835121027044,0.44039175605135217,2.578051823475815,4,0.0031606994198543617,2,0.0015555239482232062,10.0,0.0016071670000030736,0.998,0.9919999681285151,0.981182940453905,0.998,
two_moons,synthetic,knn_rbf,5.0,0.08807835121027044,0.44039175605135217,2.578051823475815,5,0.00839711336590732,2,0.0015555239482232062,10.0,0.0016071670000030736,0.998,0.9919999681285151,0.981182940453905,0.998,
two_moons,synthetic,knn_rbf,5.0,0.08807835121027044,0.44039175605135217,2.578051823475815,6,0.010374656859410549,2,0.0015555239482232062,10.0,0.0016071670000030736,0.998,0.9919999681285151,0.981182940453905,0.998,
two_moons,synthetic,knn_rbf,5.0,0.08807835121027044,0.44039175605135217,2.578051823475815,7,0.01905996474310149,2,0.0015555239482232062,10.0,0.0016071670000030736,0.998,0.9919999681285151,0.981182940453905,0.998,
two_moons,synthetic,knn_rbf,5.0,0.08807835121027044,0.44039175605135217,2.578051823475815,8,0.020572482148646595,2,0.0015555239482232062,10.0,0.0016071670000030736,0.998,0.9919999681285151,0.981182940453905,0.998,
two_moons,synthetic,knn_rbf,5.0,0.08807835121027044,0.44039175605135217,2.578051823475815,9,0.03223972557733572,2,0.0015555239482232062,10.0,0.0016071670000030736,0.998,0.9919999681285151,0.981182940453905,0.998,
two_moons,synthetic,knn_rbf,5.0,0.08807835121027044,0.44039175605135217,2.578051823475815,10,0.03474447820138096,2,0.0015555239482232062,10.0,0.0016071670000030736,0.998,0.9919999681285151,0.981182940453905,0.998,
two_moons,synthetic,knn_rbf,5.0,0.08807835121027044,0.44039175605135217,2.578051823475815,11,0.05206329163195744,2,0.0015555239482232062,10.0,0.0016071670000030736,0.998,0.9919999681285151,0.981182940453905,0.998,
two_moons,synthetic,knn_rbf,5.0,0.08807835121027044,0.44039175605135217,2.578051823475815,12,0.053386404244886346,2,0.0015555239482232062,10.0,0.0016071670000030736,0.998,0.9919999681285151,0.981182940453905,0.998,
circles,synthetic,dense_rbf,0.1,0.9436701718754148,0.09436701718754148,56.147386863461406,1,2.9986394419597426e-16,2,0.004055970622445282,10.0,0.004585499999990361,1.0,1.0,1.0,1.0,
circles,synthetic,dense_rbf,0.1,0.9436701718754148,0.09436701718754148,56.147386863461406,2,0.00014722037819237002,2,0.004055970622445282,10.0,0.004585499999990361,1.0,1.0,1.0,1.0,
circles,synthetic,dense_rbf,0.1,0.9436701718754148,0.09436701718754148,56.147386863461406,3,0.004203191000637652,2,0.004055970622445282,10.0,0.004585499999990361,1.0,1.0,1.0,1.0,
circles,synthetic,dense_rbf,0.1,0.9436701718754148,0.09436701718754148,56.147386863461406,4,0.004756234550840594,2,0.004055970622445282,10.0,0.004585499999990361,1.0,1.0,1.0,1.0,
circles,synthetic,dense_rbf,0.1,0.9436701718754148,0.09436701718754148,56.147386863461406,5,0.015632035133171837,2,0.004055970622445282,10.0,0.004585499999990361,1.0,1.0,1.0,1.0,
circles,synthetic,dense_rbf,0.1,0.9436701718754148,0.09436701718754148,56.147386863461406,6,0.018833048517064712,2,0.004055970622445282,10.0,0.004585499999990361,1.0,1.0,1.0,1.0,
circles,synthetic,dense_rbf,0.1,0.9436701718754148,0.09436701718754148,56.147386863461406,7,0.02160312753174119,2,0.004055970622445282,10.0,0.004585499999990361,1.0,1.0,1.0,1.0,
circles,synthetic,dense_rbf,0.1,0.9436701718754148,0.09436701718754148,56.147386863461406,8,0.023568351095567402,2,0.004055970622445282,10.0,0.004585499999990361,1.0,1.0,1.0,1.0,
circles,synthetic,dense_rbf,0.1,0.9436701718754148,0.09436701718754148,56.147386863461406,9,0.034937967773754186,2,0.004055970622445282,10.0,0.004585499999990361,1.0,1.0,1.0,1.0,
circles,synthetic,dense_rbf,0.1,0.9436701718754148,0.09436701718754148,56.147386863461406,10,0.04537817992348499,2,0.004055970622445282,10.0,0.004585499999990361,1.0,1.0,1.0,1.0,
circles,synthetic,dense_rbf,0.1,0.9436701718754148,0.09436701718754148,56.147386863461406,11,0.06347873168633376,2,0.004055970622445282,10.0,0.004585499999990361,1.0,1.0,1.0,1.0,
circles,synthetic,dense_rbf,0.1,0.9436701718754148,0.09436701718754148,56.147386863461406,12,0.07249988236271743,2,0.004055970622445282,10.0,0.004585499999990361,1.0,1.0,1.0,1.0,
circles,synthetic,dense_rbf,0.2,0.9436701718754148,0.18873403437508296,14.036846715865352,1,7.851931201315669e-16,2,0.0023107202465546747,10.0,0.005021249999998645,0.552,0.008845099404719297,0.007899878650865675,0.552,
circles,synthetic,dense_rbf,0.2,0.9436701718754148,0.18873403437508296,14.036846715865352,2,0.04671794103429762,2,0.0023107202465546747,10.0,0.005021249999998645,0.552,0.008845099404719297,0.007899878650865675,0.552,
circles,synthetic,dense_rbf,0.2,0.9436701718754148,0.18873403437508296,14.036846715865352,3,0.049028661280852294,2,0.0023107202465546747,10.0,0.005021249999998645,0.552,0.008845099404719297,0.007899878650865675,0.552,
circles,synthetic,dense_rbf,0.2,0.9436701718754148,0.18873403437508296,14.036846715865352,4,0.060895203778578946,2,0.0023107202465546747,10.0,0.005021249999998645,0.552,0.008845099404719297,0.007899878650865675,0.552,
circles,synthetic,dense_rbf,0.2,0.9436701718754148,0.18873403437508296,14.036846715865352,5,0.10147979766216808,2,0.0023107202465546747,10.0,0.005021249999998645,0.552,0.008845099404719297,0.007899878650865675,0.552,
circles,synthetic,dense_rbf,0.2,0.9436701718754148,0.18873403437508296,14.036846715865352,6,0.11147254116565561,2,0.0023107202465546747,10.0,0.005021249999998645,0.552,0.008845099404719297,0.007899878650865675,0.552,
circles,synthetic,dense_rbf,0.2,0.9436701718754148,0.18873403437508296,14.036846715865352,7,0.12312493856406158,2,0.0023107202465546747,10.0,0.005021249999998645,0.552,0.008845099404719297,0.007899878650865675,0.552,
circles,synthetic,dense_rbf,0.2,0.9436701718754148,0.18873403437508296,14.036846715865352,8,0.12753100052398056,2,0.0023107202465546747,10.0,0.005021249999998645,0.552,0.008845099404719297,0.007899878650865675,0.552,
circles,synthetic,dense_rbf,0.2,0.9436701718754148,0.18873403437508296,14.036846715865352,9,0.17978928793279664,2,0.0023107202465546747,10.0,0.005021249999998645,0.552,0.008845099404719297,0.007899878650865675,0.552,
circles,synthetic,dense_rbf,0.2,0.9436701718754148,0.18873403437508296,14.036846715865352,10,0.20786414702658854,2,0.0023107202465546747,10.0,0.005021249999998645,0.552,0.008845099404719297,0.007899878650865675,0.552,
circles,synthetic,dense_rbf,0.2,0.9436701718754148,0.18873403437508296,14.036846715865352,11,0.2821797382434973,2,0.0023107202465546747,10.0,0.005021249999998645,0.552,0.008845099404719297,0.007899878650865675,0.552,
circles,synthetic,dense_rbf,0.2,0.9436701718754148,0.18873403437508296,14.036846715865352,12,0.30492529561486637,2,0.0023107202465546747,10.0,0.005021249999998645,0.552,0.008845099404719297,0.007899878650865675,0.552,
circles,synthetic,dense_rbf,0.35,0.9436701718754148,0.3302845601563952,4.583460152119299,1,-2.2204461053252594e-16,2,0.005336762352735058,3.0,0.0057549580000113565,0.516,-0.0009818472633770585,0.0007388503580911319,0.516,
circles,synthetic,dense_rbf,0.35,0.9436701718754148,0.3302845601563952,4.583460152119299,2,0.19069042386869142,2,0.005336762352735058,3.0,0.0057549580000113565,0.516,-0.0009818472633770585,0.0007388503580911319,0.516,
circles,synthetic,dense_rbf,0.35,0.9436701718754148,0.3302845601563952,4.583460152119299,3,0.19602718622142648,2,0.005336762352735058,3.0,0.0057549580000113565,0.516,-0.0009818472633770585,0.0007388503580911319,0.516,
circles,synthetic,dense_rbf,0.35,0.9436701718754148,0.3302845601563952,4.583460152119299,4,0.39007060075588196,2,0.005336762352735058,3.0,0.0057549580000113565,0.516,-0.0009818472633770585,0.0007388503580911319,0.516,
circles,synthetic,dense_rbf,0.35,0.9436701718754148,0.3302845601563952,4.583460152119299,5,0.40597489024142497,2,0.005336762352735058,3.0,0.0057549580000113565,0.516,-0.0009818472633770585,0.0007388503580911319,0.516,
circles,synthetic,dense_rbf,0.35,0.9436701718754148,0.3302845601563952,4.583460152119299,6,0.43345097775262925,2,0.005336762352735058,3.0,0.0057549580000113565,0.516,-0.0009818472633770585,0.0007388503580911319,0.516,
circles,synthetic,dense_rbf,0.35,0.9436701718754148,0.3302845601563952,4.583460152119299,7,0.5562451536214635,2,0.005336762352735058,3.0,0.0057549580000113565,0.516,-0.0009818472633770585,0.0007388503580911319,0.516,
circles,synthetic,dense_rbf,0.35,0.9436701718754148,0.3302845601563952,4.583460152119299,8,0.5682029775297097,2,0.005336762352735058,3.0,0.0057549580000113565,0.516,-0.0009818472633770585,0.0007388503580911319,0.516,
circles,synthetic,dense_rbf,0.35,0.9436701718754148,0.3302845601563952,4.583460152119299,9,0.5717989721202851,2,0.005336762352735058,3.0,0.0057549580000113565,0.516,-0.0009818472633770585,0.0007388503580911319,0.516,
circles,synthetic,dense_rbf,0.35,0.9436701718754148,0.3302845601563952,4.583460152119299,10,0.5884122400754869,2,0.005336762352735058,3.0,0.0057549580000113565,0.516,-0.0009818472633770585,0.0007388503580911319,0.516,
circles,synthetic,dense_rbf,0.35,0.9436701718754148,0.3302845601563952,4.583460152119299,11,0.7154845674691781,2,0.005336762352735058,3.0,0.0057549580000113565,0.516,-0.0009818472633770585,0.0007388503580911319,0.516,
circles,synthetic,dense_rbf,0.35,0.9436701718754148,0.3302845601563952,4.583460152119299,12,0.730459776486236,2,0.005336762352735058,3.0,0.0057549580000113565,0.516,-0.0009818472633770585,0.0007388503580911319,0.516,
circles,synthetic,dense_rbf,0.5,0.9436701718754148,0.4718350859377074,2.2458954745384565,1,4.440892098500625e-16,2,0.006781146690674977,1.0,0.0062495420000061586,0.512,-0.0014303607104973054,0.00041568090668777947,0.512,
circles,synthetic,dense_rbf,0.5,0.9436701718754148,0.4718350859377074,2.2458954745384565,2,0.34806203504069794,2,0.006781146690674977,1.0,0.0062495420000061586,0.512,-0.0014303607104973054,0.00041568090668777947,0.512,
circles,synthetic,dense_rbf,0.5,0.9436701718754148,0.4718350859377074,2.2458954745384565,3,0.3548431817313729,2,0.006781146690674977,1.0,0.0062495420000061586,0.512,-0.0014303607104973054,0.00041568090668777947,0.512,
circles,synthetic,dense_rbf,0.5,0.9436701718754148,0.4718350859377074,2.2458954745384565,4,0.624897514237075,2,0.006781146690674977,1.0,0.0062495420000061586,0.512,-0.0014303607104973054,0.00041568090668777947,0.512,
circles,synthetic,dense_rbf,0.5,0.9436701718754148,0.4718350859377074,2.2458954745384565,5,0.637530996067321,2,0.006781146690674977,1.0,0.0062495420000061586,0.512,-0.0014303607104973054,0.00041568090668777947,0.512,
circles,synthetic,dense_rbf,0.5,0.9436701718754148,0.4718350859377074,2.2458954745384565,6,0.6915793530723822,2,0.006781146690674977,1.0,0.0062495420000061586,0.512,-0.0014303607104973054,0.00041568090668777947,0.512,
circles,synthetic,dense_rbf,0.5,0.9436701718754148,0.4718350859377074,2.2458954745384565,7,0.8072959444558816,2,0.006781146690674977,1.0,0.0062495420000061586,0.512,-0.0014303607104973054,0.00041568090668777947,0.512,
circles,synthetic,dense_rbf,0.5,0.9436701718754148,0.4718350859377074,2.2458954745384565,8,0.8193832244430693,2,0.006781146690674977,1.0,0.0062495420000061586,0.512,-0.0014303607104973054,0.00041568090668777947,0.512,
circles,synthetic,dense_rbf,0.5,0.9436701718754148,0.4718350859377074,2.2458954745384565,9,0.8500459895894662,2,0.006781146690674977,1.0,0.0062495420000061586,0.512,-0.0014303607104973054,0.00041568090668777947,0.512,
circles,synthetic,dense_rbf,0.5,0.9436701718754148,0.4718350859377074,2.2458954745384565,10,0.8523240103889309,2,0.006781146690674977,1.0,0.0062495420000061586,0.512,-0.0014303607104973054,0.00041568090668777947,0.512,
circles,synthetic,dense_rbf,0.5,0.9436701718754148,0.4718350859377074,2.2458954745384565,11,0.9188483206889525,2,0.006781146690674977,1.0,0.0062495420000061586,0.512,-0.0014303607104973054,0.00041568090668777947,0.512,
circles,synthetic,dense_rbf,0.5,0.9436701718754148,0.4718350859377074,2.2458954745384565,12,0.9238121592547526,2,0.006781146690674977,1.0,0.0062495420000061586,0.512,-0.0014303607104973054,0.00041568090668777947,0.512,
circles,synthetic,dense_rbf,0.7,0.9436701718754148,0.6605691203127904,1.1458650380298248,1,2.220446049250313e-16,2,0.005690409128819129,1.0,0.004916249999979527,0.508,-0.0017513893331547845,0.00018468893066122505,0.508,
circles,synthetic,dense_rbf,0.7,0.9436701718754148,0.6605691203127904,1.1458650380298248,2,0.5318090106390609,2,0.005690409128819129,1.0,0.004916249999979527,0.508,-0.0017513893331547845,0.00018468893066122505,0.508,
circles,synthetic,dense_rbf,0.7,0.9436701718754148,0.6605691203127904,1.1458650380298248,3,0.5374994197678801,2,0.005690409128819129,1.0,0.004916249999979527,0.508,-0.0017513893331547845,0.00018468893066122505,0.508,
circles,synthetic,dense_rbf,0.7,0.9436701718754148,0.6605691203127904,1.1458650380298248,4,0.8190769145314842,2,0.005690409128819129,1.0,0.004916249999979527,0.508,-0.0017513893331547845,0.00018468893066122505,0.508,
circles,synthetic,dense_rbf,0.7,0.9436701718754148,0.6605691203127904,1.1458650380298248,5,0.8257755163215945,2,0.005690409128819129,1.0,0.004916249999979527,0.508,-0.0017513893331547845,0.00018468893066122505,0.508,
circles,synthetic,dense_rbf,0.7,0.9436701718754148,0.6605691203127904,1.1458650380298248,6,0.8635587043136369,2,0.005690409128819129,1.0,0.004916249999979527,0.508,-0.0017513893331547845,0.00018468893066122505,0.508,
circles,synthetic,dense_rbf,0.7,0.9436701718754148,0.6605691203127904,1.1458650380298248,7,0.9444016831478089,2,0.005690409128819129,1.0,0.004916249999979527,0.508,-0.0017513893331547845,0.00018468893066122505,0.508,
circles,synthetic,dense_rbf,0.7,0.9436701718754148,0.6605691203127904,1.1458650380298248,8,0.9476397620200063,2,0.005690409128819129,1.0,0.004916249999979527,0.508,-0.0017513893331547845,0.00018468893066122505,0.508,
circles,synthetic,dense_rbf,0.7,0.9436701718754148,0.6605691203127904,1.1458650380298248,9,0.9682262155755751,2,0.005690409128819129,1.0,0.004916249999979527,0.508,-0.0017513893331547845,0.00018468893066122505,0.508,
circles,synthetic,dense_rbf,0.7,0.9436701718754148,0.6605691203127904,1.1458650380298248,10,0.9688229015222845,2,0.005690409128819129,1.0,0.004916249999979527,0.508,-0.0017513893331547845,0.00018468893066122505,0.508,
circles,synthetic,dense_rbf,0.7,0.9436701718754148,0.6605691203127904,1.1458650380298248,11,0.9897984720541911,2,0.005690409128819129,1.0,0.004916249999979527,0.508,-0.0017513893331547845,0.00018468893066122505,0.508,
circles,synthetic,dense_rbf,0.7,0.9436701718754148,0.6605691203127904,1.1458650380298248,12,0.9907574004538635,2,0.005690409128819129,1.0,0.004916249999979527,0.508,-0.0017513893331547845,0.00018468893066122505,0.508,
circles,synthetic,dense_rbf,0.7071067811865475,0.9436701718754148,0.6672755777365805,1.1229477372692285,1,1.3322676295501878e-15,2,0.0056313504846485785,1.0,0.006321832999987009,0.508,-0.0017513893331547845,0.00018468893066122505,0.508,
circles,synthetic,dense_rbf,0.7071067811865475,0.9436701718754148,0.6672755777365805,1.1229477372692285,2,0.5374708932841543,2,0.0056313504846485785,1.0,0.006321832999987009,0.508,-0.0017513893331547845,0.00018468893066122505,0.508,
circles,synthetic,dense_rbf,0.7071067811865475,0.9436701718754148,0.6672755777365805,1.1229477372692285,3,0.5431022437688029,2,0.0056313504846485785,1.0,0.006321832999987009,0.508,-0.0017513893331547845,0.00018468893066122505,0.508,
circles,synthetic,dense_rbf,0.7071067811865475,0.9436701718754148,0.6672755777365805,1.1229477372692285,4,0.8238117897614131,2,0.0056313504846485785,1.0,0.006321832999987009,0.508,-0.0017513893331547845,0.00018468893066122505,0.508,
circles,synthetic,dense_rbf,0.7071067811865475,0.9436701718754148,0.6672755777365805,1.1229477372692285,5,0.8303500439330612,2,0.0056313504846485785,1.0,0.006321832999987009,0.508,-0.0017513893331547845,0.00018468893066122505,0.508,
circles,synthetic,dense_rbf,0.7071067811865475,0.9436701718754148,0.6672755777365805,1.1229477372692285,6,0.8674707122222789,2,0.0056313504846485785,1.0,0.006321832999987009,0.508,-0.0017513893331547845,0.00018468893066122505,0.508,
circles,synthetic,dense_rbf,0.7071067811865475,0.9436701718754148,0.6672755777365805,1.1229477372692285,7,0.9468763117497881,2,0.0056313504846485785,1.0,0.006321832999987009,0.508,-0.0017513893331547845,0.00018468893066122505,0.508,
circles,synthetic,dense_rbf,0.7071067811865475,0.9436701718754148,0.6672755777365805,1.1229477372692285,8,0.9499676984357434,2,0.0056313504846485785,1.0,0.006321832999987009,0.508,-0.0017513893331547845,0.00018468893066122505,0.508,
circles,synthetic,dense_rbf,0.7071067811865475,0.9436701718754148,0.6672755777365805,1.1229477372692285,9,0.9699573514908422,2,0.0056313504846485785,1.0,0.006321832999987009,0.508,-0.0017513893331547845,0.00018468893066122505,0.508,
circles,synthetic,dense_rbf,0.7071067811865475,0.9436701718754148,0.6672755777365805,1.1229477372692285,10,0.9705284125740694,2,0.0056313504846485785,1.0,0.006321832999987009,0.508,-0.0017513893331547845,0.00018468893066122505,0.508,
circles,synthetic,dense_rbf,0.7071067811865475,0.9436701718754148,0.6672755777365805,1.1229477372692285,11,0.9906757783067932,2,0.0056313504846485785,1.0,0.006321832999987009,0.508,-0.0017513893331547845,0.00018468893066122505,0.508,
circles,synthetic,dense_rbf,0.7071067811865475,0.9436701718754148,0.6672755777365805,1.1229477372692285,12,0.9915802728664728,2,0.0056313504846485785,1.0,0.006321832999987009,0.508,-0.0017513893331547845,0.00018468893066122505,0.508,
circles,synthetic,dense_rbf,1.0,0.9436701718754148,0.9436701718754148,0.5614738686346141,1,-8.881784197001252e-16,2,0.003401062250418696,1.0,0.004912249999989626,0.514,-0.0012208816121060564,0.0005662145814271223,0.514,
circles,synthetic,dense_rbf,1.0,0.9436701718754148,0.9436701718754148,0.5614738686346141,2,0.7166970597850876,2,0.003401062250418696,1.0,0.004912249999989626,0.514,-0.0012208816121060564,0.0005662145814271223,0.514,
circles,synthetic,dense_rbf,1.0,0.9436701718754148,0.9436701718754148,0.5614738686346141,3,0.7200981220355063,2,0.003401062250418696,1.0,0.004912249999989626,0.514,-0.0012208816121060564,0.0005662145814271223,0.514,
circles,synthetic,dense_rbf,1.0,0.9436701718754148,0.9436701718754148,0.5614738686346141,4,0.9390930462624485,2,0.003401062250418696,1.0,0.004912249999989626,0.514,-0.0012208816121060564,0.0005662145814271223,0.514,
circles,synthetic,dense_rbf,1.0,0.9436701718754148,0.9436701718754148,0.5614738686346141,5,0.9415616494768904,2,0.003401062250418696,1.0,0.004912249999989626,0.514,-0.0012208816121060564,0.0005662145814271223,0.514,
circles,synthetic,dense_rbf,1.0,0.9436701718754148,0.9436701718754148,0.5614738686346141,6,0.9582580031978453,2,0.003401062250418696,1.0,0.004912249999989626,0.514,-0.0012208816121060564,0.0005662145814271223,0.514,
circles,synthetic,dense_rbf,1.0,0.9436701718754148,0.9436701718754148,0.5614738686346141,7,0.992556395645236,2,0.003401062250418696,1.0,0.004912249999989626,0.514,-0.0012208816121060564,0.0005662145814271223,0.514,
circles,synthetic,dense_rbf,1.0,0.9436701718754148,0.9436701718754148,0.5614738686346141,8,0.9930945884063548,2,0.003401062250418696,1.0,0.004912249999989626,0.514,-0.0012208816121060564,0.0005662145814271223,0.514,
circles,synthetic,dense_rbf,1.0,0.9436701718754148,0.9436701718754148,0.5614738686346141,9,0.9979676270978882,2,0.003401062250418696,1.0,0.004912249999989626,0.514,-0.0012208816121060564,0.0005662145814271223,0.514,
circles,synthetic,dense_rbf,1.0,0.9436701718754148,0.9436701718754148,0.5614738686346141,10,0.9980714964403552,2,0.003401062250418696,1.0,0.004912249999989626,0.514,-0.0012208816121060564,0.0005662145814271223,0.514,
circles,synthetic,dense_rbf,1.0,0.9436701718754148,0.9436701718754148,0.5614738686346141,11,1.002520983737997,2,0.003401062250418696,1.0,0.004912249999989626,0.514,-0.0012208816121060564,0.0005662145814271223,0.514,
circles,synthetic,dense_rbf,1.0,0.9436701718754148,0.9436701718754148,0.5614738686346141,12,1.0026097027486107,2,0.003401062250418696,1.0,0.004912249999989626,0.514,-0.0012208816121060564,0.0005662145814271223,0.514,
circles,synthetic,dense_rbf,1.4,0.9436701718754148,1.3211382406255807,0.2864662595074562,1,2.220446049250313e-16,2,0.0017608531165268504,1.0,0.0049131670000122085,0.512,-0.0014303607104973054,0.00041568090668777947,0.512,
circles,synthetic,dense_rbf,1.4,0.9436701718754148,1.3211382406255807,0.2864662595074562,2,0.8413014075311314,2,0.0017608531165268504,1.0,0.0049131670000122085,0.512,-0.0014303607104973054,0.00041568090668777947,0.512,
circles,synthetic,dense_rbf,1.4,0.9436701718754148,1.3211382406255807,0.2864662595074562,3,0.8430622606476582,2,0.0017608531165268504,1.0,0.0049131670000122085,0.512,-0.0014303607104973054,0.00041568090668777947,0.512,
circles,synthetic,dense_rbf,1.4,0.9436701718754148,1.3211382406255807,0.2864662595074562,4,0.9831525471406528,2,0.0017608531165268504,1.0,0.0049131670000122085,0.512,-0.0014303607104973054,0.00041568090668777947,0.512,
circles,synthetic,dense_rbf,1.4,0.9436701718754148,1.3211382406255807,0.2864662595074562,5,0.9839408386415749,2,0.0017608531165268504,1.0,0.0049131670000122085,0.512,-0.0014303607104973054,0.00041568090668777947,0.512,
circles,synthetic,dense_rbf,1.4,0.9436701718754148,1.3211382406255807,0.2864662595074562,6,0.9897484815697024,2,0.0017608531165268504,1.0,0.0049131670000122085,0.512,-0.0014303607104973054,0.00041568090668777947,0.512,
circles,synthetic,dense_rbf,1.4,0.9436701718754148,1.3211382406255807,0.2864662595074562,7,1.00117371887156,2,0.0017608531165268504,1.0,0.0049131670000122085,0.512,-0.0014303607104973054,0.00041568090668777947,0.512,
circles,synthetic,dense_rbf,1.4,0.9436701718754148,1.3211382406255807,0.2864662595074562,8,1.0012597262624898,2,0.0017608531165268504,1.0,0.0049131670000122085,0.512,-0.0014303607104973054,0.00041568090668777947,0.512,
circles,synthetic,dense_rbf,1.4,0.9436701718754148,1.3211382406255807,0.2864662595074562,9,1.0018933798212137,2,0.0017608531165268504,1.0,0.0049131670000122085,0.512,-0.0014303607104973054,0.00041568090668777947,0.512,
circles,synthetic,dense_rbf,1.4,0.9436701718754148,1.3211382406255807,0.2864662595074562,10,1.0019076546201804,2,0.0017608531165268504,1.0,0.0049131670000122085,0.512,-0.0014303607104973054,0.00041568090668777947,0.512,
circles,synthetic,dense_rbf,1.4,0.9436701718754148,1.3211382406255807,0.2864662595074562,11,1.002419377465537,2,0.0017608531165268504,1.0,0.0049131670000122085,0.512,-0.0014303607104973054,0.00041568090668777947,0.512,
circles,synthetic,dense_rbf,1.4,0.9436701718754148,1.3211382406255807,0.2864662595074562,12,1.002421329813471,2,0.0017608531165268504,1.0,0.0049131670000122085,0.512,-0.0014303607104973054,0.00041568090668777947,0.512,
circles,synthetic,dense_rbf,2.0,0.9436701718754148,1.8873403437508296,0.14036846715865353,1,4.440892098500626e-16,2,0.0008337298425865614,1.0,0.005657415999991144,0.512,-0.0014303607104973054,0.00041568090668777947,0.512,
circles,synthetic,dense_rbf,2.0,0.9436701718754148,1.8873403437508296,0.14036846715865353,2,0.9193807293356459,2,0.0008337298425865614,1.0,0.005657415999991144,0.512,-0.0014303607104973054,0.00041568090668777947,0.512,
circles,synthetic,dense_rbf,2.0,0.9436701718754148,1.8873403437508296,0.14036846715865353,3,0.9202144591782324,2,0.0008337298425865614,1.0,0.005657415999991144,0.512,-0.0014303607104973054,0.00041568090668777947,0.512,
circles,synthetic,dense_rbf,2.0,0.9436701718754148,1.8873403437508296,0.14036846715865353,4,0.9973421130229914,2,0.0008337298425865614,1.0,0.005657415999991144,0.512,-0.0014303607104973054,0.00041568090668777947,0.512,
circles,synthetic,dense_rbf,2.0,0.9436701718754148,1.8873403437508296,0.14036846715865353,5,0.9975511626254149,2,0.0008337298425865614,1.0,0.005657415999991144,0.512,-0.0014303607104973054,0.00041568090668777947,0.512,
circles,synthetic,dense_rbf,2.0,0.9436701718754148,1.8873403437508296,0.14036846715865353,6,0.9991369635610091,2,0.0008337298425865614,1.0,0.005657415999991144,0.512,-0.0014303607104973054,0.00041568090668777947,0.512,
circles,synthetic,dense_rbf,2.0,0.9436701718754148,1.8873403437508296,0.14036846715865353,7,1.0021993809547072,2,0.0008337298425865614,1.0,0.005657415999991144,0.512,-0.0014303607104973054,0.00041568090668777947,0.512,
circles,synthetic,dense_rbf,2.0,0.9436701718754148,1.8873403437508296,0.14036846715865353,8,1.0022010098117535,2,0.0008337298425865614,1.0,0.005657415999991144,0.512,-0.0014303607104973054,0.00041568090668777947,0.512,
circles,synthetic,dense_rbf,2.0,0.9436701718754148,1.8873403437508296,0.14036846715865353,9,1.0022043926858029,2,0.0008337298425865614,1.0,0.005657415999991144,0.512,-0.0014303607104973054,0.00041568090668777947,0.512,
circles,synthetic,dense_rbf,2.0,0.9436701718754148,1.8873403437508296,0.14036846715865353,10,1.0022054734471413,2,0.0008337298425865614,1.0,0.005657415999991144,0.512,-0.0014303607104973054,0.00041568090668777947,0.512,
circles,synthetic,dense_rbf,2.0,0.9436701718754148,1.8873403437508296,0.14036846715865353,11,1.0022082178221128,2,0.0008337298425865614,1.0,0.005657415999991144,0.512,-0.0014303607104973054,0.00041568090668777947,0.512,
circles,synthetic,dense_rbf,2.0,0.9436701718754148,1.8873403437508296,0.14036846715865353,12,1.0022118166572436,2,0.0008337298425865614,1.0,0.005657415999991144,0.512,-0.0014303607104973054,0.00041568090668777947,0.512,
circles,synthetic,dense_rbf,3.0,0.9436701718754148,2.8310105156262444,0.06238598540384601,1,-6.661338147750939e-16,2,0.00035780964519649405,1.0,0.005018917000001011,0.514,-0.0012221683213007263,0.0005657212714559232,0.514,
circles,synthetic,dense_rbf,3.0,0.9436701718754148,2.8310105156262444,0.06238598540384601,2,0.9644097502473569,2,0.00035780964519649405,1.0,0.005018917000001011,0.514,-0.0012221683213007263,0.0005657212714559232,0.514,
circles,synthetic,dense_rbf,3.0,0.9436701718754148,2.8310105156262444,0.06238598540384601,3,0.9647675598925534,2,0.00035780964519649405,1.0,0.005018917000001011,0.514,-0.0012221683213007263,0.0005657212714559232,0.514,
circles,synthetic,dense_rbf,3.0,0.9436701718754148,2.8310105156262444,0.06238598540384601,4,1.0011588242818037,2,0.00035780964519649405,1.0,0.005018917000001011,0.514,-0.0012221683213007263,0.0005657212714559232,0.514,
circles,synthetic,dense_rbf,3.0,0.9436701718754148,2.8310105156262444,0.06238598540384601,5,1.0012016989706027,2,0.00035780964519649405,1.0,0.005018917000001011,0.514,-0.0012221683213007263,0.0005657212714559232,0.514,
circles,synthetic,dense_rbf,3.0,0.9436701718754148,2.8310105156262444,0.06238598540384601,6,1.0015182788563881,2,0.00035780964519649405,1.0,0.005018917000001011,0.514,-0.0012221683213007263,0.0005657212714559232,0.514,
circles,synthetic,dense_rbf,3.0,0.9436701718754148,2.8310105156262444,0.06238598540384601,7,1.0020916068368304,2,0.00035780964519649405,1.0,0.005018917000001011,0.514,-0.0012221683213007263,0.0005657212714559232,0.514,
circles,synthetic,dense_rbf,3.0,0.9436701718754148,2.8310105156262444,0.06238598540384601,8,1.00209204143571,2,0.00035780964519649405,1.0,0.005018917000001011,0.514,-0.0012221683213007263,0.0005657212714559232,0.514,
circles,synthetic,dense_rbf,3.0,0.9436701718754148,2.8310105156262444,0.06238598540384601,9,1.0020933268517018,2,0.00035780964519649405,1.0,0.005018917000001011,0.514,-0.0012221683213007263,0.0005657212714559232,0.514,
circles,synthetic,dense_rbf,3.0,0.9436701718754148,2.8310105156262444,0.06238598540384601,10,1.0020952660077413,2,0.00035780964519649405,1.0,0.005018917000001011,0.514,-0.0012221683213007263,0.0005657212714559232,0.514,
circles,synthetic,dense_rbf,3.0,0.9436701718754148,2.8310105156262444,0.06238598540384601,11,1.0020956877069152,2,0.00035780964519649405,1.0,0.005018917000001011,0.514,-0.0012221683213007263,0.0005657212714559232,0.514,
circles,synthetic,dense_rbf,3.0,0.9436701718754148,2.8310105156262444,0.06238598540384601,12,1.002095823325927,2,0.00035780964519649405,1.0,0.005018917000001011,0.514,-0.0012221683213007263,0.0005657212714559232,0.514,
circles,synthetic,dense_rbf,5.0,0.9436701718754148,4.7183508593770735,0.02245895474538457,1,-2.220446049250313e-16,2,0.00012585453468227925,1.0,0.00573045800001637,0.512,-0.0014303607104973054,0.00041568090668777947,0.512,
circles,synthetic,dense_rbf,5.0,0.9436701718754148,4.7183508593770735,0.02245895474538457,2,0.9883163971187171,2,0.00012585453468227925,1.0,0.00573045800001637,0.512,-0.0014303607104973054,0.00041568090668777947,0.512,
circles,synthetic,dense_rbf,5.0,0.9436701718754148,4.7183508593770735,0.02245895474538457,3,0.9884422516533994,2,0.00012585453468227925,1.0,0.00573045800001637,0.512,-0.0014303607104973054,0.00041568090668777947,0.512,
circles,synthetic,dense_rbf,5.0,0.9436701718754148,4.7183508593770735,0.02245895474538457,4,1.0019382382331783,2,0.00012585453468227925,1.0,0.00573045800001637,0.512,-0.0014303607104973054,0.00041568090668777947,0.512,
circles,synthetic,dense_rbf,5.0,0.9436701718754148,4.7183508593770735,0.02245895474538457,5,1.0019436540082902,2,0.00012585453468227925,1.0,0.00573045800001637,0.512,-0.0014303607104973054,0.00041568090668777947,0.512,
circles,synthetic,dense_rbf,5.0,0.9436701718754148,4.7183508593770735,0.02245895474538457,6,1.0019766328277786,2,0.00012585453468227925,1.0,0.00573045800001637,0.512,-0.0014303607104973054,0.00041568090668777947,0.512,
circles,synthetic,dense_rbf,5.0,0.9436701718754148,4.7183508593770735,0.02245895474538457,7,1.0020353554932218,2,0.00012585453468227925,1.0,0.00573045800001637,0.512,-0.0014303607104973054,0.00041568090668777947,0.512,
circles,synthetic,dense_rbf,5.0,0.9436701718754148,4.7183508593770735,0.02245895474538457,8,1.002035516941804,2,0.00012585453468227925,1.0,0.00573045800001637,0.512,-0.0014303607104973054,0.00041568090668777947,0.512,
circles,synthetic,dense_rbf,5.0,0.9436701718754148,4.7183508593770735,0.02245895474538457,9,1.0020359737538989,2,0.00012585453468227925,1.0,0.00573045800001637,0.512,-0.0014303607104973054,0.00041568090668777947,0.512,
circles,synthetic,dense_rbf,5.0,0.9436701718754148,4.7183508593770735,0.02245895474538457,10,1.0020366630680295,2,0.00012585453468227925,1.0,0.00573045800001637,0.512,-0.0014303607104973054,0.00041568090668777947,0.512,
circles,synthetic,dense_rbf,5.0,0.9436701718754148,4.7183508593770735,0.02245895474538457,11,1.0020368132047828,2,0.00012585453468227925,1.0,0.00573045800001637,0.512,-0.0014303607104973054,0.00041568090668777947,0.512,
circles,synthetic,dense_rbf,5.0,0.9436701718754148,4.7183508593770735,0.02245895474538457,12,1.0020368636028427,2,0.00012585453468227925,1.0,0.00573045800001637,0.512,-0.0014303607104973054,0.00041568090668777947,0.512,
circles,synthetic,knn_rbf,0.1,0.0954888112162893,0.009548881121628931,5483.590697971923,1,,2,,,0.001523708000007673,,,,,"ARPACK error -1: No convergence (5001 iterations, 0/12 eigenvectors converged)"
circles,synthetic,knn_rbf,0.1,0.0954888112162893,0.009548881121628931,5483.590697971923,2,,2,,,0.001523708000007673,,,,,"ARPACK error -1: No convergence (5001 iterations, 0/12 eigenvectors converged)"
circles,synthetic,knn_rbf,0.1,0.0954888112162893,0.009548881121628931,5483.590697971923,3,,2,,,0.001523708000007673,,,,,"ARPACK error -1: No convergence (5001 iterations, 0/12 eigenvectors converged)"
circles,synthetic,knn_rbf,0.1,0.0954888112162893,0.009548881121628931,5483.590697971923,4,,2,,,0.001523708000007673,,,,,"ARPACK error -1: No convergence (5001 iterations, 0/12 eigenvectors converged)"
circles,synthetic,knn_rbf,0.1,0.0954888112162893,0.009548881121628931,5483.590697971923,5,,2,,,0.001523708000007673,,,,,"ARPACK error -1: No convergence (5001 iterations, 0/12 eigenvectors converged)"
circles,synthetic,knn_rbf,0.1,0.0954888112162893,0.009548881121628931,5483.590697971923,6,,2,,,0.001523708000007673,,,,,"ARPACK error -1: No convergence (5001 iterations, 0/12 eigenvectors converged)"
circles,synthetic,knn_rbf,0.1,0.0954888112162893,0.009548881121628931,5483.590697971923,7,,2,,,0.001523708000007673,,,,,"ARPACK error -1: No convergence (5001 iterations, 0/12 eigenvectors converged)"
circles,synthetic,knn_rbf,0.1,0.0954888112162893,0.009548881121628931,5483.590697971923,8,,2,,,0.001523708000007673,,,,,"ARPACK error -1: No convergence (5001 iterations, 0/12 eigenvectors converged)"
circles,synthetic,knn_rbf,0.1,0.0954888112162893,0.009548881121628931,5483.590697971923,9,,2,,,0.001523708000007673,,,,,"ARPACK error -1: No convergence (5001 iterations, 0/12 eigenvectors converged)"
circles,synthetic,knn_rbf,0.1,0.0954888112162893,0.009548881121628931,5483.590697971923,10,,2,,,0.001523708000007673,,,,,"ARPACK error -1: No convergence (5001 iterations, 0/12 eigenvectors converged)"
circles,synthetic,knn_rbf,0.1,0.0954888112162893,0.009548881121628931,5483.590697971923,11,,2,,,0.001523708000007673,,,,,"ARPACK error -1: No convergence (5001 iterations, 0/12 eigenvectors converged)"
circles,synthetic,knn_rbf,0.1,0.0954888112162893,0.009548881121628931,5483.590697971923,12,,2,,,0.001523708000007673,,,,,"ARPACK error -1: No convergence (5001 iterations, 0/12 eigenvectors converged)"
circles,synthetic,knn_rbf,0.2,0.0954888112162893,0.019097762243257863,1370.8976744929807,1,,2,,,0.000995583000019451,,,,,"ARPACK error -1: No convergence (5001 iterations, 0/12 eigenvectors converged)"
circles,synthetic,knn_rbf,0.2,0.0954888112162893,0.019097762243257863,1370.8976744929807,2,,2,,,0.000995583000019451,,,,,"ARPACK error -1: No convergence (5001 iterations, 0/12 eigenvectors converged)"
circles,synthetic,knn_rbf,0.2,0.0954888112162893,0.019097762243257863,1370.8976744929807,3,,2,,,0.000995583000019451,,,,,"ARPACK error -1: No convergence (5001 iterations, 0/12 eigenvectors converged)"
circles,synthetic,knn_rbf,0.2,0.0954888112162893,0.019097762243257863,1370.8976744929807,4,,2,,,0.000995583000019451,,,,,"ARPACK error -1: No convergence (5001 iterations, 0/12 eigenvectors converged)"
circles,synthetic,knn_rbf,0.2,0.0954888112162893,0.019097762243257863,1370.8976744929807,5,,2,,,0.000995583000019451,,,,,"ARPACK error -1: No convergence (5001 iterations, 0/12 eigenvectors converged)"
circles,synthetic,knn_rbf,0.2,0.0954888112162893,0.019097762243257863,1370.8976744929807,6,,2,,,0.000995583000019451,,,,,"ARPACK error -1: No convergence (5001 iterations, 0/12 eigenvectors converged)"
circles,synthetic,knn_rbf,0.2,0.0954888112162893,0.019097762243257863,1370.8976744929807,7,,2,,,0.000995583000019451,,,,,"ARPACK error -1: No convergence (5001 iterations, 0/12 eigenvectors converged)"
circles,synthetic,knn_rbf,0.2,0.0954888112162893,0.019097762243257863,1370.8976744929807,8,,2,,,0.000995583000019451,,,,,"ARPACK error -1: No convergence (5001 iterations, 0/12 eigenvectors converged)"
circles,synthetic,knn_rbf,0.2,0.0954888112162893,0.019097762243257863,1370.8976744929807,9,,2,,,0.000995583000019451,,,,,"ARPACK error -1: No convergence (5001 iterations, 0/12 eigenvectors converged)"
circles,synthetic,knn_rbf,0.2,0.0954888112162893,0.019097762243257863,1370.8976744929807,10,,2,,,0.000995583000019451,,,,,"ARPACK error -1: No convergence (5001 iterations, 0/12 eigenvectors converged)"
circles,synthetic,knn_rbf,0.2,0.0954888112162893,0.019097762243257863,1370.8976744929807,11,,2,,,0.000995583000019451,,,,,"ARPACK error -1: No convergence (5001 iterations, 0/12 eigenvectors converged)"
circles,synthetic,knn_rbf,0.2,0.0954888112162893,0.019097762243257863,1370.8976744929807,12,,2,,,0.000995583000019451,,,,,"ARPACK error -1: No convergence (5001 iterations, 0/12 eigenvectors converged)"
circles,synthetic,knn_rbf,0.35,0.0954888112162893,0.03342108392570125,447.64005697730005,1,8.108030428366276e-17,2,9.137652064520334e-05,8.0,0.0009448330000054739,1.0,1.0,1.0,1.0,
circles,synthetic,knn_rbf,0.35,0.0954888112162893,0.03342108392570125,447.64005697730005,2,9.545128213587869e-17,2,9.137652064520334e-05,8.0,0.0009448330000054739,1.0,1.0,1.0,1.0,
circles,synthetic,knn_rbf,0.35,0.0954888112162893,0.03342108392570125,447.64005697730005,3,9.137652064529879e-05,2,9.137652064520334e-05,8.0,0.0009448330000054739,1.0,1.0,1.0,1.0,
circles,synthetic,knn_rbf,0.35,0.0954888112162893,0.03342108392570125,447.64005697730005,4,0.00014440340942415,2,9.137652064520334e-05,8.0,0.0009448330000054739,1.0,1.0,1.0,1.0,
circles,synthetic,knn_rbf,0.35,0.0954888112162893,0.03342108392570125,447.64005697730005,5,0.000360895864976042,2,9.137652064520334e-05,8.0,0.0009448330000054739,1.0,1.0,1.0,1.0,
circles,synthetic,knn_rbf,0.35,0.0954888112162893,0.03342108392570125,447.64005697730005,6,0.0005852962644156378,2,9.137652064520334e-05,8.0,0.0009448330000054739,1.0,1.0,1.0,1.0,
circles,synthetic,knn_rbf,0.35,0.0954888112162893,0.03342108392570125,447.64005697730005,7,0.0009150795676653746,2,9.137652064520334e-05,8.0,0.0009448330000054739,1.0,1.0,1.0,1.0,
circles,synthetic,knn_rbf,0.35,0.0954888112162893,0.03342108392570125,447.64005697730005,8,0.0010334213495383885,2,9.137652064520334e-05,8.0,0.0009448330000054739,1.0,1.0,1.0,1.0,
circles,synthetic,knn_rbf,0.35,0.0954888112162893,0.03342108392570125,447.64005697730005,9,0.001646441494155147,2,9.137652064520334e-05,8.0,0.0009448330000054739,1.0,1.0,1.0,1.0,
circles,synthetic,knn_rbf,0.35,0.0954888112162893,0.03342108392570125,447.64005697730005,10,0.0020552544697426322,2,9.137652064520334e-05,8.0,0.0009448330000054739,1.0,1.0,1.0,1.0,
circles,synthetic,knn_rbf,0.35,0.0954888112162893,0.03342108392570125,447.64005697730005,11,0.002195656665411885,2,9.137652064520334e-05,8.0,0.0009448330000054739,1.0,1.0,1.0,1.0,
circles,synthetic,knn_rbf,0.35,0.0954888112162893,0.03342108392570125,447.64005697730005,12,0.0029433037709460396,2,9.137652064520334e-05,8.0,0.0009448330000054739,1.0,1.0,1.0,1.0,
circles,synthetic,knn_rbf,0.5,0.0954888112162893,0.04774440560814465,219.343627918877,1,-8.164623768560612e-17,2,0.0006651021673523311,9.0,0.001151917000015601,1.0,1.0,1.0,1.0,
circles,synthetic,knn_rbf,0.5,0.0954888112162893,0.04774440560814465,219.343627918877,2,1.2812743180507624e-17,2,0.0006651021673523311,9.0,0.001151917000015601,1.0,1.0,1.0,1.0,
circles,synthetic,knn_rbf,0.5,0.0954888112162893,0.04774440560814465,219.343627918877,3,0.0006651021673523439,2,0.0006651021673523311,9.0,0.001151917000015601,1.0,1.0,1.0,1.0,
circles,synthetic,knn_rbf,0.5,0.0954888112162893,0.04774440560814465,219.343627918877,4,0.0008076469808497756,2,0.0006651021673523311,9.0,0.001151917000015601,1.0,1.0,1.0,1.0,
circles,synthetic,knn_rbf,0.5,0.0954888112162893,0.04774440560814465,219.343627918877,5,0.0025057259518240275,2,0.0006651021673523311,9.0,0.001151917000015601,1.0,1.0,1.0,1.0,
circles,synthetic,knn_rbf,0.5,0.0954888112162893,0.04774440560814465,219.343627918877,6,0.0032223385549527256,2,0.0006651021673523311,9.0,0.001151917000015601,1.0,1.0,1.0,1.0,
circles,synthetic,knn_rbf,0.5,0.0954888112162893,0.04774440560814465,219.343627918877,7,0.0032728867617059787,2,0.0006651021673523311,9.0,0.001151917000015601,1.0,1.0,1.0,1.0,
circles,synthetic,knn_rbf,0.5,0.0954888112162893,0.04774440560814465,219.343627918877,8,0.004172809797507558,2,0.0006651021673523311,9.0,0.001151917000015601,1.0,1.0,1.0,1.0,
circles,synthetic,knn_rbf,0.5,0.0954888112162893,0.04774440560814465,219.343627918877,9,0.00545942121500648,2,0.0006651021673523311,9.0,0.001151917000015601,1.0,1.0,1.0,1.0,
circles,synthetic,knn_rbf,0.5,0.0954888112162893,0.04774440560814465,219.343627918877,10,0.00831186059098569,2,0.0006651021673523311,9.0,0.001151917000015601,1.0,1.0,1.0,1.0,
circles,synthetic,knn_rbf,0.5,0.0954888112162893,0.04774440560814465,219.343627918877,11,0.010659694244108581,2,0.0006651021673523311,9.0,0.001151917000015601,1.0,1.0,1.0,1.0,
circles,synthetic,knn_rbf,0.5,0.0954888112162893,0.04774440560814465,219.343627918877,12,0.011773409490479383,2,0.0006651021673523311,9.0,0.001151917000015601,1.0,1.0,1.0,1.0,
circles,synthetic,knn_rbf,0.7,0.0954888112162893,0.0668421678514025,111.91001424432501,1,-6.36911226697442e-17,2,0.0016978157503568419,8.0,0.001064750000011827,1.0,1.0,1.0,1.0,
circles,synthetic,knn_rbf,0.7,0.0954888112162893,0.0668421678514025,111.91001424432501,2,3.5230828413245646e-17,2,0.0016978157503568419,8.0,0.001064750000011827,1.0,1.0,1.0,1.0,
circles,synthetic,knn_rbf,0.7,0.0954888112162893,0.0668421678514025,111.91001424432501,3,0.001697815750356877,2,0.0016978157503568419,8.0,0.001064750000011827,1.0,1.0,1.0,1.0,
circles,synthetic,knn_rbf,0.7,0.0954888112162893,0.0668421678514025,111.91001424432501,4,0.0020527034598678824,2,0.0016978157503568419,8.0,0.001064750000011827,1.0,1.0,1.0,1.0,
circles,synthetic,knn_rbf,0.7,0.0954888112162893,0.0668421678514025,111.91001424432501,5,0.00580345243362641,2,0.0016978157503568419,8.0,0.001064750000011827,1.0,1.0,1.0,1.0,
circles,synthetic,knn_rbf,0.7,0.0954888112162893,0.0668421678514025,111.91001424432501,6,0.0065441184811590655,2,0.0016978157503568419,8.0,0.001064750000011827,1.0,1.0,1.0,1.0,
circles,synthetic,knn_rbf,0.7,0.0954888112162893,0.0668421678514025,111.91001424432501,7,0.006680164481297926,2,0.0016978157503568419,8.0,0.001064750000011827,1.0,1.0,1.0,1.0,
circles,synthetic,knn_rbf,0.7,0.0954888112162893,0.0668421678514025,111.91001424432501,8,0.007991699456772824,2,0.0016978157503568419,8.0,0.001064750000011827,1.0,1.0,1.0,1.0,
circles,synthetic,knn_rbf,0.7,0.0954888112162893,0.0668421678514025,111.91001424432501,9,0.014417348756405254,2,0.0016978157503568419,8.0,0.001064750000011827,1.0,1.0,1.0,1.0,
circles,synthetic,knn_rbf,0.7,0.0954888112162893,0.0668421678514025,111.91001424432501,10,0.019574778265413734,2,0.0016978157503568419,8.0,0.001064750000011827,1.0,1.0,1.0,1.0,
circles,synthetic,knn_rbf,0.7,0.0954888112162893,0.0668421678514025,111.91001424432501,11,0.022287917978735774,2,0.0016978157503568419,8.0,0.001064750000011827,1.0,1.0,1.0,1.0,
circles,synthetic,knn_rbf,0.7,0.0954888112162893,0.0668421678514025,111.91001424432501,12,0.025809739220640324,2,0.0016978157503568419,8.0,0.001064750000011827,1.0,1.0,1.0,1.0,
circles,synthetic,knn_rbf,0.7071067811865475,0.0954888112162893,0.06752078593848021,109.67181395943851,1,2.023791684524986e-18,2,0.0017392917181533205,8.0,0.0019487079999862544,1.0,1.0,1.0,1.0,
circles,synthetic,knn_rbf,0.7071067811865475,0.0954888112162893,0.06752078593848021,109.67181395943851,2,1.6017983624862028e-16,2,0.0017392917181533205,8.0,0.0019487079999862544,1.0,1.0,1.0,1.0,
circles,synthetic,knn_rbf,0.7071067811865475,0.0954888112162893,0.06752078593848021,109.67181395943851,3,0.0017392917181534807,2,0.0017392917181533205,8.0,0.0019487079999862544,1.0,1.0,1.0,1.0,
circles,synthetic,knn_rbf,0.7071067811865475,0.0954888112162893,0.06752078593848021,109.67181395943851,4,0.0020997023943537096,2,0.0017392917181533205,8.0,0.0019487079999862544,1.0,1.0,1.0,1.0,
circles,synthetic,knn_rbf,0.7071067811865475,0.0954888112162893,0.06752078593848021,109.67181395943851,5,0.005872017349273541,2,0.0017392917181533205,8.0,0.0019487079999862544,1.0,1.0,1.0,1.0,
circles,synthetic,knn_rbf,0.7071067811865475,0.0954888112162893,0.06752078593848021,109.67181395943851,6,0.006603002576246052,2,0.0017392917181533205,8.0,0.0019487079999862544,1.0,1.0,1.0,1.0,
circles,synthetic,knn_rbf,0.7071067811865475,0.0954888112162893,0.06752078593848021,109.67181395943851,7,0.006842073695703374,2,0.0017392917181533205,8.0,0.0019487079999862544,1.0,1.0,1.0,1.0,
circles,synthetic,knn_rbf,0.7071067811865475,0.0954888112162893,0.06752078593848021,109.67181395943851,8,0.00817877069749122,2,0.0017392917181533205,8.0,0.0019487079999862544,1.0,1.0,1.0,1.0,
circles,synthetic,knn_rbf,0.7071067811865475,0.0954888112162893,0.06752078593848021,109.67181395943851,9,0.014773473489467812,2,0.0017392917181533205,8.0,0.0019487079999862544,1.0,1.0,1.0,1.0,
circles,synthetic,knn_rbf,0.7071067811865475,0.0954888112162893,0.06752078593848021,109.67181395943851,10,0.020011655553268056,2,0.0017392917181533205,8.0,0.0019487079999862544,1.0,1.0,1.0,1.0,
circles,synthetic,knn_rbf,0.7071067811865475,0.0954888112162893,0.06752078593848021,109.67181395943851,11,0.022553526830428303,2,0.0017392917181533205,8.0,0.0019487079999862544,1.0,1.0,1.0,1.0,
circles,synthetic,knn_rbf,0.7071067811865475,0.0954888112162893,0.06752078593848021,109.67181395943851,12,0.02603864239638064,2,0.0017392917181533205,8.0,0.0019487079999862544,1.0,1.0,1.0,1.0,
circles,synthetic,knn_rbf,1.0,0.0954888112162893,0.0954888112162893,54.83590697971925,1,-4.4097550380263843e-17,2,0.003418915931718261,8.0,0.0020852079999826856,1.0,1.0,1.0,1.0,
circles,synthetic,knn_rbf,1.0,0.0954888112162893,0.0954888112162893,54.83590697971925,2,9.275346827574002e-17,2,0.003418915931718261,8.0,0.0020852079999826856,1.0,1.0,1.0,1.0,
circles,synthetic,knn_rbf,1.0,0.0954888112162893,0.0954888112162893,54.83590697971925,3,0.0034189159317183537,2,0.003418915931718261,8.0,0.0020852079999826856,1.0,1.0,1.0,1.0,
circles,synthetic,knn_rbf,1.0,0.0954888112162893,0.0954888112162893,54.83590697971925,4,0.003841803960242935,2,0.003418915931718261,8.0,0.0020852079999826856,1.0,1.0,1.0,1.0,
circles,synthetic,knn_rbf,1.0,0.0954888112162893,0.0954888112162893,54.83590697971925,5,0.007762903455633854,2,0.003418915931718261,8.0,0.0020852079999826856,1.0,1.0,1.0,1.0,
circles,synthetic,knn_rbf,1.0,0.0954888112162893,0.0954888112162893,54.83590697971925,6,0.008155300626798671,2,0.003418915931718261,8.0,0.0020852079999826856,1.0,1.0,1.0,1.0,
circles,synthetic,knn_rbf,1.0,0.0954888112162893,0.0954888112162893,54.83590697971925,7,0.01317967563861262,2,0.003418915931718261,8.0,0.0020852079999826856,1.0,1.0,1.0,1.0,
circles,synthetic,knn_rbf,1.0,0.0954888112162893,0.0954888112162893,54.83590697971925,8,0.015345721551441836,2,0.003418915931718261,8.0,0.0020852079999826856,1.0,1.0,1.0,1.0,
circles,synthetic,knn_rbf,1.0,0.0954888112162893,0.0954888112162893,54.83590697971925,9,0.029029094304296264,2,0.003418915931718261,8.0,0.0020852079999826856,1.0,1.0,1.0,1.0,
circles,synthetic,knn_rbf,1.0,0.0954888112162893,0.0954888112162893,54.83590697971925,10,0.030065877086711563,2,0.003418915931718261,8.0,0.0020852079999826856,1.0,1.0,1.0,1.0,
circles,synthetic,knn_rbf,1.0,0.0954888112162893,0.0954888112162893,54.83590697971925,11,0.031941721891037694,2,0.003418915931718261,8.0,0.0020852079999826856,1.0,1.0,1.0,1.0,
circles,synthetic,knn_rbf,1.0,0.0954888112162893,0.0954888112162893,54.83590697971925,12,0.03657057161678025,2,0.003418915931718261,8.0,0.0020852079999826856,1.0,1.0,1.0,1.0,
circles,synthetic,knn_rbf,1.4,0.0954888112162893,0.133684335702805,27.977503561081253,1,5.953798801350141e-17,2,0.004954036862522679,8.0,0.0012003749999962565,1.0,1.0,1.0,1.0,
circles,synthetic,knn_rbf,1.4,0.0954888112162893,0.133684335702805,27.977503561081253,2,7.183338253359222e-17,2,0.004954036862522679,8.0,0.0012003749999962565,1.0,1.0,1.0,1.0,
circles,synthetic,knn_rbf,1.4,0.0954888112162893,0.133684335702805,27.977503561081253,3,0.004954036862522751,2,0.004954036862522679,8.0,0.0012003749999962565,1.0,1.0,1.0,1.0,
circles,synthetic,knn_rbf,1.4,0.0954888112162893,0.133684335702805,27.977503561081253,4,0.005246624054560447,2,0.004954036862522679,8.0,0.0012003749999962565,1.0,1.0,1.0,1.0,
circles,synthetic,knn_rbf,1.4,0.0954888112162893,0.133684335702805,27.977503561081253,5,0.008801580431761732,2,0.004954036862522679,8.0,0.0012003749999962565,1.0,1.0,1.0,1.0,
circles,synthetic,knn_rbf,1.4,0.0954888112162893,0.133684335702805,27.977503561081253,6,0.009002862440956137,2,0.004954036862522679,8.0,0.0012003749999962565,1.0,1.0,1.0,1.0,
circles,synthetic,knn_rbf,1.4,0.0954888112162893,0.133684335702805,27.977503561081253,7,0.01890777432820544,2,0.004954036862522679,8.0,0.0012003749999962565,1.0,1.0,1.0,1.0,
circles,synthetic,knn_rbf,1.4,0.0954888112162893,0.133684335702805,27.977503561081253,8,0.021214160779974057,2,0.004954036862522679,8.0,0.0012003749999962565,1.0,1.0,1.0,1.0,
circles,synthetic,knn_rbf,1.4,0.0954888112162893,0.133684335702805,27.977503561081253,9,0.03452975511788346,2,0.004954036862522679,8.0,0.0012003749999962565,1.0,1.0,1.0,1.0,
circles,synthetic,knn_rbf,1.4,0.0954888112162893,0.133684335702805,27.977503561081253,10,0.0349356066410327,2,0.004954036862522679,8.0,0.0012003749999962565,1.0,1.0,1.0,1.0,
circles,synthetic,knn_rbf,1.4,0.0954888112162893,0.133684335702805,27.977503561081253,11,0.04161183971178175,2,0.004954036862522679,8.0,0.0012003749999962565,1.0,1.0,1.0,1.0,
circles,synthetic,knn_rbf,1.4,0.0954888112162893,0.133684335702805,27.977503561081253,12,0.050104817547130365,2,0.004954036862522679,8.0,0.0012003749999962565,1.0,1.0,1.0,1.0,
circles,synthetic,knn_rbf,2.0,0.0954888112162893,0.1909776224325786,13.708976744929812,1,-1.5527083784240582e-16,2,0.005978010795282315,6.0,0.0013417909999873245,1.0,1.0,1.0,1.0,
circles,synthetic,knn_rbf,2.0,0.0954888112162893,0.1909776224325786,13.708976744929812,2,4.0905843360296246e-16,2,0.005978010795282315,6.0,0.0013417909999873245,1.0,1.0,1.0,1.0,
circles,synthetic,knn_rbf,2.0,0.0954888112162893,0.1909776224325786,13.708976744929812,3,0.005978010795282724,2,0.005978010795282315,6.0,0.0013417909999873245,1.0,1.0,1.0,1.0,
circles,synthetic,knn_rbf,2.0,0.0954888112162893,0.1909776224325786,13.708976744929812,4,0.006160517387958539,2,0.005978010795282315,6.0,0.0013417909999873245,1.0,1.0,1.0,1.0,
circles,synthetic,knn_rbf,2.0,0.0954888112162893,0.1909776224325786,13.708976744929812,5,0.009340384282507084,2,0.005978010795282315,6.0,0.0013417909999873245,1.0,1.0,1.0,1.0,
circles,synthetic,knn_rbf,2.0,0.0954888112162893,0.1909776224325786,13.708976744929812,6,0.009503660720985425,2,0.005978010795282315,6.0,0.0013417909999873245,1.0,1.0,1.0,1.0,
circles,synthetic,knn_rbf,2.0,0.0954888112162893,0.1909776224325786,13.708976744929812,7,0.022905938702220605,2,0.005978010795282315,6.0,0.0013417909999873245,1.0,1.0,1.0,1.0,
circles,synthetic,knn_rbf,2.0,0.0954888112162893,0.1909776224325786,13.708976744929812,8,0.024883737530735806,2,0.005978010795282315,6.0,0.0013417909999873245,1.0,1.0,1.0,1.0,
circles,synthetic,knn_rbf,2.0,0.0954888112162893,0.1909776224325786,13.708976744929812,9,0.03650012809028924,2,0.005978010795282315,6.0,0.0013417909999873245,1.0,1.0,1.0,1.0,
circles,synthetic,knn_rbf,2.0,0.0954888112162893,0.1909776224325786,13.708976744929812,10,0.03714415367191358,2,0.005978010795282315,6.0,0.0013417909999873245,1.0,1.0,1.0,1.0,
circles,synthetic,knn_rbf,2.0,0.0954888112162893,0.1909776224325786,13.708976744929812,11,0.04989427393549067,2,0.005978010795282315,6.0,0.0013417909999873245,1.0,1.0,1.0,1.0,
circles,synthetic,knn_rbf,2.0,0.0954888112162893,0.1909776224325786,13.708976744929812,12,0.05859496050474486,2,0.005978010795282315,6.0,0.0013417909999873245,1.0,1.0,1.0,1.0,
circles,synthetic,knn_rbf,3.0,0.0954888112162893,0.2864664336488679,6.092878553302137,1,-7.180921157193838e-17,2,0.006510345994383731,10.0,0.0013615830000048845,1.0,1.0,1.0,1.0,
circles,synthetic,knn_rbf,3.0,0.0954888112162893,0.2864664336488679,6.092878553302137,2,-2.6826637971793756e-17,2,0.006510345994383731,10.0,0.0013615830000048845,1.0,1.0,1.0,1.0,
circles,synthetic,knn_rbf,3.0,0.0954888112162893,0.2864664336488679,6.092878553302137,3,0.006510345994383704,2,0.006510345994383731,10.0,0.0013615830000048845,1.0,1.0,1.0,1.0,
circles,synthetic,knn_rbf,3.0,0.0954888112162893,0.2864664336488679,6.092878553302137,4,0.006736547867035261,2,0.006510345994383731,10.0,0.0013615830000048845,1.0,1.0,1.0,1.0,
circles,synthetic,knn_rbf,3.0,0.0954888112162893,0.2864664336488679,6.092878553302137,5,0.009611882692069732,2,0.006510345994383731,10.0,0.0013615830000048845,1.0,1.0,1.0,1.0,
circles,synthetic,knn_rbf,3.0,0.0954888112162893,0.2864664336488679,6.092878553302137,6,0.009793106326442917,2,0.006510345994383731,10.0,0.0013615830000048845,1.0,1.0,1.0,1.0,
circles,synthetic,knn_rbf,3.0,0.0954888112162893,0.2864664336488679,6.092878553302137,7,0.02528671322488448,2,0.006510345994383731,10.0,0.0013615830000048845,1.0,1.0,1.0,1.0,
circles,synthetic,knn_rbf,3.0,0.0954888112162893,0.2864664336488679,6.092878553302137,8,0.026907563911936955,2,0.006510345994383731,10.0,0.0013615830000048845,1.0,1.0,1.0,1.0,
circles,synthetic,knn_rbf,3.0,0.0954888112162893,0.2864664336488679,6.092878553302137,9,0.03731882923700599,2,0.006510345994383731,10.0,0.0013615830000048845,1.0,1.0,1.0,1.0,
circles,synthetic,knn_rbf,3.0,0.0954888112162893,0.2864664336488679,6.092878553302137,10,0.03860990603077123,2,0.006510345994383731,10.0,0.0013615830000048845,1.0,1.0,1.0,1.0,
circles,synthetic,knn_rbf,3.0,0.0954888112162893,0.2864664336488679,6.092878553302137,11,0.05460544459832526,2,0.006510345994383731,10.0,0.0013615830000048845,1.0,1.0,1.0,1.0,
circles,synthetic,knn_rbf,3.0,0.0954888112162893,0.2864664336488679,6.092878553302137,12,0.06330188451725079,2,0.006510345994383731,10.0,0.0013615830000048845,1.0,1.0,1.0,1.0,
circles,synthetic,knn_rbf,5.0,0.0954888112162893,0.47744405608144647,2.19343627918877,1,-6.888310216078367e-17,2,0.0067642046161428635,10.0,0.0012553749999995034,1.0,1.0,1.0,1.0,
circles,synthetic,knn_rbf,5.0,0.0954888112162893,0.47744405608144647,2.19343627918877,2,-9.796360043707491e-18,2,0.0067642046161428635,10.0,0.0012553749999995034,1.0,1.0,1.0,1.0,
circles,synthetic,knn_rbf,5.0,0.0954888112162893,0.47744405608144647,2.19343627918877,3,0.006764204616142854,2,0.0067642046161428635,10.0,0.0012553749999995034,1.0,1.0,1.0,1.0,
circles,synthetic,knn_rbf,5.0,0.0954888112162893,0.47744405608144647,2.19343627918877,4,0.0070600401422915016,2,0.0067642046161428635,10.0,0.0012553749999995034,1.0,1.0,1.0,1.0,
circles,synthetic,knn_rbf,5.0,0.0954888112162893,0.47744405608144647,2.19343627918877,5,0.009747415077957847,2,0.0067642046161428635,10.0,0.0012553749999995034,1.0,1.0,1.0,1.0,
circles,synthetic,knn_rbf,5.0,0.0954888112162893,0.47744405608144647,2.19343627918877,6,0.009945431269893593,2,0.0067642046161428635,10.0,0.0012553749999995034,1.0,1.0,1.0,1.0,
circles,synthetic,knn_rbf,5.0,0.0954888112162893,0.47744405608144647,2.19343627918877,7,0.026551595714313075,2,0.0067642046161428635,10.0,0.0012553749999995034,1.0,1.0,1.0,1.0,
circles,synthetic,knn_rbf,5.0,0.0954888112162893,0.47744405608144647,2.19343627918877,8,0.027944684664539934,2,0.0067642046161428635,10.0,0.0012553749999995034,1.0,1.0,1.0,1.0,
circles,synthetic,knn_rbf,5.0,0.0954888112162893,0.47744405608144647,2.19343627918877,9,0.0377307097416813,2,0.0067642046161428635,10.0,0.0012553749999995034,1.0,1.0,1.0,1.0,
circles,synthetic,knn_rbf,5.0,0.0954888112162893,0.47744405608144647,2.19343627918877,10,0.03938021625499507,2,0.0067642046161428635,10.0,0.0012553749999995034,1.0,1.0,1.0,1.0,
circles,synthetic,knn_rbf,5.0,0.0954888112162893,0.47744405608144647,2.19343627918877,11,0.057047876218277956,2,0.0067642046161428635,10.0,0.0012553749999995034,1.0,1.0,1.0,1.0,
circles,synthetic,knn_rbf,5.0,0.0954888112162893,0.47744405608144647,2.19343627918877,12,0.06571770491650333,2,0.0067642046161428635,10.0,0.0012553749999995034,1.0,1.0,1.0,1.0,
